Date,Product,Category,Units_Sold,Price,Stock_Level,Revenue,Promotion,Day_Of_Week,Month
2025-01-01,Polo Shirt,Shirts,18,35,334,630,0,2,1
2025-01-02,Polo Shirt,Shirts,22,35,312,770,0,3,1
2025-01-03,Polo Shirt,Shirts,22,35,290,770,0,4,1
2025-01-04,Polo Shirt,Shirts,30,35,260,1050,0,5,1
2025-01-05,Polo Shirt,Shirts,25,35,235,875,0,6,1
2025-01-06,Polo Shirt,Shirts,20,35,215,700,0,0,1
2025-01-07,Polo Shirt,Shirts,14,35,201,490,0,1,1
2025-01-08,Polo Shirt,Shirts,24,35,177,840,0,2,1
2025-01-09,Polo Shirt,Shirts,20,35,157,700,0,3,1
2025-01-10,Polo Shirt,Shirts,19,35,138,665,0,4,1
2025-01-11,Polo Shirt,Shirts,25,35,113,875,0,5,1
2025-01-12,Polo Shirt,Shirts,29,35,84,1015,0,6,1
2025-01-13,Polo Shirt,Shirts,22,35,282,770,0,0,1
2025-01-14,Polo Shirt,Shirts,20,35,262,700,0,1,1
2025-01-15,Polo Shirt,Shirts,22,35,240,770,0,2,1
2025-01-16,Polo Shirt,Shirts,23,35,217,805,0,3,1
2025-01-17,Polo Shirt,Shirts,19,35,198,665,0,4,1
2025-01-18,Polo Shirt,Shirts,25,35,173,875,0,5,1
2025-01-19,Polo Shirt,Shirts,26,35,147,910,0,6,1
2025-01-20,Polo Shirt,Shirts,23,35,124,805,0,0,1
2025-01-21,Polo Shirt,Shirts,20,35,104,700,0,1,1
2025-01-22,Polo Shirt,Shirts,26,35,281,910,0,2,1
2025-01-23,Polo Shirt,Shirts,24,35,257,840,0,3,1
2025-01-24,Polo Shirt,Shirts,22,35,235,770,0,4,1
2025-01-25,Polo Shirt,Shirts,27,35,208,945,0,5,1
2025-01-26,Polo Shirt,Shirts,26,35,182,910,0,6,1
2025-01-27,Polo Shirt,Shirts,20,35,162,700,0,0,1
2025-01-28,Polo Shirt,Shirts,25,35,137,875,0,1,1
2025-01-29,Polo Shirt,Shirts,22,35,115,770,0,2,1
2025-01-30,Polo Shirt,Shirts,20,35,95,700,0,3,1
2025-01-31,Polo Shirt,Shirts,26,35,331,910,1,4,1
2025-02-01,Polo Shirt,Shirts,29,35,302,1015,0,5,2
2025-02-02,Polo Shirt,Shirts,30,35,272,1050,0,6,2
2025-02-03,Polo Shirt,Shirts,24,35,248,840,0,0,2
2025-02-04,Polo Shirt,Shirts,17,35,231,595,0,1,2
2025-02-05,Polo Shirt,Shirts,25,35,206,875,0,2,2
2025-02-06,Polo Shirt,Shirts,25,35,181,875,0,3,2
2025-02-07,Polo Shirt,Shirts,19,35,162,665,0,4,2
2025-02-08,Polo Shirt,Shirts,32,35,130,1120,1,5,2
2025-02-09,Polo Shirt,Shirts,27,35,103,945,0,6,2
2025-02-10,Polo Shirt,Shirts,26,35,379,910,0,0,2
2025-02-11,Polo Shirt,Shirts,23,35,356,805,0,1,2
2025-02-12,Polo Shirt,Shirts,21,35,335,735,0,2,2
2025-02-13,Polo Shirt,Shirts,19,35,316,665,0,3,2
2025-02-14,Polo Shirt,Shirts,36,35,280,1260,1,4,2
2025-02-15,Polo Shirt,Shirts,24,35,256,840,0,5,2
2025-02-16,Polo Shirt,Shirts,30,35,226,1050,0,6,2
2025-02-17,Polo Shirt,Shirts,28,35,198,980,0,0,2
2025-02-18,Polo Shirt,Shirts,33,35,165,1155,1,1,2
2025-02-19,Polo Shirt,Shirts,31,35,134,1085,1,2,2
2025-02-20,Polo Shirt,Shirts,20,35,114,700,0,3,2
2025-02-21,Polo Shirt,Shirts,21,35,93,735,0,4,2
2025-02-22,Polo Shirt,Shirts,30,35,390,1050,0,5,2
2025-02-23,Polo Shirt,Shirts,26,35,364,910,0,6,2
2025-02-24,Polo Shirt,Shirts,26,35,338,910,1,0,2
2025-02-25,Polo Shirt,Shirts,21,35,317,735,0,1,2
2025-02-26,Polo Shirt,Shirts,22,35,295,770,0,2,2
2025-02-27,Polo Shirt,Shirts,22,35,273,770,0,3,2
2025-02-28,Polo Shirt,Shirts,17,35,256,595,0,4,2
2025-03-01,Polo Shirt,Shirts,26,35,230,910,0,5,3
2025-03-02,Polo Shirt,Shirts,27,35,203,945,0,6,3
2025-03-03,Polo Shirt,Shirts,23,35,180,805,0,0,3
2025-03-04,Polo Shirt,Shirts,22,35,158,770,0,1,3
2025-03-05,Polo Shirt,Shirts,28,35,130,980,1,2,3
2025-03-06,Polo Shirt,Shirts,16,35,114,560,0,3,3
2025-03-07,Polo Shirt,Shirts,21,35,93,735,0,4,3
2025-03-08,Polo Shirt,Shirts,27,35,319,945,0,5,3
2025-03-09,Polo Shirt,Shirts,34,35,285,1190,0,6,3
2025-03-10,Polo Shirt,Shirts,26,35,259,910,0,0,3
2025-03-11,Polo Shirt,Shirts,25,35,234,875,0,1,3
2025-03-12,Polo Shirt,Shirts,28,35,206,980,0,2,3
2025-03-13,Polo Shirt,Shirts,25,35,181,875,0,3,3
2025-03-14,Polo Shirt,Shirts,24,35,157,840,0,4,3
2025-03-15,Polo Shirt,Shirts,25,35,132,875,0,5,3
2025-03-16,Polo Shirt,Shirts,39,35,93,1365,1,6,3
2025-03-17,Polo Shirt,Shirts,20,35,396,700,0,0,3
2025-03-18,Polo Shirt,Shirts,24,35,372,840,0,1,3
2025-03-19,Polo Shirt,Shirts,23,35,349,805,0,2,3
2025-03-20,Polo Shirt,Shirts,24,35,325,840,0,3,3
2025-03-21,Polo Shirt,Shirts,23,35,302,805,0,4,3
2025-03-22,Polo Shirt,Shirts,27,35,275,945,0,5,3
2025-03-23,Polo Shirt,Shirts,29,35,246,1015,0,6,3
2025-03-24,Polo Shirt,Shirts,25,35,221,875,0,0,3
2025-03-25,Polo Shirt,Shirts,24,35,197,840,0,1,3
2025-03-26,Polo Shirt,Shirts,18,35,179,630,0,2,3
2025-03-27,Polo Shirt,Shirts,24,35,155,840,0,3,3
2025-03-28,Polo Shirt,Shirts,23,35,132,805,1,4,3
2025-03-29,Polo Shirt,Shirts,36,35,96,1260,1,5,3
2025-03-30,Polo Shirt,Shirts,38,35,266,1330,1,6,3
2025-03-31,Polo Shirt,Shirts,22,35,244,770,0,0,3
2025-04-01,Polo Shirt,Shirts,22,35,222,770,0,1,4
2025-04-02,Polo Shirt,Shirts,22,35,200,770,0,2,4
2025-04-03,Polo Shirt,Shirts,30,35,170,1050,1,3,4
2025-04-04,Polo Shirt,Shirts,25,35,145,875,0,4,4
2025-04-05,Polo Shirt,Shirts,24,35,121,840,0,5,4
2025-04-06,Polo Shirt,Shirts,24,35,97,840,0,6,4
2025-04-07,Polo Shirt,Shirts,21,35,323,735,0,0,4
2025-04-08,Polo Shirt,Shirts,20,35,303,700,0,1,4
2025-04-09,Polo Shirt,Shirts,23,35,280,805,0,2,4
2025-04-10,Polo Shirt,Shirts,24,35,256,840,0,3,4
2025-04-11,Polo Shirt,Shirts,17,35,239,595,0,4,4
2025-04-12,Polo Shirt,Shirts,25,35,214,875,0,5,4
2025-04-13,Polo Shirt,Shirts,38,35,176,1330,1,6,4
2025-04-14,Polo Shirt,Shirts,21,35,155,735,0,0,4
2025-04-15,Polo Shirt,Shirts,30,35,125,1050,0,1,4
2025-04-16,Polo Shirt,Shirts,22,35,103,770,0,2,4
2025-04-17,Polo Shirt,Shirts,19,35,84,665,0,3,4
2025-04-18,Polo Shirt,Shirts,24,35,308,840,0,4,4
2025-04-19,Polo Shirt,Shirts,27,35,281,945,0,5,4
2025-04-20,Polo Shirt,Shirts,28,35,253,980,0,6,4
2025-04-21,Polo Shirt,Shirts,30,35,223,1050,1,0,4
2025-04-22,Polo Shirt,Shirts,16,35,207,560,0,1,4
2025-04-23,Polo Shirt,Shirts,27,35,180,945,1,2,4
2025-04-24,Polo Shirt,Shirts,20,35,160,700,0,3,4
2025-04-25,Polo Shirt,Shirts,15,35,145,525,0,4,4
2025-04-26,Polo Shirt,Shirts,26,35,119,910,0,5,4
2025-04-27,Polo Shirt,Shirts,29,35,90,1015,0,6,4
2025-04-28,Polo Shirt,Shirts,18,35,398,630,0,0,4
2025-04-29,Polo Shirt,Shirts,23,35,375,805,0,1,4
2025-04-30,Polo Shirt,Shirts,23,35,352,805,0,2,4
2025-05-01,Polo Shirt,Shirts,17,35,335,595,0,3,5
2025-05-02,Polo Shirt,Shirts,19,35,316,665,0,4,5
2025-05-03,Polo Shirt,Shirts,29,35,287,1015,0,5,5
2025-05-04,Polo Shirt,Shirts,39,35,248,1365,0,6,5
2025-05-05,Polo Shirt,Shirts,24,35,224,840,0,0,5
2025-05-06,Polo Shirt,Shirts,30,35,194,1050,1,1,5
2025-05-07,Polo Shirt,Shirts,19,35,175,665,0,2,5
2025-05-08,Polo Shirt,Shirts,21,35,154,735,0,3,5
2025-05-09,Polo Shirt,Shirts,28,35,126,980,0,4,5
2025-05-10,Polo Shirt,Shirts,21,35,105,735,0,5,5
2025-05-11,Polo Shirt,Shirts,26,35,466,910,0,6,5
2025-05-12,Polo Shirt,Shirts,25,35,441,875,0,0,5
2025-05-13,Polo Shirt,Shirts,25,35,416,875,0,1,5
2025-05-14,Polo Shirt,Shirts,21,35,395,735,0,2,5
2025-05-15,Polo Shirt,Shirts,19,35,376,665,0,3,5
2025-05-16,Polo Shirt,Shirts,23,35,353,805,0,4,5
2025-05-17,Polo Shirt,Shirts,31,35,322,1085,1,5,5
2025-05-18,Polo Shirt,Shirts,21,35,301,735,0,6,5
2025-05-19,Polo Shirt,Shirts,27,35,274,945,0,0,5
2025-05-20,Polo Shirt,Shirts,19,35,255,665,0,1,5
2025-05-21,Polo Shirt,Shirts,23,35,232,805,1,2,5
2025-05-22,Polo Shirt,Shirts,20,35,212,700,0,3,5
2025-05-23,Polo Shirt,Shirts,22,35,190,770,0,4,5
2025-05-24,Polo Shirt,Shirts,29,35,161,1015,0,5,5
2025-05-25,Polo Shirt,Shirts,32,35,129,1120,0,6,5
2025-05-26,Polo Shirt,Shirts,20,35,109,700,0,0,5
2025-05-27,Polo Shirt,Shirts,19,35,90,665,0,1,5
2025-05-28,Polo Shirt,Shirts,21,35,362,735,0,2,5
2025-05-29,Polo Shirt,Shirts,27,35,335,945,1,3,5
2025-05-30,Polo Shirt,Shirts,27,35,308,945,0,4,5
2025-05-31,Polo Shirt,Shirts,23,35,285,805,0,5,5
2025-06-01,Polo Shirt,Shirts,32,35,253,1120,0,6,6
2025-06-02,Polo Shirt,Shirts,31,35,222,1085,0,0,6
2025-06-03,Polo Shirt,Shirts,30,35,192,1050,0,1,6
2025-06-04,Polo Shirt,Shirts,26,35,166,910,0,2,6
2025-06-05,Polo Shirt,Shirts,41,35,125,1435,1,3,6
2025-06-06,Polo Shirt,Shirts,25,35,100,875,0,4,6
2025-06-07,Polo Shirt,Shirts,33,35,350,1155,0,5,6
2025-06-08,Polo Shirt,Shirts,37,35,313,1295,0,6,6
2025-06-09,Polo Shirt,Shirts,22,35,291,770,0,0,6
2025-06-10,Polo Shirt,Shirts,25,35,266,875,0,1,6
2025-06-11,Polo Shirt,Shirts,36,35,230,1260,1,2,6
2025-06-12,Polo Shirt,Shirts,35,35,195,1225,1,3,6
2025-06-13,Polo Shirt,Shirts,24,35,171,840,0,4,6
2025-06-14,Polo Shirt,Shirts,31,35,140,1085,0,5,6
2025-06-15,Polo Shirt,Shirts,35,35,105,1225,0,6,6
2025-06-16,Polo Shirt,Shirts,29,35,439,1015,0,0,6
2025-06-17,Polo Shirt,Shirts,27,35,412,945,0,1,6
2025-06-18,Polo Shirt,Shirts,27,35,385,945,1,2,6
2025-06-19,Polo Shirt,Shirts,30,35,355,1050,0,3,6
2025-06-20,Polo Shirt,Shirts,24,35,331,840,0,4,6
2025-06-21,Polo Shirt,Shirts,34,35,297,1190,0,5,6
2025-06-22,Polo Shirt,Shirts,33,35,264,1155,0,6,6
2025-06-23,Polo Shirt,Shirts,29,35,235,1015,0,0,6
2025-06-24,Polo Shirt,Shirts,23,35,212,805,0,1,6
2025-06-25,Polo Shirt,Shirts,28,35,184,980,0,2,6
2025-06-26,Polo Shirt,Shirts,19,35,165,665,0,3,6
2025-06-27,Polo Shirt,Shirts,26,35,139,910,0,4,6
2025-06-28,Polo Shirt,Shirts,31,35,108,1085,0,5,6
2025-06-29,Polo Shirt,Shirts,45,35,390,1575,1,6,6
2025-06-30,Polo Shirt,Shirts,23,35,367,805,0,0,6
2025-07-01,Polo Shirt,Shirts,26,35,341,910,0,1,7
2025-07-02,Polo Shirt,Shirts,22,35,319,770,0,2,7
2025-07-03,Polo Shirt,Shirts,35,35,284,1225,1,3,7
2025-07-04,Polo Shirt,Shirts,31,35,253,1085,0,4,7
2025-07-05,Polo Shirt,Shirts,44,35,209,1540,1,5,7
2025-07-06,Polo Shirt,Shirts,33,35,176,1155,0,6,7
2025-07-07,Polo Shirt,Shirts,26,35,150,910,0,0,7
2025-07-08,Polo Shirt,Shirts,24,35,126,840,0,1,7
2025-07-09,Polo Shirt,Shirts,30,35,96,1050,1,2,7
2025-07-10,Polo Shirt,Shirts,21,35,410,735,0,3,7
2025-07-11,Polo Shirt,Shirts,26,35,384,910,0,4,7
2025-07-12,Polo Shirt,Shirts,30,35,354,1050,0,5,7
2025-07-13,Polo Shirt,Shirts,32,35,322,1120,0,6,7
2025-07-14,Polo Shirt,Shirts,28,35,294,980,0,0,7
2025-07-15,Polo Shirt,Shirts,25,35,269,875,0,1,7
2025-07-16,Polo Shirt,Shirts,26,35,243,910,0,2,7
2025-07-17,Polo Shirt,Shirts,25,35,218,875,0,3,7
2025-07-18,Polo Shirt,Shirts,27,35,191,945,0,4,7
2025-07-19,Polo Shirt,Shirts,30,35,161,1050,0,5,7
2025-07-20,Polo Shirt,Shirts,32,35,129,1120,0,6,7
2025-07-21,Polo Shirt,Shirts,27,35,102,945,0,0,7
2025-07-22,Polo Shirt,Shirts,34,35,431,1190,1,1,7
2025-07-23,Polo Shirt,Shirts,26,35,405,910,0,2,7
2025-07-24,Polo Shirt,Shirts,41,35,364,1435,1,3,7
2025-07-25,Polo Shirt,Shirts,27,35,337,945,0,4,7
2025-07-26,Polo Shirt,Shirts,36,35,301,1260,0,5,7
2025-07-27,Polo Shirt,Shirts,48,35,253,1680,1,6,7
2025-07-28,Polo Shirt,Shirts,26,35,227,910,0,0,7
2025-07-29,Polo Shirt,Shirts,29,35,198,1015,0,1,7
2025-07-30,Polo Shirt,Shirts,25,35,173,875,0,2,7
2025-07-31,Polo Shirt,Shirts,22,35,151,770,0,3,7
2025-08-01,Polo Shirt,Shirts,20,35,131,700,0,4,8
2025-08-02,Polo Shirt,Shirts,34,35,97,1190,0,5,8
2025-08-03,Polo Shirt,Shirts,35,35,455,1225,0,6,8
2025-08-04,Polo Shirt,Shirts,30,35,425,1050,0,0,8
2025-08-05,Polo Shirt,Shirts,30,35,395,1050,1,1,8
2025-08-06,Polo Shirt,Shirts,26,35,369,910,0,2,8
2025-08-07,Polo Shirt,Shirts,27,35,342,945,0,3,8
2025-08-08,Polo Shirt,Shirts,26,35,316,910,0,4,8
2025-08-09,Polo Shirt,Shirts,36,35,280,1260,0,5,8
2025-08-10,Polo Shirt,Shirts,31,35,249,1085,0,6,8
2025-08-11,Polo Shirt,Shirts,27,35,222,945,0,0,8
2025-08-12,Polo Shirt,Shirts,32,35,190,1120,0,1,8
2025-08-13,Polo Shirt,Shirts,39,35,151,1365,1,2,8
2025-08-14,Polo Shirt,Shirts,28,35,123,980,0,3,8
2025-08-15,Polo Shirt,Shirts,24,35,99,840,0,4,8
2025-08-16,Polo Shirt,Shirts,31,35,440,1085,0,5,8
2025-08-17,Polo Shirt,Shirts,35,35,405,1225,0,6,8
2025-08-18,Polo Shirt,Shirts,23,35,382,805,0,0,8
2025-08-19,Polo Shirt,Shirts,27,35,355,945,0,1,8
2025-08-20,Polo Shirt,Shirts,24,35,331,840,0,2,8
2025-08-21,Polo Shirt,Shirts,29,35,302,1015,0,3,8
2025-08-22,Polo Shirt,Shirts,26,35,276,910,0,4,8
2025-08-23,Polo Shirt,Shirts,32,35,244,1120,0,5,8
2025-08-24,Polo Shirt,Shirts,35,35,209,1225,0,6,8
2025-08-25,Polo Shirt,Shirts,28,35,181,980,0,0,8
2025-08-26,Polo Shirt,Shirts,30,35,151,1050,0,1,8
2025-08-27,Polo Shirt,Shirts,29,35,122,1015,0,2,8
2025-08-28,Polo Shirt,Shirts,21,35,101,735,0,3,8
2025-08-29,Polo Shirt,Shirts,25,35,441,875,0,4,8
2025-08-30,Polo Shirt,Shirts,35,35,406,1225,0,5,8
2025-08-31,Polo Shirt,Shirts,43,35,363,1505,1,6,8
2025-09-01,Polo Shirt,Shirts,16,35,347,560,0,0,9
2025-09-02,Polo Shirt,Shirts,25,35,322,875,0,1,9
2025-09-03,Polo Shirt,Shirts,21,35,301,735,0,2,9
2025-09-04,Polo Shirt,Shirts,22,35,279,770,0,3,9
2025-09-05,Polo Shirt,Shirts,20,35,259,700,0,4,9
2025-09-06,Polo Shirt,Shirts,22,35,237,770,0,5,9
2025-09-07,Polo Shirt,Shirts,30,35,207,1050,0,6,9
2025-09-08,Polo Shirt,Shirts,16,35,191,560,0,0,9
2025-09-09,Polo Shirt,Shirts,26,35,165,910,0,1,9
2025-09-10,Polo Shirt,Shirts,19,35,146,665,0,2,9
2025-09-11,Polo Shirt,Shirts,33,35,113,1155,1,3,9
2025-09-12,Polo Shirt,Shirts,22,35,91,770,0,4,9
2025-09-13,Polo Shirt,Shirts,28,35,283,980,0,5,9
2025-09-14,Polo Shirt,Shirts,25,35,258,875,0,6,9
2025-09-15,Polo Shirt,Shirts,20,35,238,700,0,0,9
2025-09-16,Polo Shirt,Shirts,17,35,221,595,0,1,9
2025-09-17,Polo Shirt,Shirts,21,35,200,735,0,2,9
2025-09-18,Polo Shirt,Shirts,21,35,179,735,0,3,9
2025-09-19,Polo Shirt,Shirts,22,35,157,770,0,4,9
2025-09-20,Polo Shirt,Shirts,30,35,127,1050,0,5,9
2025-09-21,Polo Shirt,Shirts,25,35,102,875,0,6,9
2025-09-22,Polo Shirt,Shirts,20,35,82,700,0,0,9
2025-09-23,Polo Shirt,Shirts,18,35,291,630,0,1,9
2025-09-24,Polo Shirt,Shirts,26,35,265,910,0,2,9
2025-09-25,Polo Shirt,Shirts,21,35,244,735,0,3,9
2025-09-26,Polo Shirt,Shirts,23,35,221,805,0,4,9
2025-09-27,Polo Shirt,Shirts,28,35,193,980,0,5,9
2025-09-28,Polo Shirt,Shirts,27,35,166,945,0,6,9
2025-09-29,Polo Shirt,Shirts,19,35,147,665,0,0,9
2025-09-30,Polo Shirt,Shirts,19,35,128,665,0,1,9
2025-10-01,Polo Shirt,Shirts,17,35,111,595,0,2,10
2025-10-02,Polo Shirt,Shirts,20,35,91,700,0,3,10
2025-10-03,Polo Shirt,Shirts,18,35,417,630,0,4,10
2025-10-04,Polo Shirt,Shirts,20,35,397,700,0,5,10
2025-10-05,Polo Shirt,Shirts,26,35,371,910,0,6,10
2025-10-06,Polo Shirt,Shirts,26,35,345,910,0,0,10
2025-10-07,Polo Shirt,Shirts,23,35,322,805,0,1,10
2025-10-08,Polo Shirt,Shirts,15,35,307,525,0,2,10
2025-10-09,Polo Shirt,Shirts,25,35,282,875,0,3,10
2025-10-10,Polo Shirt,Shirts,24,35,258,840,1,4,10
2025-10-11,Polo Shirt,Shirts,29,35,229,1015,0,5,10
2025-10-12,Polo Shirt,Shirts,25,35,204,875,0,6,10
2025-10-13,Polo Shirt,Shirts,18,35,186,630,0,0,10
2025-10-14,Polo Shirt,Shirts,29,35,157,1015,1,1,10
2025-10-15,Polo Shirt,Shirts,31,35,126,1085,1,2,10
2025-10-16,Polo Shirt,Shirts,21,35,105,735,0,3,10
2025-10-17,Polo Shirt,Shirts,23,35,82,805,0,4,10
2025-10-18,Polo Shirt,Shirts,28,35,279,980,0,5,10
2025-10-19,Polo Shirt,Shirts,32,35,247,1120,0,6,10
2025-10-20,Polo Shirt,Shirts,20,35,227,700,0,0,10
2025-10-21,Polo Shirt,Shirts,18,35,209,630,0,1,10
2025-10-22,Polo Shirt,Shirts,20,35,189,700,0,2,10
2025-10-23,Polo Shirt,Shirts,21,35,168,735,0,3,10
2025-10-24,Polo Shirt,Shirts,18,35,150,630,0,4,10
2025-10-25,Polo Shirt,Shirts,28,35,122,980,0,5,10
2025-10-26,Polo Shirt,Shirts,27,35,95,945,0,6,10
2025-10-27,Polo Shirt,Shirts,20,35,425,700,0,0,10
2025-10-28,Polo Shirt,Shirts,23,35,402,805,0,1,10
2025-10-29,Polo Shirt,Shirts,18,35,384,630,0,2,10
2025-10-30,Polo Shirt,Shirts,29,35,355,1015,0,3,10
2025-10-31,Polo Shirt,Shirts,20,35,335,700,0,4,10
2025-11-01,Polo Shirt,Shirts,39,35,296,1365,0,5,11
2025-11-02,Polo Shirt,Shirts,40,35,256,1400,0,6,11
2025-11-03,Polo Shirt,Shirts,42,35,214,1470,1,0,11
2025-11-04,Polo Shirt,Shirts,30,35,184,1050,0,1,11
2025-11-05,Polo Shirt,Shirts,32,35,152,1120,0,2,11
2025-11-06,Polo Shirt,Shirts,32,35,120,1120,0,3,11
2025-11-07,Polo Shirt,Shirts,29,35,91,1015,0,4,11
2025-11-08,Polo Shirt,Shirts,39,35,329,1365,0,5,11
2025-11-09,Polo Shirt,Shirts,41,35,288,1435,0,6,11
2025-11-10,Polo Shirt,Shirts,29,35,259,1015,0,0,11
2025-11-11,Polo Shirt,Shirts,24,35,235,840,0,1,11
2025-11-12,Polo Shirt,Shirts,27,35,208,945,0,2,11
2025-11-13,Polo Shirt,Shirts,30,35,178,1050,0,3,11
2025-11-14,Polo Shirt,Shirts,35,35,143,1225,0,4,11
2025-11-15,Polo Shirt,Shirts,52,35,91,1820,1,5,11
2025-11-16,Polo Shirt,Shirts,43,35,426,1505,1,6,11
2025-11-17,Polo Shirt,Shirts,25,35,401,875,0,0,11
2025-11-18,Polo Shirt,Shirts,28,35,373,980,0,1,11
2025-11-19,Polo Shirt,Shirts,35,35,338,1225,0,2,11
2025-11-20,Polo Shirt,Shirts,30,35,308,1050,0,3,11
2025-11-21,Polo Shirt,Shirts,42,35,266,1470,1,4,11
2025-11-22,Polo Shirt,Shirts,41,35,225,1435,0,5,11
2025-11-23,Polo Shirt,Shirts,40,35,185,1400,0,6,11
2025-11-24,Polo Shirt,Shirts,28,35,157,980,0,0,11
2025-11-25,Polo Shirt,Shirts,31,35,126,1085,0,1,11
2025-11-26,Polo Shirt,Shirts,27,35,99,945,0,2,11
2025-11-27,Polo Shirt,Shirts,30,35,404,1050,0,3,11
2025-11-28,Polo Shirt,Shirts,38,35,366,1330,0,4,11
2025-11-29,Polo Shirt,Shirts,41,35,325,1435,0,5,11
2025-11-30,Polo Shirt,Shirts,41,35,284,1435,0,6,11
2025-12-01,Polo Shirt,Shirts,25,35,259,875,0,0,12
2025-12-02,Polo Shirt,Shirts,31,35,228,1085,0,1,12
2025-12-03,Polo Shirt,Shirts,31,35,197,1085,0,2,12
2025-12-04,Polo Shirt,Shirts,33,35,164,1155,0,3,12
2025-12-05,Polo Shirt,Shirts,31,35,133,1085,0,4,12
2025-12-06,Polo Shirt,Shirts,46,35,87,1610,0,5,12
2025-12-07,Polo Shirt,Shirts,43,35,363,1505,0,6,12
2025-12-08,Polo Shirt,Shirts,32,35,331,1120,0,0,12
2025-12-09,Polo Shirt,Shirts,28,35,303,980,0,1,12
2025-12-10,Polo Shirt,Shirts,34,35,269,1190,0,2,12
2025-12-11,Polo Shirt,Shirts,28,35,241,980,0,3,12
2025-12-12,Polo Shirt,Shirts,29,35,212,1015,0,4,12
2025-12-13,Polo Shirt,Shirts,34,35,178,1190,0,5,12
2025-12-14,Polo Shirt,Shirts,35,35,143,1225,0,6,12
2025-12-15,Polo Shirt,Shirts,34,35,109,1190,0,0,12
2025-12-16,Polo Shirt,Shirts,28,35,81,980,0,1,12
2025-12-17,Polo Shirt,Shirts,28,35,277,980,0,2,12
2025-12-18,Polo Shirt,Shirts,40,35,237,1400,1,3,12
2025-12-19,Polo Shirt,Shirts,35,35,202,1225,1,4,12
2025-12-20,Polo Shirt,Shirts,41,35,161,1435,1,5,12
2025-12-21,Polo Shirt,Shirts,39,35,122,1365,0,6,12
2025-12-22,Polo Shirt,Shirts,26,35,96,910,0,0,12
2025-12-23,Polo Shirt,Shirts,33,35,412,1155,0,1,12
2025-12-24,Polo Shirt,Shirts,28,35,384,980,0,2,12
2025-12-25,Polo Shirt,Shirts,32,35,352,1120,0,3,12
2025-12-26,Polo Shirt,Shirts,30,35,322,1050,0,4,12
2025-12-27,Polo Shirt,Shirts,38,35,284,1330,0,5,12
2025-12-28,Polo Shirt,Shirts,41,35,243,1435,0,6,12
2025-12-29,Polo Shirt,Shirts,28,35,215,980,0,0,12
2025-12-30,Polo Shirt,Shirts,25,35,190,875,0,1,12
2025-12-31,Polo Shirt,Shirts,29,35,161,1015,0,2,12
2025-01-01,Chino Pants,Pants,13,45,285,585,0,2,1
2025-01-02,Chino Pants,Pants,15,45,270,675,0,3,1
2025-01-03,Chino Pants,Pants,22,45,248,990,0,4,1
2025-01-04,Chino Pants,Pants,20,45,228,900,0,5,1
2025-01-05,Chino Pants,Pants,33,45,195,1485,0,6,1
2025-01-06,Chino Pants,Pants,19,45,176,855,0,0,1
2025-01-07,Chino Pants,Pants,17,45,159,765,0,1,1
2025-01-08,Chino Pants,Pants,21,45,138,945,0,2,1
2025-01-09,Chino Pants,Pants,19,45,119,855,0,3,1
2025-01-10,Chino Pants,Pants,19,45,100,855,0,4,1
2025-01-11,Chino Pants,Pants,28,45,338,1260,0,5,1
2025-01-12,Chino Pants,Pants,25,45,313,1125,0,6,1
2025-01-13,Chino Pants,Pants,19,45,294,855,0,0,1
2025-01-14,Chino Pants,Pants,18,45,276,810,0,1,1
2025-01-15,Chino Pants,Pants,19,45,257,855,0,2,1
2025-01-16,Chino Pants,Pants,20,45,237,900,0,3,1
2025-01-17,Chino Pants,Pants,20,45,217,900,0,4,1
2025-01-18,Chino Pants,Pants,23,45,194,1035,0,5,1
2025-01-19,Chino Pants,Pants,29,45,165,1305,1,6,1
2025-01-20,Chino Pants,Pants,14,45,151,630,0,0,1
2025-01-21,Chino Pants,Pants,31,45,120,1395,1,1,1
2025-01-22,Chino Pants,Pants,16,45,104,720,0,2,1
2025-01-23,Chino Pants,Pants,17,45,87,765,0,3,1
2025-01-24,Chino Pants,Pants,22,45,430,990,0,4,1
2025-01-25,Chino Pants,Pants,20,45,410,900,0,5,1
2025-01-26,Chino Pants,Pants,23,45,387,1035,0,6,1
2025-01-27,Chino Pants,Pants,27,45,360,1215,1,0,1
2025-01-28,Chino Pants,Pants,20,45,340,900,0,1,1
2025-01-29,Chino Pants,Pants,23,45,317,1035,1,2,1
2025-01-30,Chino Pants,Pants,19,45,298,855,0,3,1
2025-01-31,Chino Pants,Pants,15,45,283,675,0,4,1
2025-02-01,Chino Pants,Pants,22,45,261,990,0,5,2
2025-02-02,Chino Pants,Pants,29,45,232,1305,0,6,2
2025-02-03,Chino Pants,Pants,16,45,216,720,0,0,2
2025-02-04,Chino Pants,Pants,25,45,191,1125,1,1,2
2025-02-05,Chino Pants,Pants,22,45,169,990,0,2,2
2025-02-06,Chino Pants,Pants,21,45,148,945,0,3,2
2025-02-07,Chino Pants,Pants,17,45,131,765,0,4,2
2025-02-08,Chino Pants,Pants,24,45,107,1080,0,5,2
2025-02-09,Chino Pants,Pants,23,45,84,1035,0,6,2
2025-02-10,Chino Pants,Pants,20,45,290,900,0,0,2
2025-02-11,Chino Pants,Pants,26,45,264,1170,1,1,2
2025-02-12,Chino Pants,Pants,22,45,242,990,0,2,2
2025-02-13,Chino Pants,Pants,14,45,228,630,0,3,2
2025-02-14,Chino Pants,Pants,16,45,212,720,0,4,2
2025-02-15,Chino Pants,Pants,26,45,186,1170,0,5,2
2025-02-16,Chino Pants,Pants,22,45,164,990,0,6,2
2025-02-17,Chino Pants,Pants,18,45,146,810,0,0,2
2025-02-18,Chino Pants,Pants,15,45,131,675,0,1,2
2025-02-19,Chino Pants,Pants,17,45,114,765,0,2,2
2025-02-20,Chino Pants,Pants,23,45,91,1035,0,3,2
2025-02-21,Chino Pants,Pants,21,45,338,945,0,4,2
2025-02-22,Chino Pants,Pants,25,45,313,1125,0,5,2
2025-02-23,Chino Pants,Pants,21,45,292,945,0,6,2
2025-02-24,Chino Pants,Pants,20,45,272,900,0,0,2
2025-02-25,Chino Pants,Pants,18,45,254,810,0,1,2
2025-02-26,Chino Pants,Pants,26,45,228,1170,0,2,2
2025-02-27,Chino Pants,Pants,24,45,204,1080,0,3,2
2025-02-28,Chino Pants,Pants,17,45,187,765,0,4,2
2025-03-01,Chino Pants,Pants,27,45,160,1215,0,5,3
2025-03-02,Chino Pants,Pants,30,45,130,1350,1,6,3
2025-03-03,Chino Pants,Pants,20,45,110,900,0,0,3
2025-03-04,Chino Pants,Pants,25,45,85,1125,0,1,3
2025-03-05,Chino Pants,Pants,28,45,337,1260,1,2,3
2025-03-06,Chino Pants,Pants,23,45,314,1035,0,3,3
2025-03-07,Chino Pants,Pants,18,45,296,810,0,4,3
2025-03-08,Chino Pants,Pants,26,45,270,1170,0,5,3
2025-03-09,Chino Pants,Pants,27,45,243,1215,0,6,3
2025-03-10,Chino Pants,Pants,20,45,223,900,0,0,3
2025-03-11,Chino Pants,Pants,21,45,202,945,0,1,3
2025-03-12,Chino Pants,Pants,25,45,177,1125,1,2,3
2025-03-13,Chino Pants,Pants,29,45,148,1305,1,3,3
2025-03-14,Chino Pants,Pants,19,45,129,855,0,4,3
2025-03-15,Chino Pants,Pants,20,45,109,900,0,5,3
2025-03-16,Chino Pants,Pants,26,45,83,1170,0,6,3
2025-03-17,Chino Pants,Pants,16,45,449,720,0,0,3
2025-03-18,Chino Pants,Pants,23,45,426,1035,0,1,3
2025-03-19,Chino Pants,Pants,20,45,406,900,0,2,3
2025-03-20,Chino Pants,Pants,24,45,382,1080,0,3,3
2025-03-21,Chino Pants,Pants,12,45,370,540,0,4,3
2025-03-22,Chino Pants,Pants,34,45,336,1530,1,5,3
2025-03-23,Chino Pants,Pants,25,45,311,1125,0,6,3
2025-03-24,Chino Pants,Pants,19,45,292,855,0,0,3
2025-03-25,Chino Pants,Pants,21,45,271,945,0,1,3
2025-03-26,Chino Pants,Pants,19,45,252,855,0,2,3
2025-03-27,Chino Pants,Pants,19,45,233,855,0,3,3
2025-03-28,Chino Pants,Pants,18,45,215,810,0,4,3
2025-03-29,Chino Pants,Pants,22,45,193,990,0,5,3
2025-03-30,Chino Pants,Pants,24,45,169,1080,0,6,3
2025-03-31,Chino Pants,Pants,14,45,155,630,0,0,3
2025-04-01,Chino Pants,Pants,25,45,130,1125,1,1,4
2025-04-02,Chino Pants,Pants,15,45,115,675,0,2,4
2025-04-03,Chino Pants,Pants,27,45,88,1215,1,3,4
2025-04-04,Chino Pants,Pants,19,45,464,855,0,4,4
2025-04-05,Chino Pants,Pants,22,45,442,990,0,5,4
2025-04-06,Chino Pants,Pants,35,45,407,1575,1,6,4
2025-04-07,Chino Pants,Pants,25,45,382,1125,1,0,4
2025-04-08,Chino Pants,Pants,16,45,366,720,0,1,4
2025-04-09,Chino Pants,Pants,27,45,339,1215,1,2,4
2025-04-10,Chino Pants,Pants,20,45,319,900,0,3,4
2025-04-11,Chino Pants,Pants,21,45,298,945,0,4,4
2025-04-12,Chino Pants,Pants,23,45,275,1035,0,5,4
2025-04-13,Chino Pants,Pants,23,45,252,1035,0,6,4
2025-04-14,Chino Pants,Pants,18,45,234,810,0,0,4
2025-04-15,Chino Pants,Pants,23,45,211,1035,0,1,4
2025-04-16,Chino Pants,Pants,30,45,181,1350,1,2,4
2025-04-17,Chino Pants,Pants,18,45,163,810,0,3,4
2025-04-18,Chino Pants,Pants,18,45,145,810,0,4,4
2025-04-19,Chino Pants,Pants,26,45,119,1170,0,5,4
2025-04-20,Chino Pants,Pants,29,45,90,1305,0,6,4
2025-04-21,Chino Pants,Pants,25,45,369,1125,0,0,4
2025-04-22,Chino Pants,Pants,19,45,350,855,0,1,4
2025-04-23,Chino Pants,Pants,14,45,336,630,0,2,4
2025-04-24,Chino Pants,Pants,25,45,311,1125,1,3,4
2025-04-25,Chino Pants,Pants,25,45,286,1125,1,4,4
2025-04-26,Chino Pants,Pants,22,45,264,990,0,5,4
2025-04-27,Chino Pants,Pants,22,45,242,990,0,6,4
2025-04-28,Chino Pants,Pants,20,45,222,900,0,0,4
2025-04-29,Chino Pants,Pants,24,45,198,1080,1,1,4
2025-04-30,Chino Pants,Pants,22,45,176,990,0,2,4
2025-05-01,Chino Pants,Pants,20,45,156,900,0,3,5
2025-05-02,Chino Pants,Pants,23,45,133,1035,0,4,5
2025-05-03,Chino Pants,Pants,25,45,108,1125,0,5,5
2025-05-04,Chino Pants,Pants,23,45,85,1035,0,6,5
2025-05-05,Chino Pants,Pants,21,45,311,945,0,0,5
2025-05-06,Chino Pants,Pants,21,45,290,945,0,1,5
2025-05-07,Chino Pants,Pants,22,45,268,990,0,2,5
2025-05-08,Chino Pants,Pants,18,45,250,810,0,3,5
2025-05-09,Chino Pants,Pants,27,45,223,1215,1,4,5
2025-05-10,Chino Pants,Pants,31,45,192,1395,1,5,5
2025-05-11,Chino Pants,Pants,22,45,170,990,0,6,5
2025-05-12,Chino Pants,Pants,21,45,149,945,0,0,5
2025-05-13,Chino Pants,Pants,21,45,128,945,0,1,5
2025-05-14,Chino Pants,Pants,22,45,106,990,0,2,5
2025-05-15,Chino Pants,Pants,21,45,85,945,1,3,5
2025-05-16,Chino Pants,Pants,22,45,350,990,0,4,5
2025-05-17,Chino Pants,Pants,20,45,330,900,0,5,5
2025-05-18,Chino Pants,Pants,28,45,302,1260,0,6,5
2025-05-19,Chino Pants,Pants,19,45,283,855,0,0,5
2025-05-20,Chino Pants,Pants,22,45,261,990,0,1,5
2025-05-21,Chino Pants,Pants,22,45,239,990,0,2,5
2025-05-22,Chino Pants,Pants,22,45,217,990,0,3,5
2025-05-23,Chino Pants,Pants,22,45,195,990,0,4,5
2025-05-24,Chino Pants,Pants,31,45,164,1395,0,5,5
2025-05-25,Chino Pants,Pants,22,45,142,990,0,6,5
2025-05-26,Chino Pants,Pants,23,45,119,1035,0,0,5
2025-05-27,Chino Pants,Pants,18,45,101,810,0,1,5
2025-05-28,Chino Pants,Pants,19,45,82,855,0,2,5
2025-05-29,Chino Pants,Pants,22,45,358,990,1,3,5
2025-05-30,Chino Pants,Pants,21,45,337,945,0,4,5
2025-05-31,Chino Pants,Pants,23,45,314,1035,0,5,5
2025-06-01,Chino Pants,Pants,25,45,289,1125,0,6,6
2025-06-02,Chino Pants,Pants,18,45,271,810,0,0,6
2025-06-03,Chino Pants,Pants,21,45,250,945,0,1,6
2025-06-04,Chino Pants,Pants,19,45,231,855,0,2,6
2025-06-05,Chino Pants,Pants,15,45,216,675,0,3,6
2025-06-06,Chino Pants,Pants,23,45,193,1035,1,4,6
2025-06-07,Chino Pants,Pants,24,45,169,1080,0,5,6
2025-06-08,Chino Pants,Pants,26,45,143,1170,0,6,6
2025-06-09,Chino Pants,Pants,16,45,127,720,0,0,6
2025-06-10,Chino Pants,Pants,30,45,97,1350,1,1,6
2025-06-11,Chino Pants,Pants,21,45,354,945,0,2,6
2025-06-12,Chino Pants,Pants,21,45,333,945,0,3,6
2025-06-13,Chino Pants,Pants,21,45,312,945,0,4,6
2025-06-14,Chino Pants,Pants,31,45,281,1395,1,5,6
2025-06-15,Chino Pants,Pants,29,45,252,1305,0,6,6
2025-06-16,Chino Pants,Pants,24,45,228,1080,0,0,6
2025-06-17,Chino Pants,Pants,18,45,210,810,0,1,6
2025-06-18,Chino Pants,Pants,18,45,192,810,0,2,6
2025-06-19,Chino Pants,Pants,15,45,177,675,0,3,6
2025-06-20,Chino Pants,Pants,31,45,146,1395,1,4,6
2025-06-21,Chino Pants,Pants,30,45,116,1350,0,5,6
2025-06-22,Chino Pants,Pants,23,45,93,1035,0,6,6
2025-06-23,Chino Pants,Pants,28,45,297,1260,1,0,6
2025-06-24,Chino Pants,Pants,29,45,268,1305,1,1,6
2025-06-25,Chino Pants,Pants,28,45,240,1260,1,2,6
2025-06-26,Chino Pants,Pants,22,45,218,990,0,3,6
2025-06-27,Chino Pants,Pants,19,45,199,855,0,4,6
2025-06-28,Chino Pants,Pants,25,45,174,1125,0,5,6
2025-06-29,Chino Pants,Pants,28,45,146,1260,0,6,6
2025-06-30,Chino Pants,Pants,24,45,122,1080,1,0,6
2025-07-01,Chino Pants,Pants,23,45,99,1035,0,1,7
2025-07-02,Chino Pants,Pants,20,45,355,900,0,2,7
2025-07-03,Chino Pants,Pants,16,45,339,720,0,3,7
2025-07-04,Chino Pants,Pants,19,45,320,855,0,4,7
2025-07-05,Chino Pants,Pants,23,45,297,1035,0,5,7
2025-07-06,Chino Pants,Pants,26,45,271,1170,0,6,7
2025-07-07,Chino Pants,Pants,24,45,247,1080,0,0,7
2025-07-08,Chino Pants,Pants,22,45,225,990,0,1,7
2025-07-09,Chino Pants,Pants,26,45,199,1170,1,2,7
2025-07-10,Chino Pants,Pants,18,45,181,810,0,3,7
2025-07-11,Chino Pants,Pants,28,45,153,1260,1,4,7
2025-07-12,Chino Pants,Pants,26,45,127,1170,0,5,7
2025-07-13,Chino Pants,Pants,28,45,99,1260,0,6,7
2025-07-14,Chino Pants,Pants,20,45,281,900,0,0,7
2025-07-15,Chino Pants,Pants,19,45,262,855,0,1,7
2025-07-16,Chino Pants,Pants,16,45,246,720,0,2,7
2025-07-17,Chino Pants,Pants,19,45,227,855,0,3,7
2025-07-18,Chino Pants,Pants,26,45,201,1170,0,4,7
2025-07-19,Chino Pants,Pants,30,45,171,1350,0,5,7
2025-07-20,Chino Pants,Pants,31,45,140,1395,1,6,7
2025-07-21,Chino Pants,Pants,21,45,119,945,0,0,7
2025-07-22,Chino Pants,Pants,14,45,105,630,0,1,7
2025-07-23,Chino Pants,Pants,15,45,90,675,0,2,7
2025-07-24,Chino Pants,Pants,18,45,368,810,0,3,7
2025-07-25,Chino Pants,Pants,23,45,345,1035,0,4,7
2025-07-26,Chino Pants,Pants,24,45,321,1080,0,5,7
2025-07-27,Chino Pants,Pants,25,45,296,1125,0,6,7
2025-07-28,Chino Pants,Pants,24,45,272,1080,0,0,7
2025-07-29,Chino Pants,Pants,18,45,254,810,0,1,7
2025-07-30,Chino Pants,Pants,20,45,234,900,0,2,7
2025-07-31,Chino Pants,Pants,23,45,211,1035,0,3,7
2025-08-01,Chino Pants,Pants,21,45,190,945,0,4,8
2025-08-02,Chino Pants,Pants,29,45,161,1305,1,5,8
2025-08-03,Chino Pants,Pants,20,45,141,900,0,6,8
2025-08-04,Chino Pants,Pants,18,45,123,810,0,0,8
2025-08-05,Chino Pants,Pants,21,45,102,945,0,1,8
2025-08-06,Chino Pants,Pants,24,45,291,1080,0,2,8
2025-08-07,Chino Pants,Pants,29,45,262,1305,1,3,8
2025-08-08,Chino Pants,Pants,19,45,243,855,0,4,8
2025-08-09,Chino Pants,Pants,28,45,215,1260,0,5,8
2025-08-10,Chino Pants,Pants,34,45,181,1530,1,6,8
2025-08-11,Chino Pants,Pants,11,45,170,495,0,0,8
2025-08-12,Chino Pants,Pants,18,45,152,810,0,1,8
2025-08-13,Chino Pants,Pants,22,45,130,990,1,2,8
2025-08-14,Chino Pants,Pants,16,45,114,720,0,3,8
2025-08-15,Chino Pants,Pants,23,45,91,1035,0,4,8
2025-08-16,Chino Pants,Pants,24,45,405,1080,0,5,8
2025-08-17,Chino Pants,Pants,33,45,372,1485,1,6,8
2025-08-18,Chino Pants,Pants,18,45,354,810,0,0,8
2025-08-19,Chino Pants,Pants,14,45,340,630,0,1,8
2025-08-20,Chino Pants,Pants,26,45,314,1170,0,2,8
2025-08-21,Chino Pants,Pants,22,45,292,990,1,3,8
2025-08-22,Chino Pants,Pants,16,45,276,720,0,4,8
2025-08-23,Chino Pants,Pants,20,45,256,900,0,5,8
2025-08-24,Chino Pants,Pants,29,45,227,1305,0,6,8
2025-08-25,Chino Pants,Pants,20,45,207,900,0,0,8
2025-08-26,Chino Pants,Pants,20,45,187,900,0,1,8
2025-08-27,Chino Pants,Pants,23,45,164,1035,0,2,8
2025-08-28,Chino Pants,Pants,16,45,148,720,0,3,8
2025-08-29,Chino Pants,Pants,21,45,127,945,0,4,8
2025-08-30,Chino Pants,Pants,25,45,102,1125,0,5,8
2025-08-31,Chino Pants,Pants,22,45,80,990,0,6,8
2025-09-01,Chino Pants,Pants,25,45,380,1125,0,0,9
2025-09-02,Chino Pants,Pants,25,45,355,1125,1,1,9
2025-09-03,Chino Pants,Pants,19,45,336,855,0,2,9
2025-09-04,Chino Pants,Pants,23,45,313,1035,0,3,9
2025-09-05,Chino Pants,Pants,17,45,296,765,0,4,9
2025-09-06,Chino Pants,Pants,26,45,270,1170,0,5,9
2025-09-07,Chino Pants,Pants,22,45,248,990,0,6,9
2025-09-08,Chino Pants,Pants,21,45,227,945,0,0,9
2025-09-09,Chino Pants,Pants,26,45,201,1170,1,1,9
2025-09-10,Chino Pants,Pants,18,45,183,810,0,2,9
2025-09-11,Chino Pants,Pants,27,45,156,1215,1,3,9
2025-09-12,Chino Pants,Pants,17,45,139,765,0,4,9
2025-09-13,Chino Pants,Pants,32,45,107,1440,1,5,9
2025-09-14,Chino Pants,Pants,31,45,411,1395,0,6,9
2025-09-15,Chino Pants,Pants,24,45,387,1080,1,0,9
2025-09-16,Chino Pants,Pants,20,45,367,900,0,1,9
2025-09-17,Chino Pants,Pants,27,45,340,1215,1,2,9
2025-09-18,Chino Pants,Pants,20,45,320,900,0,3,9
2025-09-19,Chino Pants,Pants,14,45,306,630,0,4,9
2025-09-20,Chino Pants,Pants,27,45,279,1215,0,5,9
2025-09-21,Chino Pants,Pants,27,45,252,1215,0,6,9
2025-09-22,Chino Pants,Pants,24,45,228,1080,1,0,9
2025-09-23,Chino Pants,Pants,19,45,209,855,0,1,9
2025-09-24,Chino Pants,Pants,18,45,191,810,0,2,9
2025-09-25,Chino Pants,Pants,22,45,169,990,0,3,9
2025-09-26,Chino Pants,Pants,25,45,144,1125,1,4,9
2025-09-27,Chino Pants,Pants,24,45,120,1080,0,5,9
2025-09-28,Chino Pants,Pants,27,45,93,1215,0,6,9
2025-09-29,Chino Pants,Pants,23,45,468,1035,0,0,9
2025-09-30,Chino Pants,Pants,15,45,453,675,0,1,9
2025-10-01,Chino Pants,Pants,26,45,427,1170,0,2,10
2025-10-02,Chino Pants,Pants,23,45,404,1035,0,3,10
2025-10-03,Chino Pants,Pants,20,45,384,900,0,4,10
2025-10-04,Chino Pants,Pants,24,45,360,1080,0,5,10
2025-10-05,Chino Pants,Pants,25,45,335,1125,0,6,10
2025-10-06,Chino Pants,Pants,24,45,311,1080,0,0,10
2025-10-07,Chino Pants,Pants,26,45,285,1170,1,1,10
2025-10-08,Chino Pants,Pants,16,45,269,720,0,2,10
2025-10-09,Chino Pants,Pants,23,45,246,1035,0,3,10
2025-10-10,Chino Pants,Pants,13,45,233,585,0,4,10
2025-10-11,Chino Pants,Pants,28,45,205,1260,0,5,10
2025-10-12,Chino Pants,Pants,25,45,180,1125,0,6,10
2025-10-13,Chino Pants,Pants,22,45,158,990,1,0,10
2025-10-14,Chino Pants,Pants,24,45,134,1080,0,1,10
2025-10-15,Chino Pants,Pants,18,45,116,810,0,2,10
2025-10-16,Chino Pants,Pants,18,45,98,810,0,3,10
2025-10-17,Chino Pants,Pants,21,45,432,945,0,4,10
2025-10-18,Chino Pants,Pants,25,45,407,1125,0,5,10
2025-10-19,Chino Pants,Pants,29,45,378,1305,0,6,10
2025-10-20,Chino Pants,Pants,22,45,356,990,0,0,10
2025-10-21,Chino Pants,Pants,19,45,337,855,0,1,10
2025-10-22,Chino Pants,Pants,19,45,318,855,0,2,10
2025-10-23,Chino Pants,Pants,25,45,293,1125,0,3,10
2025-10-24,Chino Pants,Pants,20,45,273,900,0,4,10
2025-10-25,Chino Pants,Pants,29,45,244,1305,0,5,10
2025-10-26,Chino Pants,Pants,24,45,220,1080,0,6,10
2025-10-27,Chino Pants,Pants,21,45,199,945,0,0,10
2025-10-28,Chino Pants,Pants,20,45,179,900,0,1,10
2025-10-29,Chino Pants,Pants,19,45,160,855,0,2,10
2025-10-30,Chino Pants,Pants,21,45,139,945,0,3,10
2025-10-31,Chino Pants,Pants,23,45,116,1035,0,4,10
2025-11-01,Chino Pants,Pants,44,45,320,1980,1,5,11
2025-11-02,Chino Pants,Pants,32,45,288,1440,0,6,11
2025-11-03,Chino Pants,Pants,30,45,258,1350,0,0,11
2025-11-04,Chino Pants,Pants,25,45,233,1125,0,1,11
2025-11-05,Chino Pants,Pants,28,45,205,1260,0,2,11
2025-11-06,Chino Pants,Pants,24,45,181,1080,0,3,11
2025-11-07,Chino Pants,Pants,28,45,153,1260,0,4,11
2025-11-08,Chino Pants,Pants,44,45,109,1980,1,5,11
2025-11-09,Chino Pants,Pants,34,45,417,1530,0,6,11
2025-11-10,Chino Pants,Pants,29,45,388,1305,0,0,11
2025-11-11,Chino Pants,Pants,24,45,364,1080,0,1,11
2025-11-12,Chino Pants,Pants,30,45,334,1350,0,2,11
2025-11-13,Chino Pants,Pants,23,45,311,1035,0,3,11
2025-11-14,Chino Pants,Pants,33,45,278,1485,0,4,11
2025-11-15,Chino Pants,Pants,33,45,245,1485,0,5,11
2025-11-16,Chino Pants,Pants,36,45,209,1620,0,6,11
2025-11-17,Chino Pants,Pants,31,45,178,1395,0,0,11
2025-11-18,Chino Pants,Pants,34,45,144,1530,1,1,11
2025-11-19,Chino Pants,Pants,30,45,114,1350,0,2,11
2025-11-20,Chino Pants,Pants,22,45,92,990,0,3,11
2025-11-21,Chino Pants,Pants,24,45,463,1080,0,4,11
2025-11-22,Chino Pants,Pants,36,45,427,1620,0,5,11
2025-11-23,Chino Pants,Pants,37,45,390,1665,0,6,11
2025-11-24,Chino Pants,Pants,29,45,361,1305,0,0,11
2025-11-25,Chino Pants,Pants,23,45,338,1035,0,1,11
2025-11-26,Chino Pants,Pants,23,45,315,1035,0,2,11
2025-11-27,Chino Pants,Pants,27,45,288,1215,0,3,11
2025-11-28,Chino Pants,Pants,22,45,266,990,0,4,11
2025-11-29,Chino Pants,Pants,33,45,233,1485,0,5,11
2025-11-30,Chino Pants,Pants,35,45,198,1575,0,6,11
2025-12-01,Chino Pants,Pants,29,45,169,1305,0,0,12
2025-12-02,Chino Pants,Pants,23,45,146,1035,0,1,12
2025-12-03,Chino Pants,Pants,22,45,124,990,0,2,12
2025-12-04,Chino Pants,Pants,20,45,104,900,0,3,12
2025-12-05,Chino Pants,Pants,26,45,392,1170,0,4,12
2025-12-06,Chino Pants,Pants,38,45,354,1710,0,5,12
2025-12-07,Chino Pants,Pants,35,45,319,1575,0,6,12
2025-12-08,Chino Pants,Pants,28,45,291,1260,0,0,12
2025-12-09,Chino Pants,Pants,27,45,264,1215,0,1,12
2025-12-10,Chino Pants,Pants,30,45,234,1350,0,2,12
2025-12-11,Chino Pants,Pants,30,45,204,1350,0,3,12
2025-12-12,Chino Pants,Pants,25,45,179,1125,0,4,12
2025-12-13,Chino Pants,Pants,31,45,148,1395,0,5,12
2025-12-14,Chino Pants,Pants,39,45,109,1755,1,6,12
2025-12-15,Chino Pants,Pants,29,45,80,1305,0,0,12
2025-12-16,Chino Pants,Pants,29,45,413,1305,0,1,12
2025-12-17,Chino Pants,Pants,35,45,378,1575,0,2,12
2025-12-18,Chino Pants,Pants,22,45,356,990,0,3,12
2025-12-19,Chino Pants,Pants,31,45,325,1395,0,4,12
2025-12-20,Chino Pants,Pants,41,45,284,1845,0,5,12
2025-12-21,Chino Pants,Pants,37,45,247,1665,0,6,12
2025-12-22,Chino Pants,Pants,25,45,222,1125,0,0,12
2025-12-23,Chino Pants,Pants,29,45,193,1305,0,1,12
2025-12-24,Chino Pants,Pants,26,45,167,1170,0,2,12
2025-12-25,Chino Pants,Pants,34,45,133,1530,1,3,12
2025-12-26,Chino Pants,Pants,28,45,105,1260,0,4,12
2025-12-27,Chino Pants,Pants,37,45,300,1665,0,5,12
2025-12-28,Chino Pants,Pants,52,45,248,2340,1,6,12
2025-12-29,Chino Pants,Pants,27,45,221,1215,0,0,12
2025-12-30,Chino Pants,Pants,20,45,201,900,0,1,12
2025-12-31,Chino Pants,Pants,28,45,173,1260,0,2,12
2025-01-01,Oxford Shirt,Shirts,9,50,357,450,0,2,1
2025-01-02,Oxford Shirt,Shirts,13,50,344,650,1,3,1
2025-01-03,Oxford Shirt,Shirts,9,50,335,450,0,4,1
2025-01-04,Oxford Shirt,Shirts,5,50,330,250,0,5,1
2025-01-05,Oxford Shirt,Shirts,7,50,323,350,0,6,1
2025-01-06,Oxford Shirt,Shirts,10,50,313,500,0,0,1
2025-01-07,Oxford Shirt,Shirts,8,50,305,400,0,1,1
2025-01-08,Oxford Shirt,Shirts,13,50,292,650,0,2,1
2025-01-09,Oxford Shirt,Shirts,12,50,280,600,1,3,1
2025-01-10,Oxford Shirt,Shirts,10,50,270,500,1,4,1
2025-01-11,Oxford Shirt,Shirts,9,50,261,450,0,5,1
2025-01-12,Oxford Shirt,Shirts,10,50,251,500,0,6,1
2025-01-13,Oxford Shirt,Shirts,9,50,242,450,0,0,1
2025-01-14,Oxford Shirt,Shirts,9,50,233,450,0,1,1
2025-01-15,Oxford Shirt,Shirts,11,50,222,550,0,2,1
2025-01-16,Oxford Shirt,Shirts,4,50,218,200,0,3,1
2025-01-17,Oxford Shirt,Shirts,4,50,214,200,0,4,1
2025-01-18,Oxford Shirt,Shirts,10,50,204,500,0,5,1
2025-01-19,Oxford Shirt,Shirts,12,50,192,600,0,6,1
2025-01-20,Oxford Shirt,Shirts,11,50,181,550,0,0,1
2025-01-21,Oxford Shirt,Shirts,7,50,174,350,0,1,1
2025-01-22,Oxford Shirt,Shirts,1,50,173,50,0,2,1
2025-01-23,Oxford Shirt,Shirts,7,50,166,350,0,3,1
2025-01-24,Oxford Shirt,Shirts,10,50,156,500,0,4,1
2025-01-25,Oxford Shirt,Shirts,11,50,145,550,0,5,1
2025-01-26,Oxford Shirt,Shirts,12,50,133,600,0,6,1
2025-01-27,Oxford Shirt,Shirts,12,50,121,600,0,0,1
2025-01-28,Oxford Shirt,Shirts,8,50,113,400,0,1,1
2025-01-29,Oxford Shirt,Shirts,7,50,106,350,0,2,1
2025-01-30,Oxford Shirt,Shirts,6,50,100,300,0,3,1
2025-01-31,Oxford Shirt,Shirts,4,50,96,200,0,4,1
2025-02-01,Oxford Shirt,Shirts,6,50,90,300,0,5,2
2025-02-02,Oxford Shirt,Shirts,9,50,81,450,0,6,2
2025-02-03,Oxford Shirt,Shirts,12,50,328,600,0,0,2
2025-02-04,Oxford Shirt,Shirts,9,50,319,450,0,1,2
2025-02-05,Oxford Shirt,Shirts,8,50,311,400,0,2,2
2025-02-06,Oxford Shirt,Shirts,8,50,303,400,0,3,2
2025-02-07,Oxford Shirt,Shirts,12,50,291,600,0,4,2
2025-02-08,Oxford Shirt,Shirts,12,50,279,600,0,5,2
2025-02-09,Oxford Shirt,Shirts,10,50,269,500,0,6,2
2025-02-10,Oxford Shirt,Shirts,9,50,260,450,1,0,2
2025-02-11,Oxford Shirt,Shirts,8,50,252,400,0,1,2
2025-02-12,Oxford Shirt,Shirts,12,50,240,600,0,2,2
2025-02-13,Oxford Shirt,Shirts,10,50,230,500,0,3,2
2025-02-14,Oxford Shirt,Shirts,1,50,229,50,0,4,2
2025-02-15,Oxford Shirt,Shirts,11,50,218,550,0,5,2
2025-02-16,Oxford Shirt,Shirts,12,50,206,600,1,6,2
2025-02-17,Oxford Shirt,Shirts,12,50,194,600,0,0,2
2025-02-18,Oxford Shirt,Shirts,6,50,188,300,0,1,2
2025-02-19,Oxford Shirt,Shirts,8,50,180,400,0,2,2
2025-02-20,Oxford Shirt,Shirts,9,50,171,450,1,3,2
2025-02-21,Oxford Shirt,Shirts,13,50,158,650,1,4,2
2025-02-22,Oxford Shirt,Shirts,10,50,148,500,0,5,2
2025-02-23,Oxford Shirt,Shirts,14,50,134,700,1,6,2
2025-02-24,Oxford Shirt,Shirts,8,50,126,400,0,0,2
2025-02-25,Oxford Shirt,Shirts,11,50,115,550,0,1,2
2025-02-26,Oxford Shirt,Shirts,8,50,107,400,0,2,2
2025-02-27,Oxford Shirt,Shirts,8,50,99,400,1,3,2
2025-02-28,Oxford Shirt,Shirts,5,50,94,250,0,4,2
2025-03-01,Oxford Shirt,Shirts,12,50,82,600,0,5,3
2025-03-02,Oxford Shirt,Shirts,8,50,332,400,0,6,3
2025-03-03,Oxford Shirt,Shirts,9,50,323,450,0,0,3
2025-03-04,Oxford Shirt,Shirts,7,50,316,350,0,1,3
2025-03-05,Oxford Shirt,Shirts,9,50,307,450,1,2,3
2025-03-06,Oxford Shirt,Shirts,8,50,299,400,0,3,3
2025-03-07,Oxford Shirt,Shirts,11,50,288,550,1,4,3
2025-03-08,Oxford Shirt,Shirts,13,50,275,650,0,5,3
2025-03-09,Oxford Shirt,Shirts,10,50,265,500,0,6,3
2025-03-10,Oxford Shirt,Shirts,5,50,260,250,0,0,3
2025-03-11,Oxford Shirt,Shirts,13,50,247,650,1,1,3
2025-03-12,Oxford Shirt,Shirts,5,50,242,250,0,2,3
2025-03-13,Oxford Shirt,Shirts,9,50,233,450,0,3,3
2025-03-14,Oxford Shirt,Shirts,6,50,227,300,0,4,3
2025-03-15,Oxford Shirt,Shirts,13,50,214,650,0,5,3
2025-03-16,Oxford Shirt,Shirts,12,50,202,600,0,6,3
2025-03-17,Oxford Shirt,Shirts,6,50,196,300,0,0,3
2025-03-18,Oxford Shirt,Shirts,8,50,188,400,1,1,3
2025-03-19,Oxford Shirt,Shirts,8,50,180,400,0,2,3
2025-03-20,Oxford Shirt,Shirts,11,50,169,550,0,3,3
2025-03-21,Oxford Shirt,Shirts,11,50,158,550,0,4,3
2025-03-22,Oxford Shirt,Shirts,14,50,144,700,0,5,3
2025-03-23,Oxford Shirt,Shirts,11,50,133,550,0,6,3
2025-03-24,Oxford Shirt,Shirts,12,50,121,600,0,0,3
2025-03-25,Oxford Shirt,Shirts,9,50,112,450,0,1,3
2025-03-26,Oxford Shirt,Shirts,9,50,103,450,1,2,3
2025-03-27,Oxford Shirt,Shirts,9,50,94,450,1,3,3
2025-03-28,Oxford Shirt,Shirts,12,50,82,600,0,4,3
2025-03-29,Oxford Shirt,Shirts,8,50,428,400,0,5,3
2025-03-30,Oxford Shirt,Shirts,13,50,415,650,0,6,3
2025-03-31,Oxford Shirt,Shirts,2,50,413,100,0,0,3
2025-04-01,Oxford Shirt,Shirts,9,50,404,450,0,1,4
2025-04-02,Oxford Shirt,Shirts,9,50,395,450,0,2,4
2025-04-03,Oxford Shirt,Shirts,11,50,384,550,0,3,4
2025-04-04,Oxford Shirt,Shirts,12,50,372,600,0,4,4
2025-04-05,Oxford Shirt,Shirts,11,50,361,550,0,5,4
2025-04-06,Oxford Shirt,Shirts,1,50,360,50,0,6,4
2025-04-07,Oxford Shirt,Shirts,12,50,348,600,0,0,4
2025-04-08,Oxford Shirt,Shirts,10,50,338,500,0,1,4
2025-04-09,Oxford Shirt,Shirts,7,50,331,350,0,2,4
2025-04-10,Oxford Shirt,Shirts,7,50,324,350,0,3,4
2025-04-11,Oxford Shirt,Shirts,9,50,315,450,0,4,4
2025-04-12,Oxford Shirt,Shirts,14,50,301,700,0,5,4
2025-04-13,Oxford Shirt,Shirts,13,50,288,650,0,6,4
2025-04-14,Oxford Shirt,Shirts,6,50,282,300,0,0,4
2025-04-15,Oxford Shirt,Shirts,13,50,269,650,0,1,4
2025-04-16,Oxford Shirt,Shirts,13,50,256,650,0,2,4
2025-04-17,Oxford Shirt,Shirts,6,50,250,300,0,3,4
2025-04-18,Oxford Shirt,Shirts,10,50,240,500,0,4,4
2025-04-19,Oxford Shirt,Shirts,11,50,229,550,0,5,4
2025-04-20,Oxford Shirt,Shirts,15,50,214,750,0,6,4
2025-04-21,Oxford Shirt,Shirts,6,50,208,300,0,0,4
2025-04-22,Oxford Shirt,Shirts,11,50,197,550,0,1,4
2025-04-23,Oxford Shirt,Shirts,10,50,187,500,0,2,4
2025-04-24,Oxford Shirt,Shirts,11,50,176,550,0,3,4
2025-04-25,Oxford Shirt,Shirts,10,50,166,500,0,4,4
2025-04-26,Oxford Shirt,Shirts,8,50,158,400,0,5,4
2025-04-27,Oxford Shirt,Shirts,13,50,145,650,0,6,4
2025-04-28,Oxford Shirt,Shirts,14,50,131,700,1,0,4
2025-04-29,Oxford Shirt,Shirts,10,50,121,500,0,1,4
2025-04-30,Oxford Shirt,Shirts,9,50,112,450,0,2,4
2025-05-01,Oxford Shirt,Shirts,14,50,98,700,0,3,5
2025-05-02,Oxford Shirt,Shirts,14,50,84,700,0,4,5
2025-05-03,Oxford Shirt,Shirts,13,50,339,650,1,5,5
2025-05-04,Oxford Shirt,Shirts,12,50,327,600,0,6,5
2025-05-05,Oxford Shirt,Shirts,8,50,319,400,0,0,5
2025-05-06,Oxford Shirt,Shirts,13,50,306,650,0,1,5
2025-05-07,Oxford Shirt,Shirts,9,50,297,450,0,2,5
2025-05-08,Oxford Shirt,Shirts,7,50,290,350,0,3,5
2025-05-09,Oxford Shirt,Shirts,11,50,279,550,0,4,5
2025-05-10,Oxford Shirt,Shirts,13,50,266,650,0,5,5
2025-05-11,Oxford Shirt,Shirts,12,50,254,600,0,6,5
2025-05-12,Oxford Shirt,Shirts,7,50,247,350,0,0,5
2025-05-13,Oxford Shirt,Shirts,8,50,239,400,1,1,5
2025-05-14,Oxford Shirt,Shirts,6,50,233,300,0,2,5
2025-05-15,Oxford Shirt,Shirts,9,50,224,450,1,3,5
2025-05-16,Oxford Shirt,Shirts,6,50,218,300,0,4,5
2025-05-17,Oxford Shirt,Shirts,9,50,209,450,0,5,5
2025-05-18,Oxford Shirt,Shirts,11,50,198,550,0,6,5
2025-05-19,Oxford Shirt,Shirts,12,50,186,600,1,0,5
2025-05-20,Oxford Shirt,Shirts,5,50,181,250,0,1,5
2025-05-21,Oxford Shirt,Shirts,9,50,172,450,0,2,5
2025-05-22,Oxford Shirt,Shirts,9,50,163,450,0,3,5
2025-05-23,Oxford Shirt,Shirts,11,50,152,550,1,4,5
2025-05-24,Oxford Shirt,Shirts,9,50,143,450,0,5,5
2025-05-25,Oxford Shirt,Shirts,7,50,136,350,0,6,5
2025-05-26,Oxford Shirt,Shirts,10,50,126,500,0,0,5
2025-05-27,Oxford Shirt,Shirts,9,50,117,450,0,1,5
2025-05-28,Oxford Shirt,Shirts,10,50,107,500,0,2,5
2025-05-29,Oxford Shirt,Shirts,7,50,100,350,0,3,5
2025-05-30,Oxford Shirt,Shirts,7,50,93,350,0,4,5
2025-05-31,Oxford Shirt,Shirts,17,50,336,850,1,5,5
2025-06-01,Oxford Shirt,Shirts,21,50,315,1050,0,6,6
2025-06-02,Oxford Shirt,Shirts,15,50,300,750,0,0,6
2025-06-03,Oxford Shirt,Shirts,11,50,289,550,0,1,6
2025-06-04,Oxford Shirt,Shirts,12,50,277,600,0,2,6
2025-06-05,Oxford Shirt,Shirts,9,50,268,450,0,3,6
2025-06-06,Oxford Shirt,Shirts,7,50,261,350,0,4,6
2025-06-07,Oxford Shirt,Shirts,15,50,246,750,0,5,6
2025-06-08,Oxford Shirt,Shirts,22,50,224,1100,1,6,6
2025-06-09,Oxford Shirt,Shirts,10,50,214,500,0,0,6
2025-06-10,Oxford Shirt,Shirts,9,50,205,450,0,1,6
2025-06-11,Oxford Shirt,Shirts,11,50,194,550,1,2,6
2025-06-12,Oxford Shirt,Shirts,4,50,190,200,0,3,6
2025-06-13,Oxford Shirt,Shirts,13,50,177,650,1,4,6
2025-06-14,Oxford Shirt,Shirts,15,50,162,750,0,5,6
2025-06-15,Oxford Shirt,Shirts,15,50,147,750,0,6,6
2025-06-16,Oxford Shirt,Shirts,7,50,140,350,0,0,6
2025-06-17,Oxford Shirt,Shirts,12,50,128,600,0,1,6
2025-06-18,Oxford Shirt,Shirts,18,50,110,900,1,2,6
2025-06-19,Oxford Shirt,Shirts,11,50,99,550,0,3,6
2025-06-20,Oxford Shirt,Shirts,9,50,90,450,0,4,6
2025-06-21,Oxford Shirt,Shirts,11,50,320,550,0,5,6
2025-06-22,Oxford Shirt,Shirts,14,50,306,700,0,6,6
2025-06-23,Oxford Shirt,Shirts,8,50,298,400,0,0,6
2025-06-24,Oxford Shirt,Shirts,11,50,287,550,0,1,6
2025-06-25,Oxford Shirt,Shirts,6,50,281,300,0,2,6
2025-06-26,Oxford Shirt,Shirts,16,50,265,800,0,3,6
2025-06-27,Oxford Shirt,Shirts,14,50,251,700,0,4,6
2025-06-28,Oxford Shirt,Shirts,13,50,238,650,0,5,6
2025-06-29,Oxford Shirt,Shirts,16,50,222,800,0,6,6
2025-06-30,Oxford Shirt,Shirts,8,50,214,400,0,0,6
2025-07-01,Oxford Shirt,Shirts,17,50,197,850,1,1,7
2025-07-02,Oxford Shirt,Shirts,13,50,184,650,1,2,7
2025-07-03,Oxford Shirt,Shirts,9,50,175,450,0,3,7
2025-07-04,Oxford Shirt,Shirts,11,50,164,550,1,4,7
2025-07-05,Oxford Shirt,Shirts,14,50,150,700,0,5,7
2025-07-06,Oxford Shirt,Shirts,13,50,137,650,0,6,7
2025-07-07,Oxford Shirt,Shirts,18,50,119,900,1,0,7
2025-07-08,Oxford Shirt,Shirts,7,50,112,350,0,1,7
2025-07-09,Oxford Shirt,Shirts,15,50,97,750,1,2,7
2025-07-10,Oxford Shirt,Shirts,14,50,83,700,0,3,7
2025-07-11,Oxford Shirt,Shirts,18,50,426,900,0,4,7
2025-07-12,Oxford Shirt,Shirts,14,50,412,700,0,5,7
2025-07-13,Oxford Shirt,Shirts,13,50,399,650,0,6,7
2025-07-14,Oxford Shirt,Shirts,11,50,388,550,0,0,7
2025-07-15,Oxford Shirt,Shirts,12,50,376,600,0,1,7
2025-07-16,Oxford Shirt,Shirts,11,50,365,550,0,2,7
2025-07-17,Oxford Shirt,Shirts,11,50,354,550,0,3,7
2025-07-18,Oxford Shirt,Shirts,9,50,345,450,0,4,7
2025-07-19,Oxford Shirt,Shirts,22,50,323,1100,1,5,7
2025-07-20,Oxford Shirt,Shirts,14,50,309,700,0,6,7
2025-07-21,Oxford Shirt,Shirts,7,50,302,350,0,0,7
2025-07-22,Oxford Shirt,Shirts,13,50,289,650,0,1,7
2025-07-23,Oxford Shirt,Shirts,12,50,277,600,0,2,7
2025-07-24,Oxford Shirt,Shirts,9,50,268,450,0,3,7
2025-07-25,Oxford Shirt,Shirts,8,50,260,400,0,4,7
2025-07-26,Oxford Shirt,Shirts,14,50,246,700,0,5,7
2025-07-27,Oxford Shirt,Shirts,14,50,232,700,1,6,7
2025-07-28,Oxford Shirt,Shirts,10,50,222,500,0,0,7
2025-07-29,Oxford Shirt,Shirts,12,50,210,600,1,1,7
2025-07-30,Oxford Shirt,Shirts,9,50,201,450,0,2,7
2025-07-31,Oxford Shirt,Shirts,10,50,191,500,0,3,7
2025-08-01,Oxford Shirt,Shirts,11,50,180,550,0,4,8
2025-08-02,Oxford Shirt,Shirts,14,50,166,700,0,5,8
2025-08-03,Oxford Shirt,Shirts,16,50,150,800,0,6,8
2025-08-04,Oxford Shirt,Shirts,11,50,139,550,0,0,8
2025-08-05,Oxford Shirt,Shirts,6,50,133,300,0,1,8
2025-08-06,Oxford Shirt,Shirts,6,50,127,300,0,2,8
2025-08-07,Oxford Shirt,Shirts,10,50,117,500,0,3,8
2025-08-08,Oxford Shirt,Shirts,7,50,110,350,0,4,8
2025-08-09,Oxford Shirt,Shirts,13,50,97,650,0,5,8
2025-08-10,Oxford Shirt,Shirts,12,50,85,600,0,6,8
2025-08-11,Oxford Shirt,Shirts,15,50,379,750,1,0,8
2025-08-12,Oxford Shirt,Shirts,11,50,368,550,1,1,8
2025-08-13,Oxford Shirt,Shirts,13,50,355,650,0,2,8
2025-08-14,Oxford Shirt,Shirts,9,50,346,450,0,3,8
2025-08-15,Oxford Shirt,Shirts,15,50,331,750,1,4,8
2025-08-16,Oxford Shirt,Shirts,11,50,320,550,0,5,8
2025-08-17,Oxford Shirt,Shirts,7,50,313,350,0,6,8
2025-08-18,Oxford Shirt,Shirts,9,50,304,450,0,0,8
2025-08-19,Oxford Shirt,Shirts,13,50,291,650,0,1,8
2025-08-20,Oxford Shirt,Shirts,8,50,283,400,0,2,8
2025-08-21,Oxford Shirt,Shirts,15,50,268,750,1,3,8
2025-08-22,Oxford Shirt,Shirts,13,50,255,650,0,4,8
2025-08-23,Oxford Shirt,Shirts,19,50,236,950,1,5,8
2025-08-24,Oxford Shirt,Shirts,11,50,225,550,0,6,8
2025-08-25,Oxford Shirt,Shirts,8,50,217,400,0,0,8
2025-08-26,Oxford Shirt,Shirts,10,50,207,500,0,1,8
2025-08-27,Oxford Shirt,Shirts,11,50,196,550,0,2,8
2025-08-28,Oxford Shirt,Shirts,12,50,184,600,0,3,8
2025-08-29,Oxford Shirt,Shirts,15,50,169,750,1,4,8
2025-08-30,Oxford Shirt,Shirts,21,50,148,1050,0,5,8
2025-08-31,Oxford Shirt,Shirts,17,50,131,850,0,6,8
2025-09-01,Oxford Shirt,Shirts,7,50,124,350,0,0,9
2025-09-02,Oxford Shirt,Shirts,18,50,106,900,1,1,9
2025-09-03,Oxford Shirt,Shirts,5,50,101,250,0,2,9
2025-09-04,Oxford Shirt,Shirts,5,50,96,250,0,3,9
2025-09-05,Oxford Shirt,Shirts,11,50,85,550,0,4,9
2025-09-06,Oxford Shirt,Shirts,10,50,360,500,0,5,9
2025-09-07,Oxford Shirt,Shirts,4,50,356,200,0,6,9
2025-09-08,Oxford Shirt,Shirts,10,50,346,500,0,0,9
2025-09-09,Oxford Shirt,Shirts,8,50,338,400,0,1,9
2025-09-10,Oxford Shirt,Shirts,9,50,329,450,0,2,9
2025-09-11,Oxford Shirt,Shirts,10,50,319,500,1,3,9
2025-09-12,Oxford Shirt,Shirts,1,50,318,50,0,4,9
2025-09-13,Oxford Shirt,Shirts,6,50,312,300,0,5,9
2025-09-14,Oxford Shirt,Shirts,3,50,309,150,0,6,9
2025-09-15,Oxford Shirt,Shirts,4,50,305,200,0,0,9
2025-09-16,Oxford Shirt,Shirts,12,50,293,600,0,1,9
2025-09-17,Oxford Shirt,Shirts,9,50,284,450,0,2,9
2025-09-18,Oxford Shirt,Shirts,7,50,277,350,0,3,9
2025-09-19,Oxford Shirt,Shirts,11,50,266,550,0,4,9
2025-09-20,Oxford Shirt,Shirts,9,50,257,450,0,5,9
2025-09-21,Oxford Shirt,Shirts,7,50,250,350,0,6,9
2025-09-22,Oxford Shirt,Shirts,7,50,243,350,0,0,9
2025-09-23,Oxford Shirt,Shirts,11,50,232,550,0,1,9
2025-09-24,Oxford Shirt,Shirts,9,50,223,450,0,2,9
2025-09-25,Oxford Shirt,Shirts,11,50,212,550,0,3,9
2025-09-26,Oxford Shirt,Shirts,8,50,204,400,0,4,9
2025-09-27,Oxford Shirt,Shirts,12,50,192,600,1,5,9
2025-09-28,Oxford Shirt,Shirts,15,50,177,750,0,6,9
2025-09-29,Oxford Shirt,Shirts,9,50,168,450,1,0,9
2025-09-30,Oxford Shirt,Shirts,11,50,157,550,0,1,9
2025-10-01,Oxford Shirt,Shirts,5,50,152,250,0,2,10
2025-10-02,Oxford Shirt,Shirts,11,50,141,550,0,3,10
2025-10-03,Oxford Shirt,Shirts,10,50,131,500,0,4,10
2025-10-04,Oxford Shirt,Shirts,17,50,114,850,1,5,10
2025-10-05,Oxford Shirt,Shirts,7,50,107,350,0,6,10
2025-10-06,Oxford Shirt,Shirts,9,50,98,450,0,0,10
2025-10-07,Oxford Shirt,Shirts,6,50,92,300,0,1,10
2025-10-08,Oxford Shirt,Shirts,6,50,86,300,1,2,10
2025-10-09,Oxford Shirt,Shirts,6,50,80,300,0,3,10
2025-10-10,Oxford Shirt,Shirts,12,50,318,600,0,4,10
2025-10-11,Oxford Shirt,Shirts,15,50,303,750,0,5,10
2025-10-12,Oxford Shirt,Shirts,13,50,290,650,0,6,10
2025-10-13,Oxford Shirt,Shirts,9,50,281,450,0,0,10
2025-10-14,Oxford Shirt,Shirts,9,50,272,450,1,1,10
2025-10-15,Oxford Shirt,Shirts,12,50,260,600,1,2,10
2025-10-16,Oxford Shirt,Shirts,5,50,255,250,0,3,10
2025-10-17,Oxford Shirt,Shirts,9,50,246,450,0,4,10
2025-10-18,Oxford Shirt,Shirts,10,50,236,500,0,5,10
2025-10-19,Oxford Shirt,Shirts,5,50,231,250,0,6,10
2025-10-20,Oxford Shirt,Shirts,9,50,222,450,0,0,10
2025-10-21,Oxford Shirt,Shirts,5,50,217,250,0,1,10
2025-10-22,Oxford Shirt,Shirts,11,50,206,550,0,2,10
2025-10-23,Oxford Shirt,Shirts,10,50,196,500,0,3,10
2025-10-24,Oxford Shirt,Shirts,5,50,191,250,0,4,10
2025-10-25,Oxford Shirt,Shirts,14,50,177,700,0,5,10
2025-10-26,Oxford Shirt,Shirts,15,50,162,750,0,6,10
2025-10-27,Oxford Shirt,Shirts,8,50,154,400,0,0,10
2025-10-28,Oxford Shirt,Shirts,11,50,143,550,1,1,10
2025-10-29,Oxford Shirt,Shirts,11,50,132,550,0,2,10
2025-10-30,Oxford Shirt,Shirts,12,50,120,600,0,3,10
2025-10-31,Oxford Shirt,Shirts,4,50,116,200,0,4,10
2025-11-01,Oxford Shirt,Shirts,12,50,104,600,0,5,11
2025-11-02,Oxford Shirt,Shirts,14,50,90,700,0,6,11
2025-11-03,Oxford Shirt,Shirts,11,50,426,550,0,0,11
2025-11-04,Oxford Shirt,Shirts,14,50,412,700,0,1,11
2025-11-05,Oxford Shirt,Shirts,16,50,396,800,0,2,11
2025-11-06,Oxford Shirt,Shirts,11,50,385,550,0,3,11
2025-11-07,Oxford Shirt,Shirts,12,50,373,600,0,4,11
2025-11-08,Oxford Shirt,Shirts,19,50,354,950,0,5,11
2025-11-09,Oxford Shirt,Shirts,12,50,342,600,0,6,11
2025-11-10,Oxford Shirt,Shirts,13,50,329,650,0,0,11
2025-11-11,Oxford Shirt,Shirts,13,50,316,650,1,1,11
2025-11-12,Oxford Shirt,Shirts,12,50,304,600,0,2,11
2025-11-13,Oxford Shirt,Shirts,12,50,292,600,0,3,11
2025-11-14,Oxford Shirt,Shirts,14,50,278,700,0,4,11
2025-11-15,Oxford Shirt,Shirts,15,50,263,750,0,5,11
2025-11-16,Oxford Shirt,Shirts,12,50,251,600,0,6,11
2025-11-17,Oxford Shirt,Shirts,8,50,243,400,0,0,11
2025-11-18,Oxford Shirt,Shirts,8,50,235,400,0,1,11
2025-11-19,Oxford Shirt,Shirts,12,50,223,600,0,2,11
2025-11-20,Oxford Shirt,Shirts,13,50,210,650,0,3,11
2025-11-21,Oxford Shirt,Shirts,12,50,198,600,0,4,11
2025-11-22,Oxford Shirt,Shirts,16,50,182,800,0,5,11
2025-11-23,Oxford Shirt,Shirts,17,50,165,850,0,6,11
2025-11-24,Oxford Shirt,Shirts,11,50,154,550,0,0,11
2025-11-25,Oxford Shirt,Shirts,10,50,144,500,0,1,11
2025-11-26,Oxford Shirt,Shirts,14,50,130,700,0,2,11
2025-11-27,Oxford Shirt,Shirts,14,50,116,700,0,3,11
2025-11-28,Oxford Shirt,Shirts,11,50,105,550,0,4,11
2025-11-29,Oxford Shirt,Shirts,16,50,89,800,0,5,11
2025-11-30,Oxford Shirt,Shirts,14,50,291,700,0,6,11
2025-12-01,Oxford Shirt,Shirts,9,50,282,450,0,0,12
2025-12-02,Oxford Shirt,Shirts,8,50,274,400,0,1,12
2025-12-03,Oxford Shirt,Shirts,10,50,264,500,0,2,12
2025-12-04,Oxford Shirt,Shirts,17,50,247,850,1,3,12
2025-12-05,Oxford Shirt,Shirts,17,50,230,850,0,4,12
2025-12-06,Oxford Shirt,Shirts,20,50,210,1000,0,5,12
2025-12-07,Oxford Shirt,Shirts,13,50,197,650,0,6,12
2025-12-08,Oxford Shirt,Shirts,12,50,185,600,0,0,12
2025-12-09,Oxford Shirt,Shirts,12,50,173,600,0,1,12
2025-12-10,Oxford Shirt,Shirts,14,50,159,700,0,2,12
2025-12-11,Oxford Shirt,Shirts,6,50,153,300,0,3,12
2025-12-12,Oxford Shirt,Shirts,12,50,141,600,0,4,12
2025-12-13,Oxford Shirt,Shirts,10,50,131,500,0,5,12
2025-12-14,Oxford Shirt,Shirts,21,50,110,1050,0,6,12
2025-12-15,Oxford Shirt,Shirts,20,50,90,1000,1,0,12
2025-12-16,Oxford Shirt,Shirts,13,50,358,650,1,1,12
2025-12-17,Oxford Shirt,Shirts,17,50,341,850,0,2,12
2025-12-18,Oxford Shirt,Shirts,17,50,324,850,0,3,12
2025-12-19,Oxford Shirt,Shirts,9,50,315,450,0,4,12
2025-12-20,Oxford Shirt,Shirts,13,50,302,650,0,5,12
2025-12-21,Oxford Shirt,Shirts,17,50,285,850,0,6,12
2025-12-22,Oxford Shirt,Shirts,10,50,275,500,0,0,12
2025-12-23,Oxford Shirt,Shirts,23,50,252,1150,1,1,12
2025-12-24,Oxford Shirt,Shirts,13,50,239,650,0,2,12
2025-12-25,Oxford Shirt,Shirts,16,50,223,800,0,3,12
2025-12-26,Oxford Shirt,Shirts,9,50,214,450,0,4,12
2025-12-27,Oxford Shirt,Shirts,19,50,195,950,0,5,12
2025-12-28,Oxford Shirt,Shirts,11,50,184,550,0,6,12
2025-12-29,Oxford Shirt,Shirts,13,50,171,650,0,0,12
2025-12-30,Oxford Shirt,Shirts,13,50,158,650,0,1,12
2025-12-31,Oxford Shirt,Shirts,17,50,141,850,0,2,12
2025-01-01,Cargo Pants,Pants,8,55,447,440,0,2,1
2025-01-02,Cargo Pants,Pants,8,55,439,440,0,3,1
2025-01-03,Cargo Pants,Pants,10,55,429,550,0,4,1
2025-01-04,Cargo Pants,Pants,12,55,417,660,1,5,1
2025-01-05,Cargo Pants,Pants,14,55,403,770,0,6,1
2025-01-06,Cargo Pants,Pants,12,55,391,660,0,0,1
2025-01-07,Cargo Pants,Pants,13,55,378,715,0,1,1
2025-01-08,Cargo Pants,Pants,6,55,372,330,0,2,1
2025-01-09,Cargo Pants,Pants,8,55,364,440,0,3,1
2025-01-10,Cargo Pants,Pants,13,55,351,715,0,4,1
2025-01-11,Cargo Pants,Pants,13,55,338,715,0,5,1
2025-01-12,Cargo Pants,Pants,15,55,323,825,0,6,1
2025-01-13,Cargo Pants,Pants,10,55,313,550,1,0,1
2025-01-14,Cargo Pants,Pants,15,55,298,825,0,1,1
2025-01-15,Cargo Pants,Pants,7,55,291,385,0,2,1
2025-01-16,Cargo Pants,Pants,5,55,286,275,1,3,1
2025-01-17,Cargo Pants,Pants,11,55,275,605,0,4,1
2025-01-18,Cargo Pants,Pants,14,55,261,770,0,5,1
2025-01-19,Cargo Pants,Pants,12,55,249,660,0,6,1
2025-01-20,Cargo Pants,Pants,12,55,237,660,0,0,1
2025-01-21,Cargo Pants,Pants,12,55,225,660,0,1,1
2025-01-22,Cargo Pants,Pants,12,55,213,660,0,2,1
2025-01-23,Cargo Pants,Pants,9,55,204,495,0,3,1
2025-01-24,Cargo Pants,Pants,8,55,196,440,0,4,1
2025-01-25,Cargo Pants,Pants,12,55,184,660,0,5,1
2025-01-26,Cargo Pants,Pants,11,55,173,605,0,6,1
2025-01-27,Cargo Pants,Pants,14,55,159,770,0,0,1
2025-01-28,Cargo Pants,Pants,10,55,149,550,0,1,1
2025-01-29,Cargo Pants,Pants,11,55,138,605,0,2,1
2025-01-30,Cargo Pants,Pants,13,55,125,715,0,3,1
2025-01-31,Cargo Pants,Pants,8,55,117,440,0,4,1
2025-02-01,Cargo Pants,Pants,9,55,108,495,0,5,2
2025-02-02,Cargo Pants,Pants,11,55,97,605,0,6,2
2025-02-03,Cargo Pants,Pants,11,55,86,605,0,0,2
2025-02-04,Cargo Pants,Pants,11,55,451,605,0,1,2
2025-02-05,Cargo Pants,Pants,11,55,440,605,0,2,2
2025-02-06,Cargo Pants,Pants,12,55,428,660,0,3,2
2025-02-07,Cargo Pants,Pants,13,55,415,715,0,4,2
2025-02-08,Cargo Pants,Pants,14,55,401,770,0,5,2
2025-02-09,Cargo Pants,Pants,12,55,389,660,0,6,2
2025-02-10,Cargo Pants,Pants,12,55,377,660,1,0,2
2025-02-11,Cargo Pants,Pants,9,55,368,495,0,1,2
2025-02-12,Cargo Pants,Pants,9,55,359,495,0,2,2
2025-02-13,Cargo Pants,Pants,13,55,346,715,1,3,2
2025-02-14,Cargo Pants,Pants,5,55,341,275,0,4,2
2025-02-15,Cargo Pants,Pants,17,55,324,935,1,5,2
2025-02-16,Cargo Pants,Pants,10,55,314,550,0,6,2
2025-02-17,Cargo Pants,Pants,11,55,303,605,1,0,2
2025-02-18,Cargo Pants,Pants,10,55,293,550,0,1,2
2025-02-19,Cargo Pants,Pants,11,55,282,605,0,2,2
2025-02-20,Cargo Pants,Pants,7,55,275,385,0,3,2
2025-02-21,Cargo Pants,Pants,13,55,262,715,0,4,2
2025-02-22,Cargo Pants,Pants,12,55,250,660,0,5,2
2025-02-23,Cargo Pants,Pants,15,55,235,825,0,6,2
2025-02-24,Cargo Pants,Pants,13,55,222,715,0,0,2
2025-02-25,Cargo Pants,Pants,11,55,211,605,0,1,2
2025-02-26,Cargo Pants,Pants,9,55,202,495,0,2,2
2025-02-27,Cargo Pants,Pants,14,55,188,770,0,3,2
2025-02-28,Cargo Pants,Pants,12,55,176,660,0,4,2
2025-03-01,Cargo Pants,Pants,14,55,162,770,0,5,3
2025-03-02,Cargo Pants,Pants,11,55,151,605,0,6,3
2025-03-03,Cargo Pants,Pants,15,55,136,825,1,0,3
2025-03-04,Cargo Pants,Pants,16,55,120,880,1,1,3
2025-03-05,Cargo Pants,Pants,8,55,112,440,0,2,3
2025-03-06,Cargo Pants,Pants,17,55,95,935,1,3,3
2025-03-07,Cargo Pants,Pants,12,55,83,660,0,4,3
2025-03-08,Cargo Pants,Pants,14,55,358,770,0,5,3
2025-03-09,Cargo Pants,Pants,16,55,342,880,0,6,3
2025-03-10,Cargo Pants,Pants,8,55,334,440,0,0,3
2025-03-11,Cargo Pants,Pants,10,55,324,550,0,1,3
2025-03-12,Cargo Pants,Pants,11,55,313,605,0,2,3
2025-03-13,Cargo Pants,Pants,13,55,300,715,0,3,3
2025-03-14,Cargo Pants,Pants,8,55,292,440,0,4,3
2025-03-15,Cargo Pants,Pants,16,55,276,880,0,5,3
2025-03-16,Cargo Pants,Pants,13,55,263,715,1,6,3
2025-03-17,Cargo Pants,Pants,13,55,250,715,0,0,3
2025-03-18,Cargo Pants,Pants,13,55,237,715,0,1,3
2025-03-19,Cargo Pants,Pants,9,55,228,495,0,2,3
2025-03-20,Cargo Pants,Pants,10,55,218,550,0,3,3
2025-03-21,Cargo Pants,Pants,16,55,202,880,0,4,3
2025-03-22,Cargo Pants,Pants,13,55,189,715,0,5,3
2025-03-23,Cargo Pants,Pants,15,55,174,825,0,6,3
2025-03-24,Cargo Pants,Pants,11,55,163,605,0,0,3
2025-03-25,Cargo Pants,Pants,9,55,154,495,0,1,3
2025-03-26,Cargo Pants,Pants,9,55,145,495,0,2,3
2025-03-27,Cargo Pants,Pants,12,55,133,660,0,3,3
2025-03-28,Cargo Pants,Pants,15,55,118,825,0,4,3
2025-03-29,Cargo Pants,Pants,9,55,109,495,0,5,3
2025-03-30,Cargo Pants,Pants,18,55,91,990,0,6,3
2025-03-31,Cargo Pants,Pants,12,55,460,660,0,0,3
2025-04-01,Cargo Pants,Pants,10,55,450,550,0,1,4
2025-04-02,Cargo Pants,Pants,13,55,437,715,1,2,4
2025-04-03,Cargo Pants,Pants,11,55,426,605,0,3,4
2025-04-04,Cargo Pants,Pants,8,55,418,440,0,4,4
2025-04-05,Cargo Pants,Pants,20,55,398,1100,0,5,4
2025-04-06,Cargo Pants,Pants,13,55,385,715,1,6,4
2025-04-07,Cargo Pants,Pants,11,55,374,605,0,0,4
2025-04-08,Cargo Pants,Pants,10,55,364,550,0,1,4
2025-04-09,Cargo Pants,Pants,9,55,355,495,0,2,4
2025-04-10,Cargo Pants,Pants,4,55,351,220,0,3,4
2025-04-11,Cargo Pants,Pants,15,55,336,825,0,4,4
2025-04-12,Cargo Pants,Pants,9,55,327,495,0,5,4
2025-04-13,Cargo Pants,Pants,12,55,315,660,0,6,4
2025-04-14,Cargo Pants,Pants,9,55,306,495,0,0,4
2025-04-15,Cargo Pants,Pants,16,55,290,880,1,1,4
2025-04-16,Cargo Pants,Pants,6,55,284,330,0,2,4
2025-04-17,Cargo Pants,Pants,12,55,272,660,0,3,4
2025-04-18,Cargo Pants,Pants,11,55,261,605,0,4,4
2025-04-19,Cargo Pants,Pants,15,55,246,825,1,5,4
2025-04-20,Cargo Pants,Pants,15,55,231,825,0,6,4
2025-04-21,Cargo Pants,Pants,11,55,220,605,0,0,4
2025-04-22,Cargo Pants,Pants,16,55,204,880,0,1,4
2025-04-23,Cargo Pants,Pants,10,55,194,550,0,2,4
2025-04-24,Cargo Pants,Pants,8,55,186,440,0,3,4
2025-04-25,Cargo Pants,Pants,12,55,174,660,0,4,4
2025-04-26,Cargo Pants,Pants,12,55,162,660,0,5,4
2025-04-27,Cargo Pants,Pants,13,55,149,715,0,6,4
2025-04-28,Cargo Pants,Pants,7,55,142,385,0,0,4
2025-04-29,Cargo Pants,Pants,12,55,130,660,0,1,4
2025-04-30,Cargo Pants,Pants,9,55,121,495,0,2,4
2025-05-01,Cargo Pants,Pants,11,55,110,605,0,3,5
2025-05-02,Cargo Pants,Pants,17,55,93,935,0,4,5
2025-05-03,Cargo Pants,Pants,13,55,80,715,0,5,5
2025-05-04,Cargo Pants,Pants,15,55,393,825,0,6,5
2025-05-05,Cargo Pants,Pants,10,55,383,550,0,0,5
2025-05-06,Cargo Pants,Pants,6,55,377,330,0,1,5
2025-05-07,Cargo Pants,Pants,6,55,371,330,0,2,5
2025-05-08,Cargo Pants,Pants,14,55,357,770,1,3,5
2025-05-09,Cargo Pants,Pants,12,55,345,660,0,4,5
2025-05-10,Cargo Pants,Pants,14,55,331,770,0,5,5
2025-05-11,Cargo Pants,Pants,9,55,322,495,0,6,5
2025-05-12,Cargo Pants,Pants,8,55,314,440,0,0,5
2025-05-13,Cargo Pants,Pants,12,55,302,660,1,1,5
2025-05-14,Cargo Pants,Pants,6,55,296,330,0,2,5
2025-05-15,Cargo Pants,Pants,11,55,285,605,0,3,5
2025-05-16,Cargo Pants,Pants,11,55,274,605,0,4,5
2025-05-17,Cargo Pants,Pants,13,55,261,715,0,5,5
2025-05-18,Cargo Pants,Pants,13,55,248,715,1,6,5
2025-05-19,Cargo Pants,Pants,16,55,232,880,0,0,5
2025-05-20,Cargo Pants,Pants,8,55,224,440,0,1,5
2025-05-21,Cargo Pants,Pants,13,55,211,715,0,2,5
2025-05-22,Cargo Pants,Pants,18,55,193,990,1,3,5
2025-05-23,Cargo Pants,Pants,9,55,184,495,0,4,5
2025-05-24,Cargo Pants,Pants,14,55,170,770,0,5,5
2025-05-25,Cargo Pants,Pants,9,55,161,495,0,6,5
2025-05-26,Cargo Pants,Pants,9,55,152,495,0,0,5
2025-05-27,Cargo Pants,Pants,12,55,140,660,0,1,5
2025-05-28,Cargo Pants,Pants,11,55,129,605,0,2,5
2025-05-29,Cargo Pants,Pants,13,55,116,715,0,3,5
2025-05-30,Cargo Pants,Pants,9,55,107,495,0,4,5
2025-05-31,Cargo Pants,Pants,16,55,91,880,0,5,5
2025-06-01,Cargo Pants,Pants,10,55,81,550,0,6,6
2025-06-02,Cargo Pants,Pants,15,55,446,825,1,0,6
2025-06-03,Cargo Pants,Pants,9,55,437,495,0,1,6
2025-06-04,Cargo Pants,Pants,10,55,427,550,0,2,6
2025-06-05,Cargo Pants,Pants,8,55,419,440,0,3,6
2025-06-06,Cargo Pants,Pants,14,55,405,770,1,4,6
2025-06-07,Cargo Pants,Pants,10,55,395,550,0,5,6
2025-06-08,Cargo Pants,Pants,10,55,385,550,0,6,6
2025-06-09,Cargo Pants,Pants,13,55,372,715,0,0,6
2025-06-10,Cargo Pants,Pants,7,55,365,385,0,1,6
2025-06-11,Cargo Pants,Pants,5,55,360,275,0,2,6
2025-06-12,Cargo Pants,Pants,8,55,352,440,0,3,6
2025-06-13,Cargo Pants,Pants,9,55,343,495,0,4,6
2025-06-14,Cargo Pants,Pants,15,55,328,825,0,5,6
2025-06-15,Cargo Pants,Pants,16,55,312,880,1,6,6
2025-06-16,Cargo Pants,Pants,15,55,297,825,0,0,6
2025-06-17,Cargo Pants,Pants,11,55,286,605,0,1,6
2025-06-18,Cargo Pants,Pants,8,55,278,440,0,2,6
2025-06-19,Cargo Pants,Pants,12,55,266,660,0,3,6
2025-06-20,Cargo Pants,Pants,18,55,248,990,1,4,6
2025-06-21,Cargo Pants,Pants,15,55,233,825,0,5,6
2025-06-22,Cargo Pants,Pants,9,55,224,495,0,6,6
2025-06-23,Cargo Pants,Pants,9,55,215,495,0,0,6
2025-06-24,Cargo Pants,Pants,11,55,204,605,0,1,6
2025-06-25,Cargo Pants,Pants,12,55,192,660,0,2,6
2025-06-26,Cargo Pants,Pants,10,55,182,550,0,3,6
2025-06-27,Cargo Pants,Pants,10,55,172,550,0,4,6
2025-06-28,Cargo Pants,Pants,23,55,149,1265,1,5,6
2025-06-29,Cargo Pants,Pants,15,55,134,825,0,6,6
2025-06-30,Cargo Pants,Pants,12,55,122,660,0,0,6
2025-07-01,Cargo Pants,Pants,9,55,113,495,0,1,7
2025-07-02,Cargo Pants,Pants,7,55,106,385,0,2,7
2025-07-03,Cargo Pants,Pants,15,55,91,825,1,3,7
2025-07-04,Cargo Pants,Pants,13,55,452,715,0,4,7
2025-07-05,Cargo Pants,Pants,8,55,444,440,0,5,7
2025-07-06,Cargo Pants,Pants,15,55,429,825,0,6,7
2025-07-07,Cargo Pants,Pants,13,55,416,715,0,0,7
2025-07-08,Cargo Pants,Pants,10,55,406,550,0,1,7
2025-07-09,Cargo Pants,Pants,11,55,395,605,0,2,7
2025-07-10,Cargo Pants,Pants,10,55,385,550,0,3,7
2025-07-11,Cargo Pants,Pants,11,55,374,605,0,4,7
2025-07-12,Cargo Pants,Pants,11,55,363,605,0,5,7
2025-07-13,Cargo Pants,Pants,20,55,343,1100,0,6,7
2025-07-14,Cargo Pants,Pants,16,55,327,880,0,0,7
2025-07-15,Cargo Pants,Pants,7,55,320,385,0,1,7
2025-07-16,Cargo Pants,Pants,14,55,306,770,1,2,7
2025-07-17,Cargo Pants,Pants,11,55,295,605,0,3,7
2025-07-18,Cargo Pants,Pants,11,55,284,605,0,4,7
2025-07-19,Cargo Pants,Pants,16,55,268,880,0,5,7
2025-07-20,Cargo Pants,Pants,12,55,256,660,0,6,7
2025-07-21,Cargo Pants,Pants,12,55,244,660,0,0,7
2025-07-22,Cargo Pants,Pants,13,55,231,715,1,1,7
2025-07-23,Cargo Pants,Pants,10,55,221,550,1,2,7
2025-07-24,Cargo Pants,Pants,13,55,208,715,0,3,7
2025-07-25,Cargo Pants,Pants,10,55,198,550,0,4,7
2025-07-26,Cargo Pants,Pants,13,55,185,715,0,5,7
2025-07-27,Cargo Pants,Pants,13,55,172,715,0,6,7
2025-07-28,Cargo Pants,Pants,16,55,156,880,1,0,7
2025-07-29,Cargo Pants,Pants,8,55,148,440,0,1,7
2025-07-30,Cargo Pants,Pants,7,55,141,385,0,2,7
2025-07-31,Cargo Pants,Pants,9,55,132,495,0,3,7
2025-08-01,Cargo Pants,Pants,11,55,121,605,0,4,8
2025-08-02,Cargo Pants,Pants,12,55,109,660,0,5,8
2025-08-03,Cargo Pants,Pants,14,55,95,770,0,6,8
2025-08-04,Cargo Pants,Pants,12,55,83,660,0,0,8
2025-08-05,Cargo Pants,Pants,13,55,405,715,1,1,8
2025-08-06,Cargo Pants,Pants,7,55,398,385,0,2,8
2025-08-07,Cargo Pants,Pants,14,55,384,770,1,3,8
2025-08-08,Cargo Pants,Pants,15,55,369,825,0,4,8
2025-08-09,Cargo Pants,Pants,11,55,358,605,0,5,8
2025-08-10,Cargo Pants,Pants,10,55,348,550,0,6,8
2025-08-11,Cargo Pants,Pants,6,55,342,330,0,0,8
2025-08-12,Cargo Pants,Pants,5,55,337,275,0,1,8
2025-08-13,Cargo Pants,Pants,10,55,327,550,0,2,8
2025-08-14,Cargo Pants,Pants,11,55,316,605,0,3,8
2025-08-15,Cargo Pants,Pants,12,55,304,660,0,4,8
2025-08-16,Cargo Pants,Pants,13,55,291,715,0,5,8
2025-08-17,Cargo Pants,Pants,14,55,277,770,0,6,8
2025-08-18,Cargo Pants,Pants,15,55,262,825,0,0,8
2025-08-19,Cargo Pants,Pants,14,55,248,770,0,1,8
2025-08-20,Cargo Pants,Pants,14,55,234,770,0,2,8
2025-08-21,Cargo Pants,Pants,14,55,220,770,0,3,8
2025-08-22,Cargo Pants,Pants,12,55,208,660,0,4,8
2025-08-23,Cargo Pants,Pants,13,55,195,715,1,5,8
2025-08-24,Cargo Pants,Pants,17,55,178,935,1,6,8
2025-08-25,Cargo Pants,Pants,11,55,167,605,0,0,8
2025-08-26,Cargo Pants,Pants,8,55,159,440,0,1,8
2025-08-27,Cargo Pants,Pants,16,55,143,880,0,2,8
2025-08-28,Cargo Pants,Pants,10,55,133,550,0,3,8
2025-08-29,Cargo Pants,Pants,9,55,124,495,1,4,8
2025-08-30,Cargo Pants,Pants,12,55,112,660,0,5,8
2025-08-31,Cargo Pants,Pants,15,55,97,825,0,6,8
2025-09-01,Cargo Pants,Pants,11,55,86,605,1,0,9
2025-09-02,Cargo Pants,Pants,10,55,402,550,0,1,9
2025-09-03,Cargo Pants,Pants,11,55,391,605,0,2,9
2025-09-04,Cargo Pants,Pants,11,55,380,605,0,3,9
2025-09-05,Cargo Pants,Pants,16,55,364,880,0,4,9
2025-09-06,Cargo Pants,Pants,15,55,349,825,0,5,9
2025-09-07,Cargo Pants,Pants,16,55,333,880,0,6,9
2025-09-08,Cargo Pants,Pants,12,55,321,660,0,0,9
2025-09-09,Cargo Pants,Pants,14,55,307,770,1,1,9
2025-09-10,Cargo Pants,Pants,10,55,297,550,0,2,9
2025-09-11,Cargo Pants,Pants,10,55,287,550,0,3,9
2025-09-12,Cargo Pants,Pants,13,55,274,715,0,4,9
2025-09-13,Cargo Pants,Pants,18,55,256,990,0,5,9
2025-09-14,Cargo Pants,Pants,18,55,238,990,0,6,9
2025-09-15,Cargo Pants,Pants,10,55,228,550,0,0,9
2025-09-16,Cargo Pants,Pants,13,55,215,715,0,1,9
2025-09-17,Cargo Pants,Pants,9,55,206,495,0,2,9
2025-09-18,Cargo Pants,Pants,14,55,192,770,0,3,9
2025-09-19,Cargo Pants,Pants,9,55,183,495,0,4,9
2025-09-20,Cargo Pants,Pants,18,55,165,990,0,5,9
2025-09-21,Cargo Pants,Pants,16,55,149,880,0,6,9
2025-09-22,Cargo Pants,Pants,13,55,136,715,1,0,9
2025-09-23,Cargo Pants,Pants,17,55,119,935,1,1,9
2025-09-24,Cargo Pants,Pants,10,55,109,550,0,2,9
2025-09-25,Cargo Pants,Pants,20,55,89,1100,0,3,9
2025-09-26,Cargo Pants,Pants,10,55,357,550,0,4,9
2025-09-27,Cargo Pants,Pants,12,55,345,660,0,5,9
2025-09-28,Cargo Pants,Pants,16,55,329,880,0,6,9
2025-09-29,Cargo Pants,Pants,11,55,318,605,0,0,9
2025-09-30,Cargo Pants,Pants,5,55,313,275,0,1,9
2025-10-01,Cargo Pants,Pants,9,55,304,495,0,2,10
2025-10-02,Cargo Pants,Pants,15,55,289,825,0,3,10
2025-10-03,Cargo Pants,Pants,10,55,279,550,0,4,10
2025-10-04,Cargo Pants,Pants,12,55,267,660,0,5,10
2025-10-05,Cargo Pants,Pants,16,55,251,880,0,6,10
2025-10-06,Cargo Pants,Pants,12,55,239,660,0,0,10
2025-10-07,Cargo Pants,Pants,10,55,229,550,0,1,10
2025-10-08,Cargo Pants,Pants,9,55,220,495,0,2,10
2025-10-09,Cargo Pants,Pants,19,55,201,1045,0,3,10
2025-10-10,Cargo Pants,Pants,14,55,187,770,0,4,10
2025-10-11,Cargo Pants,Pants,15,55,172,825,0,5,10
2025-10-12,Cargo Pants,Pants,15,55,157,825,0,6,10
2025-10-13,Cargo Pants,Pants,13,55,144,715,1,0,10
2025-10-14,Cargo Pants,Pants,11,55,133,605,0,1,10
2025-10-15,Cargo Pants,Pants,10,55,123,550,0,2,10
2025-10-16,Cargo Pants,Pants,8,55,115,440,0,3,10
2025-10-17,Cargo Pants,Pants,12,55,103,660,0,4,10
2025-10-18,Cargo Pants,Pants,12,55,91,660,0,5,10
2025-10-19,Cargo Pants,Pants,15,55,332,825,0,6,10
2025-10-20,Cargo Pants,Pants,12,55,320,660,0,0,10
2025-10-21,Cargo Pants,Pants,4,55,316,220,0,1,10
2025-10-22,Cargo Pants,Pants,7,55,309,385,0,2,10
2025-10-23,Cargo Pants,Pants,2,55,307,110,0,3,10
2025-10-24,Cargo Pants,Pants,9,55,298,495,0,4,10
2025-10-25,Cargo Pants,Pants,22,55,276,1210,1,5,10
2025-10-26,Cargo Pants,Pants,14,55,262,770,0,6,10
2025-10-27,Cargo Pants,Pants,8,55,254,440,0,0,10
2025-10-28,Cargo Pants,Pants,5,55,249,275,0,1,10
2025-10-29,Cargo Pants,Pants,15,55,234,825,1,2,10
2025-10-30,Cargo Pants,Pants,8,55,226,440,0,3,10
2025-10-31,Cargo Pants,Pants,8,55,218,440,0,4,10
2025-11-01,Cargo Pants,Pants,16,55,202,880,0,5,11
2025-11-02,Cargo Pants,Pants,16,55,186,880,0,6,11
2025-11-03,Cargo Pants,Pants,11,55,175,605,0,0,11
2025-11-04,Cargo Pants,Pants,15,55,160,825,0,1,11
2025-11-05,Cargo Pants,Pants,16,55,144,880,0,2,11
2025-11-06,Cargo Pants,Pants,17,55,127,935,1,3,11
2025-11-07,Cargo Pants,Pants,20,55,107,1100,0,4,11
2025-11-08,Cargo Pants,Pants,20,55,87,1100,0,5,11
2025-11-09,Cargo Pants,Pants,13,55,366,715,0,6,11
2025-11-10,Cargo Pants,Pants,16,55,350,880,0,0,11
2025-11-11,Cargo Pants,Pants,12,55,338,660,0,1,11
2025-11-12,Cargo Pants,Pants,16,55,322,880,0,2,11
2025-11-13,Cargo Pants,Pants,12,55,310,660,0,3,11
2025-11-14,Cargo Pants,Pants,15,55,295,825,0,4,11
2025-11-15,Cargo Pants,Pants,19,55,276,1045,0,5,11
2025-11-16,Cargo Pants,Pants,19,55,257,1045,0,6,11
2025-11-17,Cargo Pants,Pants,13,55,244,715,0,0,11
2025-11-18,Cargo Pants,Pants,12,55,232,660,0,1,11
2025-11-19,Cargo Pants,Pants,17,55,215,935,0,2,11
2025-11-20,Cargo Pants,Pants,19,55,196,1045,0,3,11
2025-11-21,Cargo Pants,Pants,15,55,181,825,0,4,11
2025-11-22,Cargo Pants,Pants,12,55,169,660,0,5,11
2025-11-23,Cargo Pants,Pants,18,55,151,990,0,6,11
2025-11-24,Cargo Pants,Pants,16,55,135,880,0,0,11
2025-11-25,Cargo Pants,Pants,19,55,116,1045,1,1,11
2025-11-26,Cargo Pants,Pants,14,55,102,770,0,2,11
2025-11-27,Cargo Pants,Pants,13,55,89,715,0,3,11
2025-11-28,Cargo Pants,Pants,19,55,454,1045,1,4,11
2025-11-29,Cargo Pants,Pants,22,55,432,1210,0,5,11
2025-11-30,Cargo Pants,Pants,20,55,412,1100,0,6,11
2025-12-01,Cargo Pants,Pants,15,55,397,825,0,0,12
2025-12-02,Cargo Pants,Pants,13,55,384,715,0,1,12
2025-12-03,Cargo Pants,Pants,15,55,369,825,0,2,12
2025-12-04,Cargo Pants,Pants,12,55,357,660,0,3,12
2025-12-05,Cargo Pants,Pants,19,55,338,1045,0,4,12
2025-12-06,Cargo Pants,Pants,20,55,318,1100,0,5,12
2025-12-07,Cargo Pants,Pants,18,55,300,990,0,6,12
2025-12-08,Cargo Pants,Pants,14,55,286,770,0,0,12
2025-12-09,Cargo Pants,Pants,18,55,268,990,0,1,12
2025-12-10,Cargo Pants,Pants,10,55,258,550,0,2,12
2025-12-11,Cargo Pants,Pants,20,55,238,1100,0,3,12
2025-12-12,Cargo Pants,Pants,19,55,219,1045,0,4,12
2025-12-13,Cargo Pants,Pants,15,55,204,825,0,5,12
2025-12-14,Cargo Pants,Pants,21,55,183,1155,0,6,12
2025-12-15,Cargo Pants,Pants,12,55,171,660,0,0,12
2025-12-16,Cargo Pants,Pants,11,55,160,605,0,1,12
2025-12-17,Cargo Pants,Pants,10,55,150,550,0,2,12
2025-12-18,Cargo Pants,Pants,11,55,139,605,0,3,12
2025-12-19,Cargo Pants,Pants,21,55,118,1155,0,4,12
2025-12-20,Cargo Pants,Pants,29,55,89,1595,1,5,12
2025-12-21,Cargo Pants,Pants,20,55,457,1100,0,6,12
2025-12-22,Cargo Pants,Pants,12,55,445,660,0,0,12
2025-12-23,Cargo Pants,Pants,13,55,432,715,0,1,12
2025-12-24,Cargo Pants,Pants,14,55,418,770,0,2,12
2025-12-25,Cargo Pants,Pants,15,55,403,825,1,3,12
2025-12-26,Cargo Pants,Pants,12,55,391,660,0,4,12
2025-12-27,Cargo Pants,Pants,23,55,368,1265,0,5,12
2025-12-28,Cargo Pants,Pants,17,55,351,935,0,6,12
2025-12-29,Cargo Pants,Pants,17,55,334,935,0,0,12
2025-12-30,Cargo Pants,Pants,15,55,319,825,0,1,12
2025-12-31,Cargo Pants,Pants,17,55,302,935,0,2,12
2025-01-01,Linen Shirt,Shirts,16,40,406,640,0,2,1
2025-01-02,Linen Shirt,Shirts,22,40,384,880,0,3,1
2025-01-03,Linen Shirt,Shirts,23,40,361,920,0,4,1
2025-01-04,Linen Shirt,Shirts,28,40,333,1120,0,5,1
2025-01-05,Linen Shirt,Shirts,23,40,310,920,0,6,1
2025-01-06,Linen Shirt,Shirts,25,40,285,1000,0,0,1
2025-01-07,Linen Shirt,Shirts,20,40,265,800,0,1,1
2025-01-08,Linen Shirt,Shirts,22,40,243,880,0,2,1
2025-01-09,Linen Shirt,Shirts,17,40,226,680,0,3,1
2025-01-10,Linen Shirt,Shirts,30,40,196,1200,1,4,1
2025-01-11,Linen Shirt,Shirts,36,40,160,1440,1,5,1
2025-01-12,Linen Shirt,Shirts,33,40,127,1320,1,6,1
2025-01-13,Linen Shirt,Shirts,19,40,108,760,0,0,1
2025-01-14,Linen Shirt,Shirts,22,40,86,880,0,1,1
2025-01-15,Linen Shirt,Shirts,24,40,322,960,0,2,1
2025-01-16,Linen Shirt,Shirts,24,40,298,960,1,3,1
2025-01-17,Linen Shirt,Shirts,24,40,274,960,1,4,1
2025-01-18,Linen Shirt,Shirts,25,40,249,1000,0,5,1
2025-01-19,Linen Shirt,Shirts,27,40,222,1080,0,6,1
2025-01-20,Linen Shirt,Shirts,25,40,197,1000,0,0,1
2025-01-21,Linen Shirt,Shirts,22,40,175,880,0,1,1
2025-01-22,Linen Shirt,Shirts,24,40,151,960,0,2,1
2025-01-23,Linen Shirt,Shirts,22,40,129,880,0,3,1
2025-01-24,Linen Shirt,Shirts,24,40,105,960,0,4,1
2025-01-25,Linen Shirt,Shirts,26,40,303,1040,0,5,1
2025-01-26,Linen Shirt,Shirts,29,40,274,1160,0,6,1
2025-01-27,Linen Shirt,Shirts,23,40,251,920,0,0,1
2025-01-28,Linen Shirt,Shirts,24,40,227,960,0,1,1
2025-01-29,Linen Shirt,Shirts,24,40,203,960,0,2,1
2025-01-30,Linen Shirt,Shirts,21,40,182,840,0,3,1
2025-01-31,Linen Shirt,Shirts,25,40,157,1000,0,4,1
2025-02-01,Linen Shirt,Shirts,30,40,127,1200,0,5,2
2025-02-02,Linen Shirt,Shirts,29,40,98,1160,0,6,2
2025-02-03,Linen Shirt,Shirts,20,40,443,800,0,0,2
2025-02-04,Linen Shirt,Shirts,20,40,423,800,0,1,2
2025-02-05,Linen Shirt,Shirts,19,40,404,760,0,2,2
2025-02-06,Linen Shirt,Shirts,22,40,382,880,0,3,2
2025-02-07,Linen Shirt,Shirts,20,40,362,800,0,4,2
2025-02-08,Linen Shirt,Shirts,29,40,333,1160,0,5,2
2025-02-09,Linen Shirt,Shirts,29,40,304,1160,0,6,2
2025-02-10,Linen Shirt,Shirts,22,40,282,880,0,0,2
2025-02-11,Linen Shirt,Shirts,17,40,265,680,0,1,2
2025-02-12,Linen Shirt,Shirts,19,40,246,760,0,2,2
2025-02-13,Linen Shirt,Shirts,26,40,220,1040,0,3,2
2025-02-14,Linen Shirt,Shirts,22,40,198,880,0,4,2
2025-02-15,Linen Shirt,Shirts,30,40,168,1200,0,5,2
2025-02-16,Linen Shirt,Shirts,23,40,145,920,0,6,2
2025-02-17,Linen Shirt,Shirts,30,40,115,1200,0,0,2
2025-02-18,Linen Shirt,Shirts,16,40,99,640,0,1,2
2025-02-19,Linen Shirt,Shirts,28,40,296,1120,1,2,2
2025-02-20,Linen Shirt,Shirts,21,40,275,840,0,3,2
2025-02-21,Linen Shirt,Shirts,18,40,257,720,0,4,2
2025-02-22,Linen Shirt,Shirts,26,40,231,1040,0,5,2
2025-02-23,Linen Shirt,Shirts,25,40,206,1000,0,6,2
2025-02-24,Linen Shirt,Shirts,23,40,183,920,0,0,2
2025-02-25,Linen Shirt,Shirts,25,40,158,1000,0,1,2
2025-02-26,Linen Shirt,Shirts,24,40,134,960,1,2,2
2025-02-27,Linen Shirt,Shirts,25,40,109,1000,0,3,2
2025-02-28,Linen Shirt,Shirts,26,40,83,1040,1,4,2
2025-03-01,Linen Shirt,Shirts,25,40,376,1000,0,5,3
2025-03-02,Linen Shirt,Shirts,25,40,351,1000,0,6,3
2025-03-03,Linen Shirt,Shirts,18,40,333,720,0,0,3
2025-03-04,Linen Shirt,Shirts,23,40,310,920,0,1,3
2025-03-05,Linen Shirt,Shirts,21,40,289,840,0,2,3
2025-03-06,Linen Shirt,Shirts,19,40,270,760,0,3,3
2025-03-07,Linen Shirt,Shirts,25,40,245,1000,0,4,3
2025-03-08,Linen Shirt,Shirts,25,40,220,1000,0,5,3
2025-03-09,Linen Shirt,Shirts,23,40,197,920,0,6,3
2025-03-10,Linen Shirt,Shirts,28,40,169,1120,1,0,3
2025-03-11,Linen Shirt,Shirts,17,40,152,680,0,1,3
2025-03-12,Linen Shirt,Shirts,19,40,133,760,0,2,3
2025-03-13,Linen Shirt,Shirts,24,40,109,960,0,3,3
2025-03-14,Linen Shirt,Shirts,21,40,88,840,0,4,3
2025-03-15,Linen Shirt,Shirts,27,40,348,1080,0,5,3
2025-03-16,Linen Shirt,Shirts,26,40,322,1040,0,6,3
2025-03-17,Linen Shirt,Shirts,18,40,304,720,0,0,3
2025-03-18,Linen Shirt,Shirts,19,40,285,760,0,1,3
2025-03-19,Linen Shirt,Shirts,21,40,264,840,0,2,3
2025-03-20,Linen Shirt,Shirts,22,40,242,880,0,3,3
2025-03-21,Linen Shirt,Shirts,17,40,225,680,0,4,3
2025-03-22,Linen Shirt,Shirts,26,40,199,1040,0,5,3
2025-03-23,Linen Shirt,Shirts,23,40,176,920,0,6,3
2025-03-24,Linen Shirt,Shirts,20,40,156,800,0,0,3
2025-03-25,Linen Shirt,Shirts,19,40,137,760,0,1,3
2025-03-26,Linen Shirt,Shirts,26,40,111,1040,0,2,3
2025-03-27,Linen Shirt,Shirts,23,40,88,920,0,3,3
2025-03-28,Linen Shirt,Shirts,28,40,426,1120,1,4,3
2025-03-29,Linen Shirt,Shirts,20,40,406,800,0,5,3
2025-03-30,Linen Shirt,Shirts,18,40,388,720,0,6,3
2025-03-31,Linen Shirt,Shirts,26,40,362,1040,0,0,3
2025-04-01,Linen Shirt,Shirts,24,40,338,960,0,1,4
2025-04-02,Linen Shirt,Shirts,24,40,314,960,0,2,4
2025-04-03,Linen Shirt,Shirts,22,40,292,880,0,3,4
2025-04-04,Linen Shirt,Shirts,18,40,274,720,0,4,4
2025-04-05,Linen Shirt,Shirts,26,40,248,1040,0,5,4
2025-04-06,Linen Shirt,Shirts,30,40,218,1200,0,6,4
2025-04-07,Linen Shirt,Shirts,20,40,198,800,0,0,4
2025-04-08,Linen Shirt,Shirts,30,40,168,1200,1,1,4
2025-04-09,Linen Shirt,Shirts,24,40,144,960,1,2,4
2025-04-10,Linen Shirt,Shirts,23,40,121,920,0,3,4
2025-04-11,Linen Shirt,Shirts,27,40,94,1080,1,4,4
2025-04-12,Linen Shirt,Shirts,25,40,418,1000,0,5,4
2025-04-13,Linen Shirt,Shirts,30,40,388,1200,0,6,4
2025-04-14,Linen Shirt,Shirts,27,40,361,1080,0,0,4
2025-04-15,Linen Shirt,Shirts,20,40,341,800,0,1,4
2025-04-16,Linen Shirt,Shirts,23,40,318,920,0,2,4
2025-04-17,Linen Shirt,Shirts,28,40,290,1120,0,3,4
2025-04-18,Linen Shirt,Shirts,27,40,263,1080,0,4,4
2025-04-19,Linen Shirt,Shirts,30,40,233,1200,0,5,4
2025-04-20,Linen Shirt,Shirts,31,40,202,1240,0,6,4
2025-04-21,Linen Shirt,Shirts,18,40,184,720,0,0,4
2025-04-22,Linen Shirt,Shirts,18,40,166,720,0,1,4
2025-04-23,Linen Shirt,Shirts,18,40,148,720,0,2,4
2025-04-24,Linen Shirt,Shirts,24,40,124,960,1,3,4
2025-04-25,Linen Shirt,Shirts,29,40,95,1160,1,4,4
2025-04-26,Linen Shirt,Shirts,26,40,281,1040,0,5,4
2025-04-27,Linen Shirt,Shirts,31,40,250,1240,0,6,4
2025-04-28,Linen Shirt,Shirts,20,40,230,800,0,0,4
2025-04-29,Linen Shirt,Shirts,26,40,204,1040,0,1,4
2025-04-30,Linen Shirt,Shirts,23,40,181,920,1,2,4
2025-05-01,Linen Shirt,Shirts,24,40,157,960,0,3,5
2025-05-02,Linen Shirt,Shirts,19,40,138,760,0,4,5
2025-05-03,Linen Shirt,Shirts,24,40,114,960,0,5,5
2025-05-04,Linen Shirt,Shirts,22,40,92,880,0,6,5
2025-05-05,Linen Shirt,Shirts,21,40,323,840,0,0,5
2025-05-06,Linen Shirt,Shirts,23,40,300,920,0,1,5
2025-05-07,Linen Shirt,Shirts,14,40,286,560,0,2,5
2025-05-08,Linen Shirt,Shirts,26,40,260,1040,0,3,5
2025-05-09,Linen Shirt,Shirts,20,40,240,800,0,4,5
2025-05-10,Linen Shirt,Shirts,24,40,216,960,0,5,5
2025-05-11,Linen Shirt,Shirts,24,40,192,960,0,6,5
2025-05-12,Linen Shirt,Shirts,21,40,171,840,0,0,5
2025-05-13,Linen Shirt,Shirts,19,40,152,760,0,1,5
2025-05-14,Linen Shirt,Shirts,17,40,135,680,0,2,5
2025-05-15,Linen Shirt,Shirts,19,40,116,760,0,3,5
2025-05-16,Linen Shirt,Shirts,22,40,94,880,0,4,5
2025-05-17,Linen Shirt,Shirts,28,40,416,1120,0,5,5
2025-05-18,Linen Shirt,Shirts,39,40,377,1560,1,6,5
2025-05-19,Linen Shirt,Shirts,24,40,353,960,0,0,5
2025-05-20,Linen Shirt,Shirts,18,40,335,720,0,1,5
2025-05-21,Linen Shirt,Shirts,19,40,316,760,0,2,5
2025-05-22,Linen Shirt,Shirts,16,40,300,640,0,3,5
2025-05-23,Linen Shirt,Shirts,24,40,276,960,0,4,5
2025-05-24,Linen Shirt,Shirts,31,40,245,1240,0,5,5
2025-05-25,Linen Shirt,Shirts,28,40,217,1120,0,6,5
2025-05-26,Linen Shirt,Shirts,16,40,201,640,0,0,5
2025-05-27,Linen Shirt,Shirts,23,40,178,920,0,1,5
2025-05-28,Linen Shirt,Shirts,20,40,158,800,0,2,5
2025-05-29,Linen Shirt,Shirts,22,40,136,880,0,3,5
2025-05-30,Linen Shirt,Shirts,26,40,110,1040,0,4,5
2025-05-31,Linen Shirt,Shirts,24,40,86,960,0,5,5
2025-06-01,Linen Shirt,Shirts,34,40,435,1360,0,6,6
2025-06-02,Linen Shirt,Shirts,22,40,413,880,0,0,6
2025-06-03,Linen Shirt,Shirts,21,40,392,840,0,1,6
2025-06-04,Linen Shirt,Shirts,31,40,361,1240,1,2,6
2025-06-05,Linen Shirt,Shirts,29,40,332,1160,1,3,6
2025-06-06,Linen Shirt,Shirts,21,40,311,840,0,4,6
2025-06-07,Linen Shirt,Shirts,41,40,270,1640,1,5,6
2025-06-08,Linen Shirt,Shirts,26,40,244,1040,0,6,6
2025-06-09,Linen Shirt,Shirts,25,40,219,1000,0,0,6
2025-06-10,Linen Shirt,Shirts,27,40,192,1080,0,1,6
2025-06-11,Linen Shirt,Shirts,27,40,165,1080,0,2,6
2025-06-12,Linen Shirt,Shirts,34,40,131,1360,1,3,6
2025-06-13,Linen Shirt,Shirts,27,40,104,1080,0,4,6
2025-06-14,Linen Shirt,Shirts,33,40,296,1320,0,5,6
2025-06-15,Linen Shirt,Shirts,28,40,268,1120,0,6,6
2025-06-16,Linen Shirt,Shirts,36,40,232,1440,1,0,6
2025-06-17,Linen Shirt,Shirts,23,40,209,920,0,1,6
2025-06-18,Linen Shirt,Shirts,24,40,185,960,0,2,6
2025-06-19,Linen Shirt,Shirts,22,40,163,880,0,3,6
2025-06-20,Linen Shirt,Shirts,35,40,128,1400,1,4,6
2025-06-21,Linen Shirt,Shirts,32,40,96,1280,0,5,6
2025-06-22,Linen Shirt,Shirts,28,40,410,1120,0,6,6
2025-06-23,Linen Shirt,Shirts,32,40,378,1280,1,0,6
2025-06-24,Linen Shirt,Shirts,27,40,351,1080,0,1,6
2025-06-25,Linen Shirt,Shirts,29,40,322,1160,0,2,6
2025-06-26,Linen Shirt,Shirts,23,40,299,920,0,3,6
2025-06-27,Linen Shirt,Shirts,24,40,275,960,0,4,6
2025-06-28,Linen Shirt,Shirts,28,40,247,1120,0,5,6
2025-06-29,Linen Shirt,Shirts,41,40,206,1640,1,6,6
2025-06-30,Linen Shirt,Shirts,22,40,184,880,0,0,6
2025-07-01,Linen Shirt,Shirts,30,40,154,1200,0,1,7
2025-07-02,Linen Shirt,Shirts,32,40,122,1280,1,2,7
2025-07-03,Linen Shirt,Shirts,24,40,98,960,0,3,7
2025-07-04,Linen Shirt,Shirts,24,40,460,960,0,4,7
2025-07-05,Linen Shirt,Shirts,39,40,421,1560,1,5,7
2025-07-06,Linen Shirt,Shirts,31,40,390,1240,0,6,7
2025-07-07,Linen Shirt,Shirts,23,40,367,920,0,0,7
2025-07-08,Linen Shirt,Shirts,26,40,341,1040,0,1,7
2025-07-09,Linen Shirt,Shirts,31,40,310,1240,0,2,7
2025-07-10,Linen Shirt,Shirts,19,40,291,760,0,3,7
2025-07-11,Linen Shirt,Shirts,34,40,257,1360,1,4,7
2025-07-12,Linen Shirt,Shirts,31,40,226,1240,0,5,7
2025-07-13,Linen Shirt,Shirts,32,40,194,1280,0,6,7
2025-07-14,Linen Shirt,Shirts,25,40,169,1000,0,0,7
2025-07-15,Linen Shirt,Shirts,24,40,145,960,0,1,7
2025-07-16,Linen Shirt,Shirts,20,40,125,800,0,2,7
2025-07-17,Linen Shirt,Shirts,27,40,98,1080,0,3,7
2025-07-18,Linen Shirt,Shirts,26,40,437,1040,0,4,7
2025-07-19,Linen Shirt,Shirts,42,40,395,1680,1,5,7
2025-07-20,Linen Shirt,Shirts,27,40,368,1080,0,6,7
2025-07-21,Linen Shirt,Shirts,25,40,343,1000,0,0,7
2025-07-22,Linen Shirt,Shirts,25,40,318,1000,0,1,7
2025-07-23,Linen Shirt,Shirts,27,40,291,1080,0,2,7
2025-07-24,Linen Shirt,Shirts,29,40,262,1160,0,3,7
2025-07-25,Linen Shirt,Shirts,26,40,236,1040,0,4,7
2025-07-26,Linen Shirt,Shirts,29,40,207,1160,0,5,7
2025-07-27,Linen Shirt,Shirts,32,40,175,1280,0,6,7
2025-07-28,Linen Shirt,Shirts,24,40,151,960,0,0,7
2025-07-29,Linen Shirt,Shirts,26,40,125,1040,0,1,7
2025-07-30,Linen Shirt,Shirts,20,40,105,800,0,2,7
2025-07-31,Linen Shirt,Shirts,36,40,281,1440,1,3,7
2025-08-01,Linen Shirt,Shirts,25,40,256,1000,0,4,8
2025-08-02,Linen Shirt,Shirts,26,40,230,1040,0,5,8
2025-08-03,Linen Shirt,Shirts,34,40,196,1360,0,6,8
2025-08-04,Linen Shirt,Shirts,29,40,167,1160,0,0,8
2025-08-05,Linen Shirt,Shirts,23,40,144,920,0,1,8
2025-08-06,Linen Shirt,Shirts,27,40,117,1080,1,2,8
2025-08-07,Linen Shirt,Shirts,37,40,80,1480,1,3,8
2025-08-08,Linen Shirt,Shirts,24,40,383,960,0,4,8
2025-08-09,Linen Shirt,Shirts,31,40,352,1240,0,5,8
2025-08-10,Linen Shirt,Shirts,29,40,323,1160,0,6,8
2025-08-11,Linen Shirt,Shirts,21,40,302,840,0,0,8
2025-08-12,Linen Shirt,Shirts,31,40,271,1240,1,1,8
2025-08-13,Linen Shirt,Shirts,25,40,246,1000,0,2,8
2025-08-14,Linen Shirt,Shirts,20,40,226,800,0,3,8
2025-08-15,Linen Shirt,Shirts,33,40,193,1320,1,4,8
2025-08-16,Linen Shirt,Shirts,40,40,153,1600,1,5,8
2025-08-17,Linen Shirt,Shirts,45,40,108,1800,1,6,8
2025-08-18,Linen Shirt,Shirts,29,40,424,1160,0,0,8
2025-08-19,Linen Shirt,Shirts,23,40,401,920,0,1,8
2025-08-20,Linen Shirt,Shirts,29,40,372,1160,0,2,8
2025-08-21,Linen Shirt,Shirts,33,40,339,1320,1,3,8
2025-08-22,Linen Shirt,Shirts,24,40,315,960,0,4,8
2025-08-23,Linen Shirt,Shirts,32,40,283,1280,0,5,8
2025-08-24,Linen Shirt,Shirts,26,40,257,1040,0,6,8
2025-08-25,Linen Shirt,Shirts,33,40,224,1320,1,0,8
2025-08-26,Linen Shirt,Shirts,24,40,200,960,0,1,8
2025-08-27,Linen Shirt,Shirts,28,40,172,1120,0,2,8
2025-08-28,Linen Shirt,Shirts,28,40,144,1120,0,3,8
2025-08-29,Linen Shirt,Shirts,26,40,118,1040,0,4,8
2025-08-30,Linen Shirt,Shirts,30,40,88,1200,0,5,8
2025-08-31,Linen Shirt,Shirts,30,40,268,1200,0,6,8
2025-09-01,Linen Shirt,Shirts,18,40,250,720,0,0,9
2025-09-02,Linen Shirt,Shirts,13,40,237,520,0,1,9
2025-09-03,Linen Shirt,Shirts,16,40,221,640,0,2,9
2025-09-04,Linen Shirt,Shirts,20,40,201,800,0,3,9
2025-09-05,Linen Shirt,Shirts,19,40,182,760,1,4,9
2025-09-06,Linen Shirt,Shirts,26,40,156,1040,0,5,9
2025-09-07,Linen Shirt,Shirts,23,40,133,920,0,6,9
2025-09-08,Linen Shirt,Shirts,23,40,110,920,0,0,9
2025-09-09,Linen Shirt,Shirts,24,40,86,960,0,1,9
2025-09-10,Linen Shirt,Shirts,19,40,277,760,0,2,9
2025-09-11,Linen Shirt,Shirts,20,40,257,800,0,3,9
2025-09-12,Linen Shirt,Shirts,24,40,233,960,1,4,9
2025-09-13,Linen Shirt,Shirts,23,40,210,920,0,5,9
2025-09-14,Linen Shirt,Shirts,25,40,185,1000,0,6,9
2025-09-15,Linen Shirt,Shirts,16,40,169,640,0,0,9
2025-09-16,Linen Shirt,Shirts,25,40,144,1000,1,1,9
2025-09-17,Linen Shirt,Shirts,24,40,120,960,0,2,9
2025-09-18,Linen Shirt,Shirts,23,40,97,920,0,3,9
2025-09-19,Linen Shirt,Shirts,15,40,82,600,0,4,9
2025-09-20,Linen Shirt,Shirts,33,40,320,1320,0,5,9
2025-09-21,Linen Shirt,Shirts,38,40,282,1520,1,6,9
2025-09-22,Linen Shirt,Shirts,19,40,263,760,0,0,9
2025-09-23,Linen Shirt,Shirts,21,40,242,840,0,1,9
2025-09-24,Linen Shirt,Shirts,19,40,223,760,0,2,9
2025-09-25,Linen Shirt,Shirts,22,40,201,880,0,3,9
2025-09-26,Linen Shirt,Shirts,15,40,186,600,0,4,9
2025-09-27,Linen Shirt,Shirts,32,40,154,1280,1,5,9
2025-09-28,Linen Shirt,Shirts,28,40,126,1120,0,6,9
2025-09-29,Linen Shirt,Shirts,18,40,108,720,0,0,9
2025-09-30,Linen Shirt,Shirts,15,40,93,600,0,1,9
2025-10-01,Linen Shirt,Shirts,18,40,448,720,0,2,10
2025-10-02,Linen Shirt,Shirts,19,40,429,760,0,3,10
2025-10-03,Linen Shirt,Shirts,19,40,410,760,0,4,10
2025-10-04,Linen Shirt,Shirts,39,40,371,1560,1,5,10
2025-10-05,Linen Shirt,Shirts,27,40,344,1080,0,6,10
2025-10-06,Linen Shirt,Shirts,20,40,324,800,0,0,10
2025-10-07,Linen Shirt,Shirts,20,40,304,800,0,1,10
2025-10-08,Linen Shirt,Shirts,24,40,280,960,0,2,10
2025-10-09,Linen Shirt,Shirts,19,40,261,760,0,3,10
2025-10-10,Linen Shirt,Shirts,23,40,238,920,1,4,10
2025-10-11,Linen Shirt,Shirts,22,40,216,880,0,5,10
2025-10-12,Linen Shirt,Shirts,27,40,189,1080,0,6,10
2025-10-13,Linen Shirt,Shirts,24,40,165,960,1,0,10
2025-10-14,Linen Shirt,Shirts,21,40,144,840,0,1,10
2025-10-15,Linen Shirt,Shirts,17,40,127,680,0,2,10
2025-10-16,Linen Shirt,Shirts,22,40,105,880,0,3,10
2025-10-17,Linen Shirt,Shirts,27,40,345,1080,0,4,10
2025-10-18,Linen Shirt,Shirts,28,40,317,1120,0,5,10
2025-10-19,Linen Shirt,Shirts,39,40,278,1560,1,6,10
2025-10-20,Linen Shirt,Shirts,27,40,251,1080,0,0,10
2025-10-21,Linen Shirt,Shirts,19,40,232,760,0,1,10
2025-10-22,Linen Shirt,Shirts,23,40,209,920,0,2,10
2025-10-23,Linen Shirt,Shirts,21,40,188,840,1,3,10
2025-10-24,Linen Shirt,Shirts,21,40,167,840,0,4,10
2025-10-25,Linen Shirt,Shirts,27,40,140,1080,0,5,10
2025-10-26,Linen Shirt,Shirts,23,40,117,920,0,6,10
2025-10-27,Linen Shirt,Shirts,18,40,99,720,0,0,10
2025-10-28,Linen Shirt,Shirts,23,40,287,920,0,1,10
2025-10-29,Linen Shirt,Shirts,22,40,265,880,0,2,10
2025-10-30,Linen Shirt,Shirts,24,40,241,960,1,3,10
2025-10-31,Linen Shirt,Shirts,19,40,222,760,0,4,10
2025-11-01,Linen Shirt,Shirts,36,40,186,1440,0,5,11
2025-11-02,Linen Shirt,Shirts,37,40,149,1480,0,6,11
2025-11-03,Linen Shirt,Shirts,31,40,118,1240,0,0,11
2025-11-04,Linen Shirt,Shirts,25,40,93,1000,0,1,11
2025-11-05,Linen Shirt,Shirts,27,40,345,1080,0,2,11
2025-11-06,Linen Shirt,Shirts,30,40,315,1200,0,3,11
2025-11-07,Linen Shirt,Shirts,28,40,287,1120,0,4,11
2025-11-08,Linen Shirt,Shirts,38,40,249,1520,0,5,11
2025-11-09,Linen Shirt,Shirts,36,40,213,1440,0,6,11
2025-11-10,Linen Shirt,Shirts,28,40,185,1120,0,0,11
2025-11-11,Linen Shirt,Shirts,33,40,152,1320,0,1,11
2025-11-12,Linen Shirt,Shirts,22,40,130,880,0,2,11
2025-11-13,Linen Shirt,Shirts,30,40,100,1200,0,3,11
2025-11-14,Linen Shirt,Shirts,29,40,282,1160,0,4,11
2025-11-15,Linen Shirt,Shirts,38,40,244,1520,0,5,11
2025-11-16,Linen Shirt,Shirts,30,40,214,1200,0,6,11
2025-11-17,Linen Shirt,Shirts,30,40,184,1200,0,0,11
2025-11-18,Linen Shirt,Shirts,30,40,154,1200,0,1,11
2025-11-19,Linen Shirt,Shirts,33,40,121,1320,1,2,11
2025-11-20,Linen Shirt,Shirts,32,40,89,1280,0,3,11
2025-11-21,Linen Shirt,Shirts,24,40,373,960,0,4,11
2025-11-22,Linen Shirt,Shirts,38,40,335,1520,0,5,11
2025-11-23,Linen Shirt,Shirts,40,40,295,1600,0,6,11
2025-11-24,Linen Shirt,Shirts,33,40,262,1320,0,0,11
2025-11-25,Linen Shirt,Shirts,26,40,236,1040,0,1,11
2025-11-26,Linen Shirt,Shirts,32,40,204,1280,0,2,11
2025-11-27,Linen Shirt,Shirts,26,40,178,1040,0,3,11
2025-11-28,Linen Shirt,Shirts,28,40,150,1120,0,4,11
2025-11-29,Linen Shirt,Shirts,37,40,113,1480,0,5,11
2025-11-30,Linen Shirt,Shirts,38,40,390,1520,0,6,11
2025-12-01,Linen Shirt,Shirts,26,40,364,1040,0,0,12
2025-12-02,Linen Shirt,Shirts,35,40,329,1400,1,1,12
2025-12-03,Linen Shirt,Shirts,31,40,298,1240,0,2,12
2025-12-04,Linen Shirt,Shirts,23,40,275,920,0,3,12
2025-12-05,Linen Shirt,Shirts,33,40,242,1320,0,4,12
2025-12-06,Linen Shirt,Shirts,37,40,205,1480,0,5,12
2025-12-07,Linen Shirt,Shirts,35,40,170,1400,0,6,12
2025-12-08,Linen Shirt,Shirts,22,40,148,880,0,0,12
2025-12-09,Linen Shirt,Shirts,27,40,121,1080,0,1,12
2025-12-10,Linen Shirt,Shirts,28,40,93,1120,0,2,12
2025-12-11,Linen Shirt,Shirts,32,40,441,1280,1,3,12
2025-12-12,Linen Shirt,Shirts,28,40,413,1120,0,4,12
2025-12-13,Linen Shirt,Shirts,40,40,373,1600,0,5,12
2025-12-14,Linen Shirt,Shirts,40,40,333,1600,0,6,12
2025-12-15,Linen Shirt,Shirts,26,40,307,1040,0,0,12
2025-12-16,Linen Shirt,Shirts,30,40,277,1200,0,1,12
2025-12-17,Linen Shirt,Shirts,32,40,245,1280,0,2,12
2025-12-18,Linen Shirt,Shirts,40,40,205,1600,1,3,12
2025-12-19,Linen Shirt,Shirts,31,40,174,1240,0,4,12
2025-12-20,Linen Shirt,Shirts,41,40,133,1640,0,5,12
2025-12-21,Linen Shirt,Shirts,35,40,98,1400,0,6,12
2025-12-22,Linen Shirt,Shirts,24,40,359,960,0,0,12
2025-12-23,Linen Shirt,Shirts,30,40,329,1200,0,1,12
2025-12-24,Linen Shirt,Shirts,24,40,305,960,0,2,12
2025-12-25,Linen Shirt,Shirts,26,40,279,1040,0,3,12
2025-12-26,Linen Shirt,Shirts,26,40,253,1040,0,4,12
2025-12-27,Linen Shirt,Shirts,34,40,219,1360,0,5,12
2025-12-28,Linen Shirt,Shirts,36,40,183,1440,0,6,12
2025-12-29,Linen Shirt,Shirts,29,40,154,1160,0,0,12
2025-12-30,Linen Shirt,Shirts,31,40,123,1240,0,1,12
2025-12-31,Linen Shirt,Shirts,34,40,89,1360,0,2,12
2025-01-01,Denim Jacket,Outerwear,16,80,453,1280,1,2,1
2025-01-02,Denim Jacket,Outerwear,8,80,445,640,0,3,1
2025-01-03,Denim Jacket,Outerwear,17,80,428,1360,1,4,1
2025-01-04,Denim Jacket,Outerwear,13,80,415,1040,0,5,1
2025-01-05,Denim Jacket,Outerwear,17,80,398,1360,1,6,1
2025-01-06,Denim Jacket,Outerwear,12,80,386,960,0,0,1
2025-01-07,Denim Jacket,Outerwear,10,80,376,800,0,1,1
2025-01-08,Denim Jacket,Outerwear,12,80,364,960,0,2,1
2025-01-09,Denim Jacket,Outerwear,4,80,360,320,0,3,1
2025-01-10,Denim Jacket,Outerwear,4,80,356,320,0,4,1
2025-01-11,Denim Jacket,Outerwear,15,80,341,1200,0,5,1
2025-01-12,Denim Jacket,Outerwear,12,80,329,960,0,6,1
2025-01-13,Denim Jacket,Outerwear,8,80,321,640,0,0,1
2025-01-14,Denim Jacket,Outerwear,11,80,310,880,0,1,1
2025-01-15,Denim Jacket,Outerwear,10,80,300,800,0,2,1
2025-01-16,Denim Jacket,Outerwear,7,80,293,560,0,3,1
2025-01-17,Denim Jacket,Outerwear,17,80,276,1360,0,4,1
2025-01-18,Denim Jacket,Outerwear,17,80,259,1360,0,5,1
2025-01-19,Denim Jacket,Outerwear,11,80,248,880,0,6,1
2025-01-20,Denim Jacket,Outerwear,8,80,240,640,0,0,1
2025-01-21,Denim Jacket,Outerwear,8,80,232,640,0,1,1
2025-01-22,Denim Jacket,Outerwear,9,80,223,720,0,2,1
2025-01-23,Denim Jacket,Outerwear,12,80,211,960,0,3,1
2025-01-24,Denim Jacket,Outerwear,10,80,201,800,0,4,1
2025-01-25,Denim Jacket,Outerwear,11,80,190,880,0,5,1
2025-01-26,Denim Jacket,Outerwear,12,80,178,960,0,6,1
2025-01-27,Denim Jacket,Outerwear,9,80,169,720,0,0,1
2025-01-28,Denim Jacket,Outerwear,7,80,162,560,0,1,1
2025-01-29,Denim Jacket,Outerwear,7,80,155,560,0,2,1
2025-01-30,Denim Jacket,Outerwear,7,80,148,560,0,3,1
2025-01-31,Denim Jacket,Outerwear,11,80,137,880,0,4,1
2025-02-01,Denim Jacket,Outerwear,20,80,117,1600,1,5,2
2025-02-02,Denim Jacket,Outerwear,13,80,104,1040,0,6,2
2025-02-03,Denim Jacket,Outerwear,4,80,100,320,0,0,2
2025-02-04,Denim Jacket,Outerwear,11,80,89,880,0,1,2
2025-02-05,Denim Jacket,Outerwear,8,80,81,640,0,2,2
2025-02-06,Denim Jacket,Outerwear,7,80,285,560,0,3,2
2025-02-07,Denim Jacket,Outerwear,8,80,277,640,0,4,2
2025-02-08,Denim Jacket,Outerwear,19,80,258,1520,1,5,2
2025-02-09,Denim Jacket,Outerwear,14,80,244,1120,0,6,2
2025-02-10,Denim Jacket,Outerwear,7,80,237,560,0,0,2
2025-02-11,Denim Jacket,Outerwear,18,80,219,1440,0,1,2
2025-02-12,Denim Jacket,Outerwear,15,80,204,1200,1,2,2
2025-02-13,Denim Jacket,Outerwear,14,80,190,1120,0,3,2
2025-02-14,Denim Jacket,Outerwear,13,80,177,1040,1,4,2
2025-02-15,Denim Jacket,Outerwear,11,80,166,880,0,5,2
2025-02-16,Denim Jacket,Outerwear,15,80,151,1200,0,6,2
2025-02-17,Denim Jacket,Outerwear,6,80,145,480,0,0,2
2025-02-18,Denim Jacket,Outerwear,14,80,131,1120,0,1,2
2025-02-19,Denim Jacket,Outerwear,9,80,122,720,0,2,2
2025-02-20,Denim Jacket,Outerwear,12,80,110,960,0,3,2
2025-02-21,Denim Jacket,Outerwear,11,80,99,880,0,4,2
2025-02-22,Denim Jacket,Outerwear,16,80,83,1280,0,5,2
2025-02-23,Denim Jacket,Outerwear,16,80,400,1280,0,6,2
2025-02-24,Denim Jacket,Outerwear,11,80,389,880,0,0,2
2025-02-25,Denim Jacket,Outerwear,10,80,379,800,0,1,2
2025-02-26,Denim Jacket,Outerwear,10,80,369,800,0,2,2
2025-02-27,Denim Jacket,Outerwear,9,80,360,720,0,3,2
2025-02-28,Denim Jacket,Outerwear,10,80,350,800,0,4,2
2025-03-01,Denim Jacket,Outerwear,7,80,343,560,0,5,3
2025-03-02,Denim Jacket,Outerwear,12,80,331,960,0,6,3
2025-03-03,Denim Jacket,Outerwear,12,80,319,960,0,0,3
2025-03-04,Denim Jacket,Outerwear,3,80,316,240,0,1,3
2025-03-05,Denim Jacket,Outerwear,5,80,311,400,0,2,3
2025-03-06,Denim Jacket,Outerwear,10,80,301,800,0,3,3
2025-03-07,Denim Jacket,Outerwear,6,80,295,480,0,4,3
2025-03-08,Denim Jacket,Outerwear,11,80,284,880,0,5,3
2025-03-09,Denim Jacket,Outerwear,13,80,271,1040,0,6,3
2025-03-10,Denim Jacket,Outerwear,18,80,253,1440,1,0,3
2025-03-11,Denim Jacket,Outerwear,6,80,247,480,0,1,3
2025-03-12,Denim Jacket,Outerwear,9,80,238,720,1,2,3
2025-03-13,Denim Jacket,Outerwear,0,80,238,0,0,3,3
2025-03-14,Denim Jacket,Outerwear,12,80,226,960,0,4,3
2025-03-15,Denim Jacket,Outerwear,3,80,223,240,0,5,3
2025-03-16,Denim Jacket,Outerwear,7,80,216,560,1,6,3
2025-03-17,Denim Jacket,Outerwear,12,80,204,960,1,0,3
2025-03-18,Denim Jacket,Outerwear,10,80,194,800,0,1,3
2025-03-19,Denim Jacket,Outerwear,8,80,186,640,0,2,3
2025-03-20,Denim Jacket,Outerwear,6,80,180,480,0,3,3
2025-03-21,Denim Jacket,Outerwear,10,80,170,800,0,4,3
2025-03-22,Denim Jacket,Outerwear,6,80,164,480,0,5,3
2025-03-23,Denim Jacket,Outerwear,13,80,151,1040,0,6,3
2025-03-24,Denim Jacket,Outerwear,5,80,146,400,0,0,3
2025-03-25,Denim Jacket,Outerwear,6,80,140,480,0,1,3
2025-03-26,Denim Jacket,Outerwear,10,80,130,800,1,2,3
2025-03-27,Denim Jacket,Outerwear,8,80,122,640,0,3,3
2025-03-28,Denim Jacket,Outerwear,11,80,111,880,1,4,3
2025-03-29,Denim Jacket,Outerwear,6,80,105,480,0,5,3
2025-03-30,Denim Jacket,Outerwear,9,80,96,720,0,6,3
2025-03-31,Denim Jacket,Outerwear,9,80,87,720,0,0,3
2025-04-01,Denim Jacket,Outerwear,3,80,84,240,0,1,4
2025-04-02,Denim Jacket,Outerwear,7,80,387,560,0,2,4
2025-04-03,Denim Jacket,Outerwear,12,80,375,960,0,3,4
2025-04-04,Denim Jacket,Outerwear,8,80,367,640,0,4,4
2025-04-05,Denim Jacket,Outerwear,10,80,357,800,0,5,4
2025-04-06,Denim Jacket,Outerwear,10,80,347,800,0,6,4
2025-04-07,Denim Jacket,Outerwear,7,80,340,560,0,0,4
2025-04-08,Denim Jacket,Outerwear,11,80,329,880,0,1,4
2025-04-09,Denim Jacket,Outerwear,5,80,324,400,0,2,4
2025-04-10,Denim Jacket,Outerwear,9,80,315,720,0,3,4
2025-04-11,Denim Jacket,Outerwear,11,80,304,880,1,4,4
2025-04-12,Denim Jacket,Outerwear,7,80,297,560,0,5,4
2025-04-13,Denim Jacket,Outerwear,11,80,286,880,0,6,4
2025-04-14,Denim Jacket,Outerwear,9,80,277,720,0,0,4
2025-04-15,Denim Jacket,Outerwear,2,80,275,160,1,1,4
2025-04-16,Denim Jacket,Outerwear,5,80,270,400,0,2,4
2025-04-17,Denim Jacket,Outerwear,12,80,258,960,0,3,4
2025-04-18,Denim Jacket,Outerwear,6,80,252,480,0,4,4
2025-04-19,Denim Jacket,Outerwear,6,80,246,480,0,5,4
2025-04-20,Denim Jacket,Outerwear,4,80,242,320,0,6,4
2025-04-21,Denim Jacket,Outerwear,4,80,238,320,0,0,4
2025-04-22,Denim Jacket,Outerwear,7,80,231,560,0,1,4
2025-04-23,Denim Jacket,Outerwear,4,80,227,320,0,2,4
2025-04-24,Denim Jacket,Outerwear,10,80,217,800,0,3,4
2025-04-25,Denim Jacket,Outerwear,5,80,212,400,0,4,4
2025-04-26,Denim Jacket,Outerwear,10,80,202,800,0,5,4
2025-04-27,Denim Jacket,Outerwear,14,80,188,1120,0,6,4
2025-04-28,Denim Jacket,Outerwear,12,80,176,960,0,0,4
2025-04-29,Denim Jacket,Outerwear,8,80,168,640,0,1,4
2025-04-30,Denim Jacket,Outerwear,4,80,164,320,0,2,4
2025-05-01,Denim Jacket,Outerwear,7,80,157,560,0,3,5
2025-05-02,Denim Jacket,Outerwear,9,80,148,720,0,4,5
2025-05-03,Denim Jacket,Outerwear,17,80,131,1360,0,5,5
2025-05-04,Denim Jacket,Outerwear,4,80,127,320,0,6,5
2025-05-05,Denim Jacket,Outerwear,7,80,120,560,0,0,5
2025-05-06,Denim Jacket,Outerwear,9,80,111,720,0,1,5
2025-05-07,Denim Jacket,Outerwear,8,80,103,640,0,2,5
2025-05-08,Denim Jacket,Outerwear,8,80,95,640,0,3,5
2025-05-09,Denim Jacket,Outerwear,5,80,90,400,0,4,5
2025-05-10,Denim Jacket,Outerwear,12,80,430,960,0,5,5
2025-05-11,Denim Jacket,Outerwear,10,80,420,800,0,6,5
2025-05-12,Denim Jacket,Outerwear,13,80,407,1040,1,0,5
2025-05-13,Denim Jacket,Outerwear,8,80,399,640,0,1,5
2025-05-14,Denim Jacket,Outerwear,12,80,387,960,0,2,5
2025-05-15,Denim Jacket,Outerwear,9,80,378,720,1,3,5
2025-05-16,Denim Jacket,Outerwear,6,80,372,480,0,4,5
2025-05-17,Denim Jacket,Outerwear,7,80,365,560,0,5,5
2025-05-18,Denim Jacket,Outerwear,11,80,354,880,0,6,5
2025-05-19,Denim Jacket,Outerwear,2,80,352,160,0,0,5
2025-05-20,Denim Jacket,Outerwear,5,80,347,400,0,1,5
2025-05-21,Denim Jacket,Outerwear,8,80,339,640,0,2,5
2025-05-22,Denim Jacket,Outerwear,3,80,336,240,0,3,5
2025-05-23,Denim Jacket,Outerwear,8,80,328,640,0,4,5
2025-05-24,Denim Jacket,Outerwear,14,80,314,1120,0,5,5
2025-05-25,Denim Jacket,Outerwear,13,80,301,1040,0,6,5
2025-05-26,Denim Jacket,Outerwear,10,80,291,800,1,0,5
2025-05-27,Denim Jacket,Outerwear,10,80,281,800,0,1,5
2025-05-28,Denim Jacket,Outerwear,9,80,272,720,0,2,5
2025-05-29,Denim Jacket,Outerwear,10,80,262,800,1,3,5
2025-05-30,Denim Jacket,Outerwear,9,80,253,720,0,4,5
2025-05-31,Denim Jacket,Outerwear,8,80,245,640,0,5,5
2025-06-01,Denim Jacket,Outerwear,9,80,236,720,0,6,6
2025-06-02,Denim Jacket,Outerwear,9,80,227,720,0,0,6
2025-06-03,Denim Jacket,Outerwear,8,80,219,640,0,1,6
2025-06-04,Denim Jacket,Outerwear,11,80,208,880,0,2,6
2025-06-05,Denim Jacket,Outerwear,10,80,198,800,0,3,6
2025-06-06,Denim Jacket,Outerwear,10,80,188,800,0,4,6
2025-06-07,Denim Jacket,Outerwear,11,80,177,880,0,5,6
2025-06-08,Denim Jacket,Outerwear,10,80,167,800,0,6,6
2025-06-09,Denim Jacket,Outerwear,10,80,157,800,0,0,6
2025-06-10,Denim Jacket,Outerwear,13,80,144,1040,1,1,6
2025-06-11,Denim Jacket,Outerwear,9,80,135,720,0,2,6
2025-06-12,Denim Jacket,Outerwear,5,80,130,400,0,3,6
2025-06-13,Denim Jacket,Outerwear,8,80,122,640,0,4,6
2025-06-14,Denim Jacket,Outerwear,5,80,117,400,0,5,6
2025-06-15,Denim Jacket,Outerwear,13,80,104,1040,0,6,6
2025-06-16,Denim Jacket,Outerwear,10,80,94,800,0,0,6
2025-06-17,Denim Jacket,Outerwear,5,80,89,400,0,1,6
2025-06-18,Denim Jacket,Outerwear,6,80,83,480,0,2,6
2025-06-19,Denim Jacket,Outerwear,14,80,451,1120,1,3,6
2025-06-20,Denim Jacket,Outerwear,5,80,446,400,0,4,6
2025-06-21,Denim Jacket,Outerwear,13,80,433,1040,0,5,6
2025-06-22,Denim Jacket,Outerwear,14,80,419,1120,0,6,6
2025-06-23,Denim Jacket,Outerwear,7,80,412,560,0,0,6
2025-06-24,Denim Jacket,Outerwear,9,80,403,720,0,1,6
2025-06-25,Denim Jacket,Outerwear,6,80,397,480,0,2,6
2025-06-26,Denim Jacket,Outerwear,15,80,382,1200,0,3,6
2025-06-27,Denim Jacket,Outerwear,11,80,371,880,1,4,6
2025-06-28,Denim Jacket,Outerwear,11,80,360,880,0,5,6
2025-06-29,Denim Jacket,Outerwear,11,80,349,880,1,6,6
2025-06-30,Denim Jacket,Outerwear,7,80,342,560,0,0,6
2025-07-01,Denim Jacket,Outerwear,5,80,337,400,0,1,7
2025-07-02,Denim Jacket,Outerwear,4,80,333,320,0,2,7
2025-07-03,Denim Jacket,Outerwear,7,80,326,560,0,3,7
2025-07-04,Denim Jacket,Outerwear,7,80,319,560,0,4,7
2025-07-05,Denim Jacket,Outerwear,8,80,311,640,0,5,7
2025-07-06,Denim Jacket,Outerwear,12,80,299,960,0,6,7
2025-07-07,Denim Jacket,Outerwear,8,80,291,640,0,0,7
2025-07-08,Denim Jacket,Outerwear,8,80,283,640,0,1,7
2025-07-09,Denim Jacket,Outerwear,12,80,271,960,0,2,7
2025-07-10,Denim Jacket,Outerwear,11,80,260,880,0,3,7
2025-07-11,Denim Jacket,Outerwear,12,80,248,960,1,4,7
2025-07-12,Denim Jacket,Outerwear,12,80,236,960,0,5,7
2025-07-13,Denim Jacket,Outerwear,4,80,232,320,0,6,7
2025-07-14,Denim Jacket,Outerwear,10,80,222,800,0,0,7
2025-07-15,Denim Jacket,Outerwear,7,80,215,560,0,1,7
2025-07-16,Denim Jacket,Outerwear,10,80,205,800,0,2,7
2025-07-17,Denim Jacket,Outerwear,5,80,200,400,0,3,7
2025-07-18,Denim Jacket,Outerwear,6,80,194,480,0,4,7
2025-07-19,Denim Jacket,Outerwear,8,80,186,640,0,5,7
2025-07-20,Denim Jacket,Outerwear,9,80,177,720,0,6,7
2025-07-21,Denim Jacket,Outerwear,12,80,165,960,1,0,7
2025-07-22,Denim Jacket,Outerwear,4,80,161,320,0,1,7
2025-07-23,Denim Jacket,Outerwear,10,80,151,800,1,2,7
2025-07-24,Denim Jacket,Outerwear,8,80,143,640,0,3,7
2025-07-25,Denim Jacket,Outerwear,4,80,139,320,0,4,7
2025-07-26,Denim Jacket,Outerwear,10,80,129,800,0,5,7
2025-07-27,Denim Jacket,Outerwear,7,80,122,560,0,6,7
2025-07-28,Denim Jacket,Outerwear,7,80,115,560,0,0,7
2025-07-29,Denim Jacket,Outerwear,11,80,104,880,0,1,7
2025-07-30,Denim Jacket,Outerwear,7,80,97,560,0,2,7
2025-07-31,Denim Jacket,Outerwear,11,80,86,880,0,3,7
2025-08-01,Denim Jacket,Outerwear,9,80,326,720,1,4,8
2025-08-02,Denim Jacket,Outerwear,6,80,320,480,0,5,8
2025-08-03,Denim Jacket,Outerwear,3,80,317,240,0,6,8
2025-08-04,Denim Jacket,Outerwear,1,80,316,80,0,0,8
2025-08-05,Denim Jacket,Outerwear,8,80,308,640,0,1,8
2025-08-06,Denim Jacket,Outerwear,12,80,296,960,1,2,8
2025-08-07,Denim Jacket,Outerwear,7,80,289,560,0,3,8
2025-08-08,Denim Jacket,Outerwear,6,80,283,480,0,4,8
2025-08-09,Denim Jacket,Outerwear,5,80,278,400,0,5,8
2025-08-10,Denim Jacket,Outerwear,7,80,271,560,0,6,8
2025-08-11,Denim Jacket,Outerwear,9,80,262,720,0,0,8
2025-08-12,Denim Jacket,Outerwear,8,80,254,640,0,1,8
2025-08-13,Denim Jacket,Outerwear,8,80,246,640,0,2,8
2025-08-14,Denim Jacket,Outerwear,1,80,245,80,0,3,8
2025-08-15,Denim Jacket,Outerwear,8,80,237,640,0,4,8
2025-08-16,Denim Jacket,Outerwear,8,80,229,640,0,5,8
2025-08-17,Denim Jacket,Outerwear,10,80,219,800,0,6,8
2025-08-18,Denim Jacket,Outerwear,14,80,205,1120,1,0,8
2025-08-19,Denim Jacket,Outerwear,6,80,199,480,0,1,8
2025-08-20,Denim Jacket,Outerwear,8,80,191,640,0,2,8
2025-08-21,Denim Jacket,Outerwear,16,80,175,1280,1,3,8
2025-08-22,Denim Jacket,Outerwear,11,80,164,880,1,4,8
2025-08-23,Denim Jacket,Outerwear,9,80,155,720,0,5,8
2025-08-24,Denim Jacket,Outerwear,10,80,145,800,1,6,8
2025-08-25,Denim Jacket,Outerwear,10,80,135,800,0,0,8
2025-08-26,Denim Jacket,Outerwear,7,80,128,560,1,1,8
2025-08-27,Denim Jacket,Outerwear,11,80,117,880,0,2,8
2025-08-28,Denim Jacket,Outerwear,9,80,108,720,0,3,8
2025-08-29,Denim Jacket,Outerwear,6,80,102,480,0,4,8
2025-08-30,Denim Jacket,Outerwear,7,80,95,560,0,5,8
2025-08-31,Denim Jacket,Outerwear,7,80,88,560,0,6,8
2025-09-01,Denim Jacket,Outerwear,2,80,86,160,0,0,9
2025-09-02,Denim Jacket,Outerwear,9,80,306,720,0,1,9
2025-09-03,Denim Jacket,Outerwear,8,80,298,640,0,2,9
2025-09-04,Denim Jacket,Outerwear,13,80,285,1040,0,3,9
2025-09-05,Denim Jacket,Outerwear,11,80,274,880,0,4,9
2025-09-06,Denim Jacket,Outerwear,6,80,268,480,0,5,9
2025-09-07,Denim Jacket,Outerwear,10,80,258,800,1,6,9
2025-09-08,Denim Jacket,Outerwear,10,80,248,800,0,0,9
2025-09-09,Denim Jacket,Outerwear,7,80,241,560,0,1,9
2025-09-10,Denim Jacket,Outerwear,4,80,237,320,0,2,9
2025-09-11,Denim Jacket,Outerwear,5,80,232,400,0,3,9
2025-09-12,Denim Jacket,Outerwear,0,80,232,0,0,4,9
2025-09-13,Denim Jacket,Outerwear,10,80,222,800,0,5,9
2025-09-14,Denim Jacket,Outerwear,13,80,209,1040,0,6,9
2025-09-15,Denim Jacket,Outerwear,8,80,201,640,0,0,9
2025-09-16,Denim Jacket,Outerwear,8,80,193,640,0,1,9
2025-09-17,Denim Jacket,Outerwear,16,80,177,1280,1,2,9
2025-09-18,Denim Jacket,Outerwear,4,80,173,320,0,3,9
2025-09-19,Denim Jacket,Outerwear,11,80,162,880,0,4,9
2025-09-20,Denim Jacket,Outerwear,9,80,153,720,0,5,9
2025-09-21,Denim Jacket,Outerwear,7,80,146,560,0,6,9
2025-09-22,Denim Jacket,Outerwear,9,80,137,720,0,0,9
2025-09-23,Denim Jacket,Outerwear,6,80,131,480,0,1,9
2025-09-24,Denim Jacket,Outerwear,8,80,123,640,1,2,9
2025-09-25,Denim Jacket,Outerwear,10,80,113,800,0,3,9
2025-09-26,Denim Jacket,Outerwear,13,80,100,1040,1,4,9
2025-09-27,Denim Jacket,Outerwear,10,80,90,800,0,5,9
2025-09-28,Denim Jacket,Outerwear,15,80,354,1200,0,6,9
2025-09-29,Denim Jacket,Outerwear,14,80,340,1120,1,0,9
2025-09-30,Denim Jacket,Outerwear,6,80,334,480,0,1,9
2025-10-01,Denim Jacket,Outerwear,9,80,325,720,0,2,10
2025-10-02,Denim Jacket,Outerwear,12,80,313,960,1,3,10
2025-10-03,Denim Jacket,Outerwear,14,80,299,1120,1,4,10
2025-10-04,Denim Jacket,Outerwear,15,80,284,1200,0,5,10
2025-10-05,Denim Jacket,Outerwear,9,80,275,720,0,6,10
2025-10-06,Denim Jacket,Outerwear,7,80,268,560,0,0,10
2025-10-07,Denim Jacket,Outerwear,11,80,257,880,0,1,10
2025-10-08,Denim Jacket,Outerwear,7,80,250,560,0,2,10
2025-10-09,Denim Jacket,Outerwear,9,80,241,720,0,3,10
2025-10-10,Denim Jacket,Outerwear,9,80,232,720,0,4,10
2025-10-11,Denim Jacket,Outerwear,16,80,216,1280,0,5,10
2025-10-12,Denim Jacket,Outerwear,18,80,198,1440,0,6,10
2025-10-13,Denim Jacket,Outerwear,8,80,190,640,0,0,10
2025-10-14,Denim Jacket,Outerwear,12,80,178,960,0,1,10
2025-10-15,Denim Jacket,Outerwear,9,80,169,720,0,2,10
2025-10-16,Denim Jacket,Outerwear,12,80,157,960,0,3,10
2025-10-17,Denim Jacket,Outerwear,7,80,150,560,0,4,10
2025-10-18,Denim Jacket,Outerwear,16,80,134,1280,0,5,10
2025-10-19,Denim Jacket,Outerwear,11,80,123,880,0,6,10
2025-10-20,Denim Jacket,Outerwear,6,80,117,480,0,0,10
2025-10-21,Denim Jacket,Outerwear,8,80,109,640,0,1,10
2025-10-22,Denim Jacket,Outerwear,12,80,97,960,1,2,10
2025-10-23,Denim Jacket,Outerwear,7,80,90,560,0,3,10
2025-10-24,Denim Jacket,Outerwear,10,80,80,800,0,4,10
2025-10-25,Denim Jacket,Outerwear,18,80,410,1440,1,5,10
2025-10-26,Denim Jacket,Outerwear,10,80,400,800,0,6,10
2025-10-27,Denim Jacket,Outerwear,7,80,393,560,0,0,10
2025-10-28,Denim Jacket,Outerwear,13,80,380,1040,0,1,10
2025-10-29,Denim Jacket,Outerwear,10,80,370,800,0,2,10
2025-10-30,Denim Jacket,Outerwear,9,80,361,720,0,3,10
2025-10-31,Denim Jacket,Outerwear,9,80,352,720,0,4,10
2025-11-01,Denim Jacket,Outerwear,17,80,335,1360,0,5,11
2025-11-02,Denim Jacket,Outerwear,24,80,311,1920,0,6,11
2025-11-03,Denim Jacket,Outerwear,14,80,297,1120,0,0,11
2025-11-04,Denim Jacket,Outerwear,13,80,284,1040,0,1,11
2025-11-05,Denim Jacket,Outerwear,20,80,264,1600,1,2,11
2025-11-06,Denim Jacket,Outerwear,12,80,252,960,0,3,11
2025-11-07,Denim Jacket,Outerwear,9,80,243,720,0,4,11
2025-11-08,Denim Jacket,Outerwear,19,80,224,1520,0,5,11
2025-11-09,Denim Jacket,Outerwear,25,80,199,2000,1,6,11
2025-11-10,Denim Jacket,Outerwear,9,80,190,720,0,0,11
2025-11-11,Denim Jacket,Outerwear,17,80,173,1360,0,1,11
2025-11-12,Denim Jacket,Outerwear,13,80,160,1040,0,2,11
2025-11-13,Denim Jacket,Outerwear,19,80,141,1520,0,3,11
2025-11-14,Denim Jacket,Outerwear,18,80,123,1440,0,4,11
2025-11-15,Denim Jacket,Outerwear,12,80,111,960,0,5,11
2025-11-16,Denim Jacket,Outerwear,24,80,87,1920,0,6,11
2025-11-17,Denim Jacket,Outerwear,13,80,427,1040,0,0,11
2025-11-18,Denim Jacket,Outerwear,17,80,410,1360,0,1,11
2025-11-19,Denim Jacket,Outerwear,12,80,398,960,0,2,11
2025-11-20,Denim Jacket,Outerwear,14,80,384,1120,0,3,11
2025-11-21,Denim Jacket,Outerwear,16,80,368,1280,0,4,11
2025-11-22,Denim Jacket,Outerwear,29,80,339,2320,1,5,11
2025-11-23,Denim Jacket,Outerwear,18,80,321,1440,0,6,11
2025-11-24,Denim Jacket,Outerwear,13,80,308,1040,0,0,11
2025-11-25,Denim Jacket,Outerwear,13,80,295,1040,0,1,11
2025-11-26,Denim Jacket,Outerwear,17,80,278,1360,0,2,11
2025-11-27,Denim Jacket,Outerwear,15,80,263,1200,0,3,11
2025-11-28,Denim Jacket,Outerwear,16,80,247,1280,0,4,11
2025-11-29,Denim Jacket,Outerwear,22,80,225,1760,0,5,11
2025-11-30,Denim Jacket,Outerwear,18,80,207,1440,0,6,11
2025-12-01,Denim Jacket,Outerwear,15,80,192,1200,0,0,12
2025-12-02,Denim Jacket,Outerwear,13,80,179,1040,0,1,12
2025-12-03,Denim Jacket,Outerwear,12,80,167,960,0,2,12
2025-12-04,Denim Jacket,Outerwear,12,80,155,960,0,3,12
2025-12-05,Denim Jacket,Outerwear,11,80,144,880,1,4,12
2025-12-06,Denim Jacket,Outerwear,19,80,125,1520,0,5,12
2025-12-07,Denim Jacket,Outerwear,19,80,106,1520,0,6,12
2025-12-08,Denim Jacket,Outerwear,16,80,90,1280,0,0,12
2025-12-09,Denim Jacket,Outerwear,12,80,292,960,0,1,12
2025-12-10,Denim Jacket,Outerwear,15,80,277,1200,0,2,12
2025-12-11,Denim Jacket,Outerwear,9,80,268,720,0,3,12
2025-12-12,Denim Jacket,Outerwear,15,80,253,1200,0,4,12
2025-12-13,Denim Jacket,Outerwear,18,80,235,1440,0,5,12
2025-12-14,Denim Jacket,Outerwear,20,80,215,1600,0,6,12
2025-12-15,Denim Jacket,Outerwear,11,80,204,880,0,0,12
2025-12-16,Denim Jacket,Outerwear,18,80,186,1440,0,1,12
2025-12-17,Denim Jacket,Outerwear,14,80,172,1120,0,2,12
2025-12-18,Denim Jacket,Outerwear,14,80,158,1120,0,3,12
2025-12-19,Denim Jacket,Outerwear,18,80,140,1440,0,4,12
2025-12-20,Denim Jacket,Outerwear,21,80,119,1680,0,5,12
2025-12-21,Denim Jacket,Outerwear,26,80,93,2080,1,6,12
2025-12-22,Denim Jacket,Outerwear,12,80,81,960,0,0,12
2025-12-23,Denim Jacket,Outerwear,16,80,275,1280,0,1,12
2025-12-24,Denim Jacket,Outerwear,13,80,262,1040,0,2,12
2025-12-25,Denim Jacket,Outerwear,22,80,240,1760,0,3,12
2025-12-26,Denim Jacket,Outerwear,10,80,230,800,0,4,12
2025-12-27,Denim Jacket,Outerwear,18,80,212,1440,0,5,12
2025-12-28,Denim Jacket,Outerwear,17,80,195,1360,0,6,12
2025-12-29,Denim Jacket,Outerwear,12,80,183,960,0,0,12
2025-12-30,Denim Jacket,Outerwear,15,80,168,1200,0,1,12
2025-12-31,Denim Jacket,Outerwear,9,80,159,720,0,2,12
2025-01-01,Bomber Jacket,Outerwear,20,95,396,1900,0,2,1
2025-01-02,Bomber Jacket,Outerwear,25,95,371,2375,1,3,1
2025-01-03,Bomber Jacket,Outerwear,18,95,353,1710,0,4,1
2025-01-04,Bomber Jacket,Outerwear,21,95,332,1995,0,5,1
2025-01-05,Bomber Jacket,Outerwear,19,95,313,1805,0,6,1
2025-01-06,Bomber Jacket,Outerwear,21,95,292,1995,0,0,1
2025-01-07,Bomber Jacket,Outerwear,13,95,279,1235,0,1,1
2025-01-08,Bomber Jacket,Outerwear,10,95,269,950,0,2,1
2025-01-09,Bomber Jacket,Outerwear,21,95,248,1995,0,3,1
2025-01-10,Bomber Jacket,Outerwear,17,95,231,1615,0,4,1
2025-01-11,Bomber Jacket,Outerwear,21,95,210,1995,0,5,1
2025-01-12,Bomber Jacket,Outerwear,32,95,178,3040,1,6,1
2025-01-13,Bomber Jacket,Outerwear,16,95,162,1520,0,0,1
2025-01-14,Bomber Jacket,Outerwear,22,95,140,2090,0,1,1
2025-01-15,Bomber Jacket,Outerwear,19,95,121,1805,0,2,1
2025-01-16,Bomber Jacket,Outerwear,28,95,93,2660,1,3,1
2025-01-17,Bomber Jacket,Outerwear,17,95,359,1615,0,4,1
2025-01-18,Bomber Jacket,Outerwear,20,95,339,1900,0,5,1
2025-01-19,Bomber Jacket,Outerwear,17,95,322,1615,0,6,1
2025-01-20,Bomber Jacket,Outerwear,20,95,302,1900,0,0,1
2025-01-21,Bomber Jacket,Outerwear,15,95,287,1425,0,1,1
2025-01-22,Bomber Jacket,Outerwear,17,95,270,1615,0,2,1
2025-01-23,Bomber Jacket,Outerwear,28,95,242,2660,1,3,1
2025-01-24,Bomber Jacket,Outerwear,20,95,222,1900,0,4,1
2025-01-25,Bomber Jacket,Outerwear,19,95,203,1805,0,5,1
2025-01-26,Bomber Jacket,Outerwear,14,95,189,1330,0,6,1
2025-01-27,Bomber Jacket,Outerwear,19,95,170,1805,0,0,1
2025-01-28,Bomber Jacket,Outerwear,17,95,153,1615,0,1,1
2025-01-29,Bomber Jacket,Outerwear,18,95,135,1710,0,2,1
2025-01-30,Bomber Jacket,Outerwear,20,95,115,1900,0,3,1
2025-01-31,Bomber Jacket,Outerwear,20,95,95,1900,0,4,1
2025-02-01,Bomber Jacket,Outerwear,21,95,349,1995,0,5,2
2025-02-02,Bomber Jacket,Outerwear,30,95,319,2850,1,6,2
2025-02-03,Bomber Jacket,Outerwear,28,95,291,2660,1,0,2
2025-02-04,Bomber Jacket,Outerwear,16,95,275,1520,0,1,2
2025-02-05,Bomber Jacket,Outerwear,21,95,254,1995,0,2,2
2025-02-06,Bomber Jacket,Outerwear,16,95,238,1520,0,3,2
2025-02-07,Bomber Jacket,Outerwear,19,95,219,1805,0,4,2
2025-02-08,Bomber Jacket,Outerwear,19,95,200,1805,0,5,2
2025-02-09,Bomber Jacket,Outerwear,25,95,175,2375,0,6,2
2025-02-10,Bomber Jacket,Outerwear,24,95,151,2280,0,0,2
2025-02-11,Bomber Jacket,Outerwear,17,95,134,1615,0,1,2
2025-02-12,Bomber Jacket,Outerwear,15,95,119,1425,0,2,2
2025-02-13,Bomber Jacket,Outerwear,19,95,100,1805,0,3,2
2025-02-14,Bomber Jacket,Outerwear,19,95,81,1805,0,4,2
2025-02-15,Bomber Jacket,Outerwear,29,95,336,2755,1,5,2
2025-02-16,Bomber Jacket,Outerwear,21,95,315,1995,0,6,2
2025-02-17,Bomber Jacket,Outerwear,17,95,298,1615,0,0,2
2025-02-18,Bomber Jacket,Outerwear,23,95,275,2185,0,1,2
2025-02-19,Bomber Jacket,Outerwear,12,95,263,1140,0,2,2
2025-02-20,Bomber Jacket,Outerwear,22,95,241,2090,0,3,2
2025-02-21,Bomber Jacket,Outerwear,22,95,219,2090,1,4,2
2025-02-22,Bomber Jacket,Outerwear,25,95,194,2375,0,5,2
2025-02-23,Bomber Jacket,Outerwear,22,95,172,2090,0,6,2
2025-02-24,Bomber Jacket,Outerwear,14,95,158,1330,0,0,2
2025-02-25,Bomber Jacket,Outerwear,27,95,131,2565,1,1,2
2025-02-26,Bomber Jacket,Outerwear,21,95,110,1995,0,2,2
2025-02-27,Bomber Jacket,Outerwear,15,95,95,1425,0,3,2
2025-02-28,Bomber Jacket,Outerwear,25,95,435,2375,1,4,2
2025-03-01,Bomber Jacket,Outerwear,15,95,420,1425,0,5,3
2025-03-02,Bomber Jacket,Outerwear,15,95,405,1425,0,6,3
2025-03-03,Bomber Jacket,Outerwear,16,95,389,1520,1,0,3
2025-03-04,Bomber Jacket,Outerwear,17,95,372,1615,1,1,3
2025-03-05,Bomber Jacket,Outerwear,12,95,360,1140,0,2,3
2025-03-06,Bomber Jacket,Outerwear,18,95,342,1710,0,3,3
2025-03-07,Bomber Jacket,Outerwear,22,95,320,2090,1,4,3
2025-03-08,Bomber Jacket,Outerwear,23,95,297,2185,0,5,3
2025-03-09,Bomber Jacket,Outerwear,19,95,278,1805,0,6,3
2025-03-10,Bomber Jacket,Outerwear,10,95,268,950,0,0,3
2025-03-11,Bomber Jacket,Outerwear,13,95,255,1235,0,1,3
2025-03-12,Bomber Jacket,Outerwear,11,95,244,1045,0,2,3
2025-03-13,Bomber Jacket,Outerwear,9,95,235,855,0,3,3
2025-03-14,Bomber Jacket,Outerwear,19,95,216,1805,0,4,3
2025-03-15,Bomber Jacket,Outerwear,19,95,197,1805,0,5,3
2025-03-16,Bomber Jacket,Outerwear,19,95,178,1805,0,6,3
2025-03-17,Bomber Jacket,Outerwear,9,95,169,855,0,0,3
2025-03-18,Bomber Jacket,Outerwear,19,95,150,1805,1,1,3
2025-03-19,Bomber Jacket,Outerwear,12,95,138,1140,0,2,3
2025-03-20,Bomber Jacket,Outerwear,14,95,124,1330,0,3,3
2025-03-21,Bomber Jacket,Outerwear,12,95,112,1140,1,4,3
2025-03-22,Bomber Jacket,Outerwear,19,95,93,1805,0,5,3
2025-03-23,Bomber Jacket,Outerwear,11,95,82,1045,0,6,3
2025-03-24,Bomber Jacket,Outerwear,13,95,426,1235,0,0,3
2025-03-25,Bomber Jacket,Outerwear,19,95,407,1805,1,1,3
2025-03-26,Bomber Jacket,Outerwear,11,95,396,1045,0,2,3
2025-03-27,Bomber Jacket,Outerwear,13,95,383,1235,0,3,3
2025-03-28,Bomber Jacket,Outerwear,13,95,370,1235,0,4,3
2025-03-29,Bomber Jacket,Outerwear,18,95,352,1710,0,5,3
2025-03-30,Bomber Jacket,Outerwear,11,95,341,1045,0,6,3
2025-03-31,Bomber Jacket,Outerwear,14,95,327,1330,0,0,3
2025-04-01,Bomber Jacket,Outerwear,15,95,312,1425,1,1,4
2025-04-02,Bomber Jacket,Outerwear,12,95,300,1140,0,2,4
2025-04-03,Bomber Jacket,Outerwear,13,95,287,1235,0,3,4
2025-04-04,Bomber Jacket,Outerwear,18,95,269,1710,0,4,4
2025-04-05,Bomber Jacket,Outerwear,18,95,251,1710,0,5,4
2025-04-06,Bomber Jacket,Outerwear,16,95,235,1520,0,6,4
2025-04-07,Bomber Jacket,Outerwear,14,95,221,1330,1,0,4
2025-04-08,Bomber Jacket,Outerwear,18,95,203,1710,1,1,4
2025-04-09,Bomber Jacket,Outerwear,11,95,192,1045,0,2,4
2025-04-10,Bomber Jacket,Outerwear,16,95,176,1520,0,3,4
2025-04-11,Bomber Jacket,Outerwear,13,95,163,1235,0,4,4
2025-04-12,Bomber Jacket,Outerwear,14,95,149,1330,0,5,4
2025-04-13,Bomber Jacket,Outerwear,17,95,132,1615,0,6,4
2025-04-14,Bomber Jacket,Outerwear,16,95,116,1520,0,0,4
2025-04-15,Bomber Jacket,Outerwear,16,95,100,1520,0,1,4
2025-04-16,Bomber Jacket,Outerwear,17,95,83,1615,1,2,4
2025-04-17,Bomber Jacket,Outerwear,16,95,322,1520,0,3,4
2025-04-18,Bomber Jacket,Outerwear,18,95,304,1710,1,4,4
2025-04-19,Bomber Jacket,Outerwear,20,95,284,1900,0,5,4
2025-04-20,Bomber Jacket,Outerwear,17,95,267,1615,0,6,4
2025-04-21,Bomber Jacket,Outerwear,14,95,253,1330,0,0,4
2025-04-22,Bomber Jacket,Outerwear,13,95,240,1235,0,1,4
2025-04-23,Bomber Jacket,Outerwear,17,95,223,1615,0,2,4
2025-04-24,Bomber Jacket,Outerwear,15,95,208,1425,0,3,4
2025-04-25,Bomber Jacket,Outerwear,11,95,197,1045,0,4,4
2025-04-26,Bomber Jacket,Outerwear,21,95,176,1995,0,5,4
2025-04-27,Bomber Jacket,Outerwear,22,95,154,2090,0,6,4
2025-04-28,Bomber Jacket,Outerwear,13,95,141,1235,0,0,4
2025-04-29,Bomber Jacket,Outerwear,17,95,124,1615,0,1,4
2025-04-30,Bomber Jacket,Outerwear,12,95,112,1140,0,2,4
2025-05-01,Bomber Jacket,Outerwear,20,95,92,1900,1,3,5
2025-05-02,Bomber Jacket,Outerwear,19,95,331,1805,0,4,5
2025-05-03,Bomber Jacket,Outerwear,23,95,308,2185,0,5,5
2025-05-04,Bomber Jacket,Outerwear,16,95,292,1520,0,6,5
2025-05-05,Bomber Jacket,Outerwear,19,95,273,1805,1,0,5
2025-05-06,Bomber Jacket,Outerwear,8,95,265,760,0,1,5
2025-05-07,Bomber Jacket,Outerwear,13,95,252,1235,0,2,5
2025-05-08,Bomber Jacket,Outerwear,17,95,235,1615,0,3,5
2025-05-09,Bomber Jacket,Outerwear,19,95,216,1805,0,4,5
2025-05-10,Bomber Jacket,Outerwear,18,95,198,1710,0,5,5
2025-05-11,Bomber Jacket,Outerwear,18,95,180,1710,1,6,5
2025-05-12,Bomber Jacket,Outerwear,18,95,162,1710,0,0,5
2025-05-13,Bomber Jacket,Outerwear,9,95,153,855,0,1,5
2025-05-14,Bomber Jacket,Outerwear,10,95,143,950,0,2,5
2025-05-15,Bomber Jacket,Outerwear,18,95,125,1710,0,3,5
2025-05-16,Bomber Jacket,Outerwear,13,95,112,1235,0,4,5
2025-05-17,Bomber Jacket,Outerwear,15,95,97,1425,0,5,5
2025-05-18,Bomber Jacket,Outerwear,19,95,406,1805,0,6,5
2025-05-19,Bomber Jacket,Outerwear,13,95,393,1235,0,0,5
2025-05-20,Bomber Jacket,Outerwear,12,95,381,1140,0,1,5
2025-05-21,Bomber Jacket,Outerwear,16,95,365,1520,0,2,5
2025-05-22,Bomber Jacket,Outerwear,22,95,343,2090,1,3,5
2025-05-23,Bomber Jacket,Outerwear,16,95,327,1520,0,4,5
2025-05-24,Bomber Jacket,Outerwear,17,95,310,1615,0,5,5
2025-05-25,Bomber Jacket,Outerwear,16,95,294,1520,0,6,5
2025-05-26,Bomber Jacket,Outerwear,12,95,282,1140,0,0,5
2025-05-27,Bomber Jacket,Outerwear,14,95,268,1330,0,1,5
2025-05-28,Bomber Jacket,Outerwear,11,95,257,1045,0,2,5
2025-05-29,Bomber Jacket,Outerwear,16,95,241,1520,0,3,5
2025-05-30,Bomber Jacket,Outerwear,15,95,226,1425,0,4,5
2025-05-31,Bomber Jacket,Outerwear,21,95,205,1995,1,5,5
2025-06-01,Bomber Jacket,Outerwear,16,95,189,1520,0,6,6
2025-06-02,Bomber Jacket,Outerwear,12,95,177,1140,0,0,6
2025-06-03,Bomber Jacket,Outerwear,13,95,164,1235,0,1,6
2025-06-04,Bomber Jacket,Outerwear,14,95,150,1330,0,2,6
2025-06-05,Bomber Jacket,Outerwear,14,95,136,1330,0,3,6
2025-06-06,Bomber Jacket,Outerwear,18,95,118,1710,0,4,6
2025-06-07,Bomber Jacket,Outerwear,17,95,101,1615,0,5,6
2025-06-08,Bomber Jacket,Outerwear,16,95,85,1520,0,6,6
2025-06-09,Bomber Jacket,Outerwear,18,95,385,1710,0,0,6
2025-06-10,Bomber Jacket,Outerwear,14,95,371,1330,0,1,6
2025-06-11,Bomber Jacket,Outerwear,13,95,358,1235,0,2,6
2025-06-12,Bomber Jacket,Outerwear,16,95,342,1520,0,3,6
2025-06-13,Bomber Jacket,Outerwear,15,95,327,1425,0,4,6
2025-06-14,Bomber Jacket,Outerwear,18,95,309,1710,0,5,6
2025-06-15,Bomber Jacket,Outerwear,18,95,291,1710,0,6,6
2025-06-16,Bomber Jacket,Outerwear,9,95,282,855,0,0,6
2025-06-17,Bomber Jacket,Outerwear,13,95,269,1235,0,1,6
2025-06-18,Bomber Jacket,Outerwear,18,95,251,1710,1,2,6
2025-06-19,Bomber Jacket,Outerwear,12,95,239,1140,0,3,6
2025-06-20,Bomber Jacket,Outerwear,10,95,229,950,0,4,6
2025-06-21,Bomber Jacket,Outerwear,22,95,207,2090,1,5,6
2025-06-22,Bomber Jacket,Outerwear,18,95,189,1710,1,6,6
2025-06-23,Bomber Jacket,Outerwear,7,95,182,665,0,0,6
2025-06-24,Bomber Jacket,Outerwear,9,95,173,855,0,1,6
2025-06-25,Bomber Jacket,Outerwear,11,95,162,1045,0,2,6
2025-06-26,Bomber Jacket,Outerwear,10,95,152,950,0,3,6
2025-06-27,Bomber Jacket,Outerwear,15,95,137,1425,0,4,6
2025-06-28,Bomber Jacket,Outerwear,15,95,122,1425,0,5,6
2025-06-29,Bomber Jacket,Outerwear,21,95,101,1995,1,6,6
2025-06-30,Bomber Jacket,Outerwear,17,95,84,1615,0,0,6
2025-07-01,Bomber Jacket,Outerwear,21,95,319,1995,0,1,7
2025-07-02,Bomber Jacket,Outerwear,9,95,310,855,0,2,7
2025-07-03,Bomber Jacket,Outerwear,15,95,295,1425,0,3,7
2025-07-04,Bomber Jacket,Outerwear,16,95,279,1520,0,4,7
2025-07-05,Bomber Jacket,Outerwear,18,95,261,1710,0,5,7
2025-07-06,Bomber Jacket,Outerwear,15,95,246,1425,0,6,7
2025-07-07,Bomber Jacket,Outerwear,14,95,232,1330,0,0,7
2025-07-08,Bomber Jacket,Outerwear,11,95,221,1045,0,1,7
2025-07-09,Bomber Jacket,Outerwear,12,95,209,1140,0,2,7
2025-07-10,Bomber Jacket,Outerwear,13,95,196,1235,0,3,7
2025-07-11,Bomber Jacket,Outerwear,8,95,188,760,0,4,7
2025-07-12,Bomber Jacket,Outerwear,23,95,165,2185,1,5,7
2025-07-13,Bomber Jacket,Outerwear,19,95,146,1805,0,6,7
2025-07-14,Bomber Jacket,Outerwear,15,95,131,1425,0,0,7
2025-07-15,Bomber Jacket,Outerwear,16,95,115,1520,0,1,7
2025-07-16,Bomber Jacket,Outerwear,14,95,101,1330,0,2,7
2025-07-17,Bomber Jacket,Outerwear,17,95,84,1615,0,3,7
2025-07-18,Bomber Jacket,Outerwear,12,95,437,1140,0,4,7
2025-07-19,Bomber Jacket,Outerwear,17,95,420,1615,0,5,7
2025-07-20,Bomber Jacket,Outerwear,17,95,403,1615,1,6,7
2025-07-21,Bomber Jacket,Outerwear,13,95,390,1235,0,0,7
2025-07-22,Bomber Jacket,Outerwear,14,95,376,1330,0,1,7
2025-07-23,Bomber Jacket,Outerwear,11,95,365,1045,0,2,7
2025-07-24,Bomber Jacket,Outerwear,10,95,355,950,0,3,7
2025-07-25,Bomber Jacket,Outerwear,20,95,335,1900,1,4,7
2025-07-26,Bomber Jacket,Outerwear,18,95,317,1710,0,5,7
2025-07-27,Bomber Jacket,Outerwear,15,95,302,1425,0,6,7
2025-07-28,Bomber Jacket,Outerwear,10,95,292,950,0,0,7
2025-07-29,Bomber Jacket,Outerwear,15,95,277,1425,0,1,7
2025-07-30,Bomber Jacket,Outerwear,17,95,260,1615,1,2,7
2025-07-31,Bomber Jacket,Outerwear,11,95,249,1045,0,3,7
2025-08-01,Bomber Jacket,Outerwear,19,95,230,1805,1,4,8
2025-08-02,Bomber Jacket,Outerwear,8,95,222,760,0,5,8
2025-08-03,Bomber Jacket,Outerwear,22,95,200,2090,1,6,8
2025-08-04,Bomber Jacket,Outerwear,14,95,186,1330,0,0,8
2025-08-05,Bomber Jacket,Outerwear,15,95,171,1425,0,1,8
2025-08-06,Bomber Jacket,Outerwear,17,95,154,1615,0,2,8
2025-08-07,Bomber Jacket,Outerwear,12,95,142,1140,1,3,8
2025-08-08,Bomber Jacket,Outerwear,10,95,132,950,0,4,8
2025-08-09,Bomber Jacket,Outerwear,19,95,113,1805,0,5,8
2025-08-10,Bomber Jacket,Outerwear,18,95,95,1710,0,6,8
2025-08-11,Bomber Jacket,Outerwear,16,95,321,1520,0,0,8
2025-08-12,Bomber Jacket,Outerwear,11,95,310,1045,0,1,8
2025-08-13,Bomber Jacket,Outerwear,17,95,293,1615,0,2,8
2025-08-14,Bomber Jacket,Outerwear,12,95,281,1140,0,3,8
2025-08-15,Bomber Jacket,Outerwear,13,95,268,1235,0,4,8
2025-08-16,Bomber Jacket,Outerwear,15,95,253,1425,0,5,8
2025-08-17,Bomber Jacket,Outerwear,18,95,235,1710,1,6,8
2025-08-18,Bomber Jacket,Outerwear,17,95,218,1615,0,0,8
2025-08-19,Bomber Jacket,Outerwear,13,95,205,1235,0,1,8
2025-08-20,Bomber Jacket,Outerwear,14,95,191,1330,0,2,8
2025-08-21,Bomber Jacket,Outerwear,17,95,174,1615,0,3,8
2025-08-22,Bomber Jacket,Outerwear,17,95,157,1615,0,4,8
2025-08-23,Bomber Jacket,Outerwear,15,95,142,1425,0,5,8
2025-08-24,Bomber Jacket,Outerwear,16,95,126,1520,0,6,8
2025-08-25,Bomber Jacket,Outerwear,17,95,109,1615,0,0,8
2025-08-26,Bomber Jacket,Outerwear,18,95,91,1710,1,1,8
2025-08-27,Bomber Jacket,Outerwear,11,95,80,1045,0,2,8
2025-08-28,Bomber Jacket,Outerwear,13,95,432,1235,0,3,8
2025-08-29,Bomber Jacket,Outerwear,10,95,422,950,0,4,8
2025-08-30,Bomber Jacket,Outerwear,23,95,399,2185,1,5,8
2025-08-31,Bomber Jacket,Outerwear,23,95,376,2185,0,6,8
2025-09-01,Bomber Jacket,Outerwear,12,95,364,1140,0,0,9
2025-09-02,Bomber Jacket,Outerwear,13,95,351,1235,0,1,9
2025-09-03,Bomber Jacket,Outerwear,14,95,337,1330,0,2,9
2025-09-04,Bomber Jacket,Outerwear,18,95,319,1710,0,3,9
2025-09-05,Bomber Jacket,Outerwear,17,95,302,1615,0,4,9
2025-09-06,Bomber Jacket,Outerwear,20,95,282,1900,0,5,9
2025-09-07,Bomber Jacket,Outerwear,19,95,263,1805,0,6,9
2025-09-08,Bomber Jacket,Outerwear,17,95,246,1615,1,0,9
2025-09-09,Bomber Jacket,Outerwear,14,95,232,1330,1,1,9
2025-09-10,Bomber Jacket,Outerwear,14,95,218,1330,0,2,9
2025-09-11,Bomber Jacket,Outerwear,10,95,208,950,0,3,9
2025-09-12,Bomber Jacket,Outerwear,13,95,195,1235,0,4,9
2025-09-13,Bomber Jacket,Outerwear,18,95,177,1710,0,5,9
2025-09-14,Bomber Jacket,Outerwear,20,95,157,1900,0,6,9
2025-09-15,Bomber Jacket,Outerwear,21,95,136,1995,1,0,9
2025-09-16,Bomber Jacket,Outerwear,16,95,120,1520,0,1,9
2025-09-17,Bomber Jacket,Outerwear,10,95,110,950,0,2,9
2025-09-18,Bomber Jacket,Outerwear,11,95,99,1045,0,3,9
2025-09-19,Bomber Jacket,Outerwear,14,95,85,1330,0,4,9
2025-09-20,Bomber Jacket,Outerwear,20,95,322,1900,0,5,9
2025-09-21,Bomber Jacket,Outerwear,12,95,310,1140,0,6,9
2025-09-22,Bomber Jacket,Outerwear,16,95,294,1520,0,0,9
2025-09-23,Bomber Jacket,Outerwear,15,95,279,1425,0,1,9
2025-09-24,Bomber Jacket,Outerwear,12,95,267,1140,0,2,9
2025-09-25,Bomber Jacket,Outerwear,16,95,251,1520,0,3,9
2025-09-26,Bomber Jacket,Outerwear,10,95,241,950,0,4,9
2025-09-27,Bomber Jacket,Outerwear,18,95,223,1710,0,5,9
2025-09-28,Bomber Jacket,Outerwear,17,95,206,1615,0,6,9
2025-09-29,Bomber Jacket,Outerwear,13,95,193,1235,1,0,9
2025-09-30,Bomber Jacket,Outerwear,15,95,178,1425,0,1,9
2025-10-01,Bomber Jacket,Outerwear,16,95,162,1520,0,2,10
2025-10-02,Bomber Jacket,Outerwear,24,95,138,2280,1,3,10
2025-10-03,Bomber Jacket,Outerwear,15,95,123,1425,0,4,10
2025-10-04,Bomber Jacket,Outerwear,25,95,98,2375,0,5,10
2025-10-05,Bomber Jacket,Outerwear,27,95,385,2565,0,6,10
2025-10-06,Bomber Jacket,Outerwear,23,95,362,2185,1,0,10
2025-10-07,Bomber Jacket,Outerwear,21,95,341,1995,0,1,10
2025-10-08,Bomber Jacket,Outerwear,25,95,316,2375,1,2,10
2025-10-09,Bomber Jacket,Outerwear,14,95,302,1330,0,3,10
2025-10-10,Bomber Jacket,Outerwear,15,95,287,1425,0,4,10
2025-10-11,Bomber Jacket,Outerwear,24,95,263,2280,0,5,10
2025-10-12,Bomber Jacket,Outerwear,25,95,238,2375,0,6,10
2025-10-13,Bomber Jacket,Outerwear,12,95,226,1140,0,0,10
2025-10-14,Bomber Jacket,Outerwear,17,95,209,1615,0,1,10
2025-10-15,Bomber Jacket,Outerwear,15,95,194,1425,0,2,10
2025-10-16,Bomber Jacket,Outerwear,18,95,176,1710,0,3,10
2025-10-17,Bomber Jacket,Outerwear,21,95,155,1995,0,4,10
2025-10-18,Bomber Jacket,Outerwear,18,95,137,1710,0,5,10
2025-10-19,Bomber Jacket,Outerwear,20,95,117,1900,0,6,10
2025-10-20,Bomber Jacket,Outerwear,17,95,100,1615,0,0,10
2025-10-21,Bomber Jacket,Outerwear,14,95,86,1330,0,1,10
2025-10-22,Bomber Jacket,Outerwear,12,95,275,1140,0,2,10
2025-10-23,Bomber Jacket,Outerwear,15,95,260,1425,0,3,10
2025-10-24,Bomber Jacket,Outerwear,14,95,246,1330,0,4,10
2025-10-25,Bomber Jacket,Outerwear,25,95,221,2375,0,5,10
2025-10-26,Bomber Jacket,Outerwear,23,95,198,2185,0,6,10
2025-10-27,Bomber Jacket,Outerwear,18,95,180,1710,0,0,10
2025-10-28,Bomber Jacket,Outerwear,13,95,167,1235,0,1,10
2025-10-29,Bomber Jacket,Outerwear,12,95,155,1140,0,2,10
2025-10-30,Bomber Jacket,Outerwear,18,95,137,1710,0,3,10
2025-10-31,Bomber Jacket,Outerwear,17,95,120,1615,0,4,10
2025-11-01,Bomber Jacket,Outerwear,31,95,89,2945,0,5,11
2025-11-02,Bomber Jacket,Outerwear,40,95,373,3800,1,6,11
2025-11-03,Bomber Jacket,Outerwear,21,95,352,1995,0,0,11
2025-11-04,Bomber Jacket,Outerwear,22,95,330,2090,0,1,11
2025-11-05,Bomber Jacket,Outerwear,24,95,306,2280,0,2,11
2025-11-06,Bomber Jacket,Outerwear,19,95,287,1805,0,3,11
2025-11-07,Bomber Jacket,Outerwear,32,95,255,3040,1,4,11
2025-11-08,Bomber Jacket,Outerwear,32,95,223,3040,0,5,11
2025-11-09,Bomber Jacket,Outerwear,31,95,192,2945,0,6,11
2025-11-10,Bomber Jacket,Outerwear,23,95,169,2185,0,0,11
2025-11-11,Bomber Jacket,Outerwear,25,95,144,2375,0,1,11
2025-11-12,Bomber Jacket,Outerwear,25,95,119,2375,0,2,11
2025-11-13,Bomber Jacket,Outerwear,31,95,88,2945,1,3,11
2025-11-14,Bomber Jacket,Outerwear,24,95,330,2280,0,4,11
2025-11-15,Bomber Jacket,Outerwear,34,95,296,3230,0,5,11
2025-11-16,Bomber Jacket,Outerwear,30,95,266,2850,0,6,11
2025-11-17,Bomber Jacket,Outerwear,21,95,245,1995,0,0,11
2025-11-18,Bomber Jacket,Outerwear,30,95,215,2850,0,1,11
2025-11-19,Bomber Jacket,Outerwear,31,95,184,2945,1,2,11
2025-11-20,Bomber Jacket,Outerwear,27,95,157,2565,0,3,11
2025-11-21,Bomber Jacket,Outerwear,26,95,131,2470,0,4,11
2025-11-22,Bomber Jacket,Outerwear,38,95,93,3610,1,5,11
2025-11-23,Bomber Jacket,Outerwear,31,95,305,2945,0,6,11
2025-11-24,Bomber Jacket,Outerwear,29,95,276,2755,0,0,11
2025-11-25,Bomber Jacket,Outerwear,37,95,239,3515,1,1,11
2025-11-26,Bomber Jacket,Outerwear,23,95,216,2185,0,2,11
2025-11-27,Bomber Jacket,Outerwear,20,95,196,1900,0,3,11
2025-11-28,Bomber Jacket,Outerwear,27,95,169,2565,0,4,11
2025-11-29,Bomber Jacket,Outerwear,30,95,139,2850,0,5,11
2025-11-30,Bomber Jacket,Outerwear,34,95,105,3230,0,6,11
2025-12-01,Bomber Jacket,Outerwear,34,95,281,3230,1,0,12
2025-12-02,Bomber Jacket,Outerwear,28,95,253,2660,0,1,12
2025-12-03,Bomber Jacket,Outerwear,23,95,230,2185,0,2,12
2025-12-04,Bomber Jacket,Outerwear,23,95,207,2185,0,3,12
2025-12-05,Bomber Jacket,Outerwear,21,95,186,1995,0,4,12
2025-12-06,Bomber Jacket,Outerwear,41,95,145,3895,1,5,12
2025-12-07,Bomber Jacket,Outerwear,40,95,105,3800,1,6,12
2025-12-08,Bomber Jacket,Outerwear,28,95,348,2660,0,0,12
2025-12-09,Bomber Jacket,Outerwear,25,95,323,2375,0,1,12
2025-12-10,Bomber Jacket,Outerwear,27,95,296,2565,0,2,12
2025-12-11,Bomber Jacket,Outerwear,27,95,269,2565,0,3,12
2025-12-12,Bomber Jacket,Outerwear,23,95,246,2185,0,4,12
2025-12-13,Bomber Jacket,Outerwear,30,95,216,2850,0,5,12
2025-12-14,Bomber Jacket,Outerwear,43,95,173,4085,1,6,12
2025-12-15,Bomber Jacket,Outerwear,24,95,149,2280,0,0,12
2025-12-16,Bomber Jacket,Outerwear,22,95,127,2090,0,1,12
2025-12-17,Bomber Jacket,Outerwear,30,95,97,2850,0,2,12
2025-12-18,Bomber Jacket,Outerwear,29,95,423,2755,0,3,12
2025-12-19,Bomber Jacket,Outerwear,23,95,400,2185,0,4,12
2025-12-20,Bomber Jacket,Outerwear,23,95,377,2185,0,5,12
2025-12-21,Bomber Jacket,Outerwear,25,95,352,2375,0,6,12
2025-12-22,Bomber Jacket,Outerwear,16,95,336,1520,0,0,12
2025-12-23,Bomber Jacket,Outerwear,32,95,304,3040,1,1,12
2025-12-24,Bomber Jacket,Outerwear,29,95,275,2755,0,2,12
2025-12-25,Bomber Jacket,Outerwear,21,95,254,1995,0,3,12
2025-12-26,Bomber Jacket,Outerwear,25,95,229,2375,0,4,12
2025-12-27,Bomber Jacket,Outerwear,31,95,198,2945,0,5,12
2025-12-28,Bomber Jacket,Outerwear,43,95,155,4085,1,6,12
2025-12-29,Bomber Jacket,Outerwear,27,95,128,2565,0,0,12
2025-12-30,Bomber Jacket,Outerwear,31,95,97,2945,0,1,12
2025-12-31,Bomber Jacket,Outerwear,26,95,408,2470,0,2,12
2025-01-01,Crew Neck T-Shirt,Essentials,13,22,481,286,0,2,1
2025-01-02,Crew Neck T-Shirt,Essentials,16,22,465,352,0,3,1
2025-01-03,Crew Neck T-Shirt,Essentials,17,22,448,374,0,4,1
2025-01-04,Crew Neck T-Shirt,Essentials,16,22,432,352,0,5,1
2025-01-05,Crew Neck T-Shirt,Essentials,22,22,410,484,0,6,1
2025-01-06,Crew Neck T-Shirt,Essentials,12,22,398,264,0,0,1
2025-01-07,Crew Neck T-Shirt,Essentials,18,22,380,396,0,1,1
2025-01-08,Crew Neck T-Shirt,Essentials,19,22,361,418,0,2,1
2025-01-09,Crew Neck T-Shirt,Essentials,25,22,336,550,1,3,1
2025-01-10,Crew Neck T-Shirt,Essentials,12,22,324,264,0,4,1
2025-01-11,Crew Neck T-Shirt,Essentials,23,22,301,506,1,5,1
2025-01-12,Crew Neck T-Shirt,Essentials,22,22,279,484,0,6,1
2025-01-13,Crew Neck T-Shirt,Essentials,19,22,260,418,0,0,1
2025-01-14,Crew Neck T-Shirt,Essentials,14,22,246,308,0,1,1
2025-01-15,Crew Neck T-Shirt,Essentials,11,22,235,242,0,2,1
2025-01-16,Crew Neck T-Shirt,Essentials,12,22,223,264,0,3,1
2025-01-17,Crew Neck T-Shirt,Essentials,12,22,211,264,0,4,1
2025-01-18,Crew Neck T-Shirt,Essentials,19,22,192,418,0,5,1
2025-01-19,Crew Neck T-Shirt,Essentials,20,22,172,440,0,6,1
2025-01-20,Crew Neck T-Shirt,Essentials,14,22,158,308,0,0,1
2025-01-21,Crew Neck T-Shirt,Essentials,16,22,142,352,0,1,1
2025-01-22,Crew Neck T-Shirt,Essentials,19,22,123,418,0,2,1
2025-01-23,Crew Neck T-Shirt,Essentials,14,22,109,308,0,3,1
2025-01-24,Crew Neck T-Shirt,Essentials,15,22,94,330,0,4,1
2025-01-25,Crew Neck T-Shirt,Essentials,21,22,372,462,0,5,1
2025-01-26,Crew Neck T-Shirt,Essentials,23,22,349,506,0,6,1
2025-01-27,Crew Neck T-Shirt,Essentials,19,22,330,418,0,0,1
2025-01-28,Crew Neck T-Shirt,Essentials,14,22,316,308,0,1,1
2025-01-29,Crew Neck T-Shirt,Essentials,17,22,299,374,0,2,1
2025-01-30,Crew Neck T-Shirt,Essentials,21,22,278,462,1,3,1
2025-01-31,Crew Neck T-Shirt,Essentials,12,22,266,264,0,4,1
2025-02-01,Crew Neck T-Shirt,Essentials,23,22,243,506,1,5,2
2025-02-02,Crew Neck T-Shirt,Essentials,21,22,222,462,1,6,2
2025-02-03,Crew Neck T-Shirt,Essentials,10,22,212,220,0,0,2
2025-02-04,Crew Neck T-Shirt,Essentials,16,22,196,352,0,1,2
2025-02-05,Crew Neck T-Shirt,Essentials,16,22,180,352,0,2,2
2025-02-06,Crew Neck T-Shirt,Essentials,14,22,166,308,0,3,2
2025-02-07,Crew Neck T-Shirt,Essentials,21,22,145,462,1,4,2
2025-02-08,Crew Neck T-Shirt,Essentials,21,22,124,462,0,5,2
2025-02-09,Crew Neck T-Shirt,Essentials,21,22,103,462,0,6,2
2025-02-10,Crew Neck T-Shirt,Essentials,14,22,89,308,0,0,2
2025-02-11,Crew Neck T-Shirt,Essentials,16,22,277,352,0,1,2
2025-02-12,Crew Neck T-Shirt,Essentials,24,22,253,528,1,2,2
2025-02-13,Crew Neck T-Shirt,Essentials,13,22,240,286,0,3,2
2025-02-14,Crew Neck T-Shirt,Essentials,16,22,224,352,0,4,2
2025-02-15,Crew Neck T-Shirt,Essentials,21,22,203,462,0,5,2
2025-02-16,Crew Neck T-Shirt,Essentials,27,22,176,594,1,6,2
2025-02-17,Crew Neck T-Shirt,Essentials,20,22,156,440,0,0,2
2025-02-18,Crew Neck T-Shirt,Essentials,15,22,141,330,0,1,2
2025-02-19,Crew Neck T-Shirt,Essentials,13,22,128,286,0,2,2
2025-02-20,Crew Neck T-Shirt,Essentials,16,22,112,352,0,3,2
2025-02-21,Crew Neck T-Shirt,Essentials,20,22,92,440,1,4,2
2025-02-22,Crew Neck T-Shirt,Essentials,24,22,404,528,1,5,2
2025-02-23,Crew Neck T-Shirt,Essentials,20,22,384,440,0,6,2
2025-02-24,Crew Neck T-Shirt,Essentials,20,22,364,440,1,0,2
2025-02-25,Crew Neck T-Shirt,Essentials,19,22,345,418,1,1,2
2025-02-26,Crew Neck T-Shirt,Essentials,16,22,329,352,0,2,2
2025-02-27,Crew Neck T-Shirt,Essentials,18,22,311,396,0,3,2
2025-02-28,Crew Neck T-Shirt,Essentials,17,22,294,374,0,4,2
2025-03-01,Crew Neck T-Shirt,Essentials,16,22,278,352,0,5,3
2025-03-02,Crew Neck T-Shirt,Essentials,19,22,259,418,0,6,3
2025-03-03,Crew Neck T-Shirt,Essentials,18,22,241,396,1,0,3
2025-03-04,Crew Neck T-Shirt,Essentials,16,22,225,352,0,1,3
2025-03-05,Crew Neck T-Shirt,Essentials,11,22,214,242,0,2,3
2025-03-06,Crew Neck T-Shirt,Essentials,11,22,203,242,0,3,3
2025-03-07,Crew Neck T-Shirt,Essentials,14,22,189,308,0,4,3
2025-03-08,Crew Neck T-Shirt,Essentials,23,22,166,506,0,5,3
2025-03-09,Crew Neck T-Shirt,Essentials,20,22,146,440,0,6,3
2025-03-10,Crew Neck T-Shirt,Essentials,14,22,132,308,0,0,3
2025-03-11,Crew Neck T-Shirt,Essentials,21,22,111,462,1,1,3
2025-03-12,Crew Neck T-Shirt,Essentials,21,22,90,462,1,2,3
2025-03-13,Crew Neck T-Shirt,Essentials,23,22,340,506,0,3,3
2025-03-14,Crew Neck T-Shirt,Essentials,19,22,321,418,0,4,3
2025-03-15,Crew Neck T-Shirt,Essentials,23,22,298,506,1,5,3
2025-03-16,Crew Neck T-Shirt,Essentials,18,22,280,396,0,6,3
2025-03-17,Crew Neck T-Shirt,Essentials,15,22,265,330,0,0,3
2025-03-18,Crew Neck T-Shirt,Essentials,15,22,250,330,0,1,3
2025-03-19,Crew Neck T-Shirt,Essentials,13,22,237,286,0,2,3
2025-03-20,Crew Neck T-Shirt,Essentials,14,22,223,308,1,3,3
2025-03-21,Crew Neck T-Shirt,Essentials,13,22,210,286,0,4,3
2025-03-22,Crew Neck T-Shirt,Essentials,17,22,193,374,0,5,3
2025-03-23,Crew Neck T-Shirt,Essentials,21,22,172,462,0,6,3
2025-03-24,Crew Neck T-Shirt,Essentials,13,22,159,286,0,0,3
2025-03-25,Crew Neck T-Shirt,Essentials,13,22,146,286,0,1,3
2025-03-26,Crew Neck T-Shirt,Essentials,19,22,127,418,0,2,3
2025-03-27,Crew Neck T-Shirt,Essentials,14,22,113,308,0,3,3
2025-03-28,Crew Neck T-Shirt,Essentials,22,22,91,484,1,4,3
2025-03-29,Crew Neck T-Shirt,Essentials,17,22,302,374,0,5,3
2025-03-30,Crew Neck T-Shirt,Essentials,23,22,279,506,0,6,3
2025-03-31,Crew Neck T-Shirt,Essentials,13,22,266,286,0,0,3
2025-04-01,Crew Neck T-Shirt,Essentials,15,22,251,330,0,1,4
2025-04-02,Crew Neck T-Shirt,Essentials,20,22,231,440,1,2,4
2025-04-03,Crew Neck T-Shirt,Essentials,21,22,210,462,1,3,4
2025-04-04,Crew Neck T-Shirt,Essentials,18,22,192,396,0,4,4
2025-04-05,Crew Neck T-Shirt,Essentials,16,22,176,352,0,5,4
2025-04-06,Crew Neck T-Shirt,Essentials,28,22,148,616,1,6,4
2025-04-07,Crew Neck T-Shirt,Essentials,12,22,136,264,0,0,4
2025-04-08,Crew Neck T-Shirt,Essentials,17,22,119,374,0,1,4
2025-04-09,Crew Neck T-Shirt,Essentials,17,22,102,374,0,2,4
2025-04-10,Crew Neck T-Shirt,Essentials,14,22,88,308,0,3,4
2025-04-11,Crew Neck T-Shirt,Essentials,13,22,303,286,0,4,4
2025-04-12,Crew Neck T-Shirt,Essentials,19,22,284,418,0,5,4
2025-04-13,Crew Neck T-Shirt,Essentials,23,22,261,506,1,6,4
2025-04-14,Crew Neck T-Shirt,Essentials,15,22,246,330,0,0,4
2025-04-15,Crew Neck T-Shirt,Essentials,20,22,226,440,0,1,4
2025-04-16,Crew Neck T-Shirt,Essentials,16,22,210,352,0,2,4
2025-04-17,Crew Neck T-Shirt,Essentials,17,22,193,374,0,3,4
2025-04-18,Crew Neck T-Shirt,Essentials,23,22,170,506,0,4,4
2025-04-19,Crew Neck T-Shirt,Essentials,25,22,145,550,1,5,4
2025-04-20,Crew Neck T-Shirt,Essentials,18,22,127,396,0,6,4
2025-04-21,Crew Neck T-Shirt,Essentials,16,22,111,352,0,0,4
2025-04-22,Crew Neck T-Shirt,Essentials,13,22,98,286,0,1,4
2025-04-23,Crew Neck T-Shirt,Essentials,17,22,81,374,0,2,4
2025-04-24,Crew Neck T-Shirt,Essentials,12,22,409,264,0,3,4
2025-04-25,Crew Neck T-Shirt,Essentials,18,22,391,396,1,4,4
2025-04-26,Crew Neck T-Shirt,Essentials,15,22,376,330,0,5,4
2025-04-27,Crew Neck T-Shirt,Essentials,19,22,357,418,0,6,4
2025-04-28,Crew Neck T-Shirt,Essentials,14,22,343,308,0,0,4
2025-04-29,Crew Neck T-Shirt,Essentials,10,22,333,220,0,1,4
2025-04-30,Crew Neck T-Shirt,Essentials,10,22,323,220,0,2,4
2025-05-01,Crew Neck T-Shirt,Essentials,18,22,305,396,0,3,5
2025-05-02,Crew Neck T-Shirt,Essentials,13,22,292,286,0,4,5
2025-05-03,Crew Neck T-Shirt,Essentials,19,22,273,418,0,5,5
2025-05-04,Crew Neck T-Shirt,Essentials,19,22,254,418,0,6,5
2025-05-05,Crew Neck T-Shirt,Essentials,14,22,240,308,0,0,5
2025-05-06,Crew Neck T-Shirt,Essentials,16,22,224,352,0,1,5
2025-05-07,Crew Neck T-Shirt,Essentials,18,22,206,396,0,2,5
2025-05-08,Crew Neck T-Shirt,Essentials,15,22,191,330,0,3,5
2025-05-09,Crew Neck T-Shirt,Essentials,18,22,173,396,0,4,5
2025-05-10,Crew Neck T-Shirt,Essentials,22,22,151,484,0,5,5
2025-05-11,Crew Neck T-Shirt,Essentials,20,22,131,440,0,6,5
2025-05-12,Crew Neck T-Shirt,Essentials,16,22,115,352,0,0,5
2025-05-13,Crew Neck T-Shirt,Essentials,10,22,105,220,0,1,5
2025-05-14,Crew Neck T-Shirt,Essentials,14,22,91,308,0,2,5
2025-05-15,Crew Neck T-Shirt,Essentials,19,22,438,418,0,3,5
2025-05-16,Crew Neck T-Shirt,Essentials,16,22,422,352,0,4,5
2025-05-17,Crew Neck T-Shirt,Essentials,17,22,405,374,0,5,5
2025-05-18,Crew Neck T-Shirt,Essentials,24,22,381,528,1,6,5
2025-05-19,Crew Neck T-Shirt,Essentials,19,22,362,418,0,0,5
2025-05-20,Crew Neck T-Shirt,Essentials,16,22,346,352,1,1,5
2025-05-21,Crew Neck T-Shirt,Essentials,16,22,330,352,0,2,5
2025-05-22,Crew Neck T-Shirt,Essentials,20,22,310,440,0,3,5
2025-05-23,Crew Neck T-Shirt,Essentials,24,22,286,528,1,4,5
2025-05-24,Crew Neck T-Shirt,Essentials,30,22,256,660,1,5,5
2025-05-25,Crew Neck T-Shirt,Essentials,20,22,236,440,0,6,5
2025-05-26,Crew Neck T-Shirt,Essentials,17,22,219,374,0,0,5
2025-05-27,Crew Neck T-Shirt,Essentials,14,22,205,308,0,1,5
2025-05-28,Crew Neck T-Shirt,Essentials,12,22,193,264,0,2,5
2025-05-29,Crew Neck T-Shirt,Essentials,15,22,178,330,0,3,5
2025-05-30,Crew Neck T-Shirt,Essentials,19,22,159,418,0,4,5
2025-05-31,Crew Neck T-Shirt,Essentials,13,22,146,286,0,5,5
2025-06-01,Crew Neck T-Shirt,Essentials,22,22,124,484,0,6,6
2025-06-02,Crew Neck T-Shirt,Essentials,20,22,104,440,0,0,6
2025-06-03,Crew Neck T-Shirt,Essentials,24,22,80,528,1,1,6
2025-06-04,Crew Neck T-Shirt,Essentials,28,22,358,616,1,2,6
2025-06-05,Crew Neck T-Shirt,Essentials,22,22,336,484,0,3,6
2025-06-06,Crew Neck T-Shirt,Essentials,22,22,314,484,0,4,6
2025-06-07,Crew Neck T-Shirt,Essentials,28,22,286,616,0,5,6
2025-06-08,Crew Neck T-Shirt,Essentials,28,22,258,616,0,6,6
2025-06-09,Crew Neck T-Shirt,Essentials,19,22,239,418,0,0,6
2025-06-10,Crew Neck T-Shirt,Essentials,23,22,216,506,0,1,6
2025-06-11,Crew Neck T-Shirt,Essentials,15,22,201,330,0,2,6
2025-06-12,Crew Neck T-Shirt,Essentials,18,22,183,396,0,3,6
2025-06-13,Crew Neck T-Shirt,Essentials,18,22,165,396,0,4,6
2025-06-14,Crew Neck T-Shirt,Essentials,22,22,143,484,0,5,6
2025-06-15,Crew Neck T-Shirt,Essentials,27,22,116,594,1,6,6
2025-06-16,Crew Neck T-Shirt,Essentials,22,22,94,484,0,0,6
2025-06-17,Crew Neck T-Shirt,Essentials,18,22,451,396,0,1,6
2025-06-18,Crew Neck T-Shirt,Essentials,19,22,432,418,0,2,6
2025-06-19,Crew Neck T-Shirt,Essentials,17,22,415,374,0,3,6
2025-06-20,Crew Neck T-Shirt,Essentials,23,22,392,506,0,4,6
2025-06-21,Crew Neck T-Shirt,Essentials,25,22,367,550,0,5,6
2025-06-22,Crew Neck T-Shirt,Essentials,17,22,350,374,0,6,6
2025-06-23,Crew Neck T-Shirt,Essentials,25,22,325,550,0,0,6
2025-06-24,Crew Neck T-Shirt,Essentials,20,22,305,440,0,1,6
2025-06-25,Crew Neck T-Shirt,Essentials,19,22,286,418,0,2,6
2025-06-26,Crew Neck T-Shirt,Essentials,20,22,266,440,0,3,6
2025-06-27,Crew Neck T-Shirt,Essentials,19,22,247,418,0,4,6
2025-06-28,Crew Neck T-Shirt,Essentials,22,22,225,484,0,5,6
2025-06-29,Crew Neck T-Shirt,Essentials,21,22,204,462,0,6,6
2025-06-30,Crew Neck T-Shirt,Essentials,18,22,186,396,0,0,6
2025-07-01,Crew Neck T-Shirt,Essentials,22,22,164,484,1,1,7
2025-07-02,Crew Neck T-Shirt,Essentials,11,22,153,242,0,2,7
2025-07-03,Crew Neck T-Shirt,Essentials,20,22,133,440,0,3,7
2025-07-04,Crew Neck T-Shirt,Essentials,24,22,109,528,0,4,7
2025-07-05,Crew Neck T-Shirt,Essentials,21,22,88,462,0,5,7
2025-07-06,Crew Neck T-Shirt,Essentials,25,22,394,550,0,6,7
2025-07-07,Crew Neck T-Shirt,Essentials,22,22,372,484,1,0,7
2025-07-08,Crew Neck T-Shirt,Essentials,20,22,352,440,0,1,7
2025-07-09,Crew Neck T-Shirt,Essentials,20,22,332,440,0,2,7
2025-07-10,Crew Neck T-Shirt,Essentials,26,22,306,572,1,3,7
2025-07-11,Crew Neck T-Shirt,Essentials,15,22,291,330,0,4,7
2025-07-12,Crew Neck T-Shirt,Essentials,33,22,258,726,1,5,7
2025-07-13,Crew Neck T-Shirt,Essentials,23,22,235,506,0,6,7
2025-07-14,Crew Neck T-Shirt,Essentials,23,22,212,506,0,0,7
2025-07-15,Crew Neck T-Shirt,Essentials,24,22,188,528,1,1,7
2025-07-16,Crew Neck T-Shirt,Essentials,20,22,168,440,0,2,7
2025-07-17,Crew Neck T-Shirt,Essentials,19,22,149,418,0,3,7
2025-07-18,Crew Neck T-Shirt,Essentials,21,22,128,462,0,4,7
2025-07-19,Crew Neck T-Shirt,Essentials,25,22,103,550,0,5,7
2025-07-20,Crew Neck T-Shirt,Essentials,27,22,308,594,0,6,7
2025-07-21,Crew Neck T-Shirt,Essentials,15,22,293,330,0,0,7
2025-07-22,Crew Neck T-Shirt,Essentials,28,22,265,616,1,1,7
2025-07-23,Crew Neck T-Shirt,Essentials,27,22,238,594,1,2,7
2025-07-24,Crew Neck T-Shirt,Essentials,26,22,212,572,1,3,7
2025-07-25,Crew Neck T-Shirt,Essentials,27,22,185,594,1,4,7
2025-07-26,Crew Neck T-Shirt,Essentials,31,22,154,682,0,5,7
2025-07-27,Crew Neck T-Shirt,Essentials,30,22,124,660,0,6,7
2025-07-28,Crew Neck T-Shirt,Essentials,17,22,107,374,0,0,7
2025-07-29,Crew Neck T-Shirt,Essentials,20,22,87,440,0,1,7
2025-07-30,Crew Neck T-Shirt,Essentials,14,22,324,308,0,2,7
2025-07-31,Crew Neck T-Shirt,Essentials,19,22,305,418,0,3,7
2025-08-01,Crew Neck T-Shirt,Essentials,13,22,292,286,0,4,8
2025-08-02,Crew Neck T-Shirt,Essentials,25,22,267,550,0,5,8
2025-08-03,Crew Neck T-Shirt,Essentials,33,22,234,726,1,6,8
2025-08-04,Crew Neck T-Shirt,Essentials,18,22,216,396,0,0,8
2025-08-05,Crew Neck T-Shirt,Essentials,21,22,195,462,0,1,8
2025-08-06,Crew Neck T-Shirt,Essentials,22,22,173,484,0,2,8
2025-08-07,Crew Neck T-Shirt,Essentials,18,22,155,396,0,3,8
2025-08-08,Crew Neck T-Shirt,Essentials,13,22,142,286,0,4,8
2025-08-09,Crew Neck T-Shirt,Essentials,27,22,115,594,1,5,8
2025-08-10,Crew Neck T-Shirt,Essentials,24,22,91,528,0,6,8
2025-08-11,Crew Neck T-Shirt,Essentials,19,22,434,418,0,0,8
2025-08-12,Crew Neck T-Shirt,Essentials,16,22,418,352,0,1,8
2025-08-13,Crew Neck T-Shirt,Essentials,19,22,399,418,0,2,8
2025-08-14,Crew Neck T-Shirt,Essentials,19,22,380,418,0,3,8
2025-08-15,Crew Neck T-Shirt,Essentials,23,22,357,506,0,4,8
2025-08-16,Crew Neck T-Shirt,Essentials,23,22,334,506,0,5,8
2025-08-17,Crew Neck T-Shirt,Essentials,18,22,316,396,0,6,8
2025-08-18,Crew Neck T-Shirt,Essentials,15,22,301,330,0,0,8
2025-08-19,Crew Neck T-Shirt,Essentials,29,22,272,638,1,1,8
2025-08-20,Crew Neck T-Shirt,Essentials,28,22,244,616,1,2,8
2025-08-21,Crew Neck T-Shirt,Essentials,22,22,222,484,0,3,8
2025-08-22,Crew Neck T-Shirt,Essentials,17,22,205,374,0,4,8
2025-08-23,Crew Neck T-Shirt,Essentials,30,22,175,660,1,5,8
2025-08-24,Crew Neck T-Shirt,Essentials,18,22,157,396,0,6,8
2025-08-25,Crew Neck T-Shirt,Essentials,17,22,140,374,0,0,8
2025-08-26,Crew Neck T-Shirt,Essentials,26,22,114,572,0,1,8
2025-08-27,Crew Neck T-Shirt,Essentials,19,22,95,418,0,2,8
2025-08-28,Crew Neck T-Shirt,Essentials,21,22,386,462,0,3,8
2025-08-29,Crew Neck T-Shirt,Essentials,15,22,371,330,0,4,8
2025-08-30,Crew Neck T-Shirt,Essentials,21,22,350,462,0,5,8
2025-08-31,Crew Neck T-Shirt,Essentials,31,22,319,682,1,6,8
2025-09-01,Crew Neck T-Shirt,Essentials,19,22,300,418,0,0,9
2025-09-02,Crew Neck T-Shirt,Essentials,17,22,283,374,0,1,9
2025-09-03,Crew Neck T-Shirt,Essentials,22,22,261,484,1,2,9
2025-09-04,Crew Neck T-Shirt,Essentials,16,22,245,352,0,3,9
2025-09-05,Crew Neck T-Shirt,Essentials,12,22,233,264,0,4,9
2025-09-06,Crew Neck T-Shirt,Essentials,20,22,213,440,0,5,9
2025-09-07,Crew Neck T-Shirt,Essentials,19,22,194,418,0,6,9
2025-09-08,Crew Neck T-Shirt,Essentials,16,22,178,352,1,0,9
2025-09-09,Crew Neck T-Shirt,Essentials,21,22,157,462,0,1,9
2025-09-10,Crew Neck T-Shirt,Essentials,14,22,143,308,0,2,9
2025-09-11,Crew Neck T-Shirt,Essentials,11,22,132,242,0,3,9
2025-09-12,Crew Neck T-Shirt,Essentials,19,22,113,418,1,4,9
2025-09-13,Crew Neck T-Shirt,Essentials,19,22,94,418,0,5,9
2025-09-14,Crew Neck T-Shirt,Essentials,19,22,367,418,0,6,9
2025-09-15,Crew Neck T-Shirt,Essentials,15,22,352,330,0,0,9
2025-09-16,Crew Neck T-Shirt,Essentials,13,22,339,286,0,1,9
2025-09-17,Crew Neck T-Shirt,Essentials,17,22,322,374,0,2,9
2025-09-18,Crew Neck T-Shirt,Essentials,22,22,300,484,1,3,9
2025-09-19,Crew Neck T-Shirt,Essentials,19,22,281,418,1,4,9
2025-09-20,Crew Neck T-Shirt,Essentials,20,22,261,440,0,5,9
2025-09-21,Crew Neck T-Shirt,Essentials,20,22,241,440,0,6,9
2025-09-22,Crew Neck T-Shirt,Essentials,20,22,221,440,0,0,9
2025-09-23,Crew Neck T-Shirt,Essentials,14,22,207,308,0,1,9
2025-09-24,Crew Neck T-Shirt,Essentials,14,22,193,308,0,2,9
2025-09-25,Crew Neck T-Shirt,Essentials,14,22,179,308,0,3,9
2025-09-26,Crew Neck T-Shirt,Essentials,19,22,160,418,0,4,9
2025-09-27,Crew Neck T-Shirt,Essentials,22,22,138,484,0,5,9
2025-09-28,Crew Neck T-Shirt,Essentials,22,22,116,484,1,6,9
2025-09-29,Crew Neck T-Shirt,Essentials,12,22,104,264,0,0,9
2025-09-30,Crew Neck T-Shirt,Essentials,17,22,87,374,0,1,9
2025-10-01,Crew Neck T-Shirt,Essentials,20,22,419,440,1,2,10
2025-10-02,Crew Neck T-Shirt,Essentials,10,22,409,220,0,3,10
2025-10-03,Crew Neck T-Shirt,Essentials,18,22,391,396,0,4,10
2025-10-04,Crew Neck T-Shirt,Essentials,17,22,374,374,0,5,10
2025-10-05,Crew Neck T-Shirt,Essentials,14,22,360,308,0,6,10
2025-10-06,Crew Neck T-Shirt,Essentials,15,22,345,330,0,0,10
2025-10-07,Crew Neck T-Shirt,Essentials,17,22,328,374,0,1,10
2025-10-08,Crew Neck T-Shirt,Essentials,10,22,318,220,0,2,10
2025-10-09,Crew Neck T-Shirt,Essentials,16,22,302,352,0,3,10
2025-10-10,Crew Neck T-Shirt,Essentials,18,22,284,396,0,4,10
2025-10-11,Crew Neck T-Shirt,Essentials,16,22,268,352,0,5,10
2025-10-12,Crew Neck T-Shirt,Essentials,21,22,247,462,0,6,10
2025-10-13,Crew Neck T-Shirt,Essentials,12,22,235,264,0,0,10
2025-10-14,Crew Neck T-Shirt,Essentials,19,22,216,418,0,1,10
2025-10-15,Crew Neck T-Shirt,Essentials,12,22,204,264,0,2,10
2025-10-16,Crew Neck T-Shirt,Essentials,15,22,189,330,0,3,10
2025-10-17,Crew Neck T-Shirt,Essentials,22,22,167,484,1,4,10
2025-10-18,Crew Neck T-Shirt,Essentials,19,22,148,418,0,5,10
2025-10-19,Crew Neck T-Shirt,Essentials,11,22,137,242,0,6,10
2025-10-20,Crew Neck T-Shirt,Essentials,16,22,121,352,0,0,10
2025-10-21,Crew Neck T-Shirt,Essentials,13,22,108,286,0,1,10
2025-10-22,Crew Neck T-Shirt,Essentials,13,22,95,286,0,2,10
2025-10-23,Crew Neck T-Shirt,Essentials,18,22,389,396,0,3,10
2025-10-24,Crew Neck T-Shirt,Essentials,20,22,369,440,0,4,10
2025-10-25,Crew Neck T-Shirt,Essentials,19,22,350,418,0,5,10
2025-10-26,Crew Neck T-Shirt,Essentials,24,22,326,528,1,6,10
2025-10-27,Crew Neck T-Shirt,Essentials,23,22,303,506,0,0,10
2025-10-28,Crew Neck T-Shirt,Essentials,18,22,285,396,0,1,10
2025-10-29,Crew Neck T-Shirt,Essentials,12,22,273,264,0,2,10
2025-10-30,Crew Neck T-Shirt,Essentials,16,22,257,352,0,3,10
2025-10-31,Crew Neck T-Shirt,Essentials,15,22,242,330,0,4,10
2025-11-01,Crew Neck T-Shirt,Essentials,37,22,205,814,1,5,11
2025-11-02,Crew Neck T-Shirt,Essentials,28,22,177,616,0,6,11
2025-11-03,Crew Neck T-Shirt,Essentials,20,22,157,440,0,0,11
2025-11-04,Crew Neck T-Shirt,Essentials,27,22,130,594,0,1,11
2025-11-05,Crew Neck T-Shirt,Essentials,22,22,108,484,0,2,11
2025-11-06,Crew Neck T-Shirt,Essentials,31,22,336,682,0,3,11
2025-11-07,Crew Neck T-Shirt,Essentials,25,22,311,550,1,4,11
2025-11-08,Crew Neck T-Shirt,Essentials,27,22,284,594,0,5,11
2025-11-09,Crew Neck T-Shirt,Essentials,26,22,258,572,0,6,11
2025-11-10,Crew Neck T-Shirt,Essentials,23,22,235,506,0,0,11
2025-11-11,Crew Neck T-Shirt,Essentials,33,22,202,726,1,1,11
2025-11-12,Crew Neck T-Shirt,Essentials,28,22,174,616,1,2,11
2025-11-13,Crew Neck T-Shirt,Essentials,20,22,154,440,0,3,11
2025-11-14,Crew Neck T-Shirt,Essentials,27,22,127,594,0,4,11
2025-11-15,Crew Neck T-Shirt,Essentials,25,22,102,550,0,5,11
2025-11-16,Crew Neck T-Shirt,Essentials,26,22,290,572,0,6,11
2025-11-17,Crew Neck T-Shirt,Essentials,23,22,267,506,0,0,11
2025-11-18,Crew Neck T-Shirt,Essentials,18,22,249,396,0,1,11
2025-11-19,Crew Neck T-Shirt,Essentials,21,22,228,462,0,2,11
2025-11-20,Crew Neck T-Shirt,Essentials,28,22,200,616,0,3,11
2025-11-21,Crew Neck T-Shirt,Essentials,17,22,183,374,0,4,11
2025-11-22,Crew Neck T-Shirt,Essentials,28,22,155,616,0,5,11
2025-11-23,Crew Neck T-Shirt,Essentials,27,22,128,594,0,6,11
2025-11-24,Crew Neck T-Shirt,Essentials,21,22,107,462,0,0,11
2025-11-25,Crew Neck T-Shirt,Essentials,26,22,81,572,0,1,11
2025-11-26,Crew Neck T-Shirt,Essentials,26,22,380,572,0,2,11
2025-11-27,Crew Neck T-Shirt,Essentials,20,22,360,440,0,3,11
2025-11-28,Crew Neck T-Shirt,Essentials,18,22,342,396,0,4,11
2025-11-29,Crew Neck T-Shirt,Essentials,30,22,312,660,0,5,11
2025-11-30,Crew Neck T-Shirt,Essentials,24,22,288,528,0,6,11
2025-12-01,Crew Neck T-Shirt,Essentials,31,22,257,682,1,0,12
2025-12-02,Crew Neck T-Shirt,Essentials,17,22,240,374,0,1,12
2025-12-03,Crew Neck T-Shirt,Essentials,18,22,222,396,0,2,12
2025-12-04,Crew Neck T-Shirt,Essentials,20,22,202,440,0,3,12
2025-12-05,Crew Neck T-Shirt,Essentials,24,22,178,528,0,4,12
2025-12-06,Crew Neck T-Shirt,Essentials,32,22,146,704,0,5,12
2025-12-07,Crew Neck T-Shirt,Essentials,29,22,117,638,0,6,12
2025-12-08,Crew Neck T-Shirt,Essentials,20,22,97,440,0,0,12
2025-12-09,Crew Neck T-Shirt,Essentials,25,22,470,550,0,1,12
2025-12-10,Crew Neck T-Shirt,Essentials,21,22,449,462,0,2,12
2025-12-11,Crew Neck T-Shirt,Essentials,16,22,433,352,0,3,12
2025-12-12,Crew Neck T-Shirt,Essentials,35,22,398,770,1,4,12
2025-12-13,Crew Neck T-Shirt,Essentials,38,22,360,836,1,5,12
2025-12-14,Crew Neck T-Shirt,Essentials,30,22,330,660,0,6,12
2025-12-15,Crew Neck T-Shirt,Essentials,19,22,311,418,0,0,12
2025-12-16,Crew Neck T-Shirt,Essentials,26,22,285,572,1,1,12
2025-12-17,Crew Neck T-Shirt,Essentials,21,22,264,462,0,2,12
2025-12-18,Crew Neck T-Shirt,Essentials,25,22,239,550,0,3,12
2025-12-19,Crew Neck T-Shirt,Essentials,20,22,219,440,0,4,12
2025-12-20,Crew Neck T-Shirt,Essentials,33,22,186,726,0,5,12
2025-12-21,Crew Neck T-Shirt,Essentials,23,22,163,506,0,6,12
2025-12-22,Crew Neck T-Shirt,Essentials,21,22,142,462,0,0,12
2025-12-23,Crew Neck T-Shirt,Essentials,26,22,116,572,0,1,12
2025-12-24,Crew Neck T-Shirt,Essentials,26,22,90,572,1,2,12
2025-12-25,Crew Neck T-Shirt,Essentials,21,22,357,462,0,3,12
2025-12-26,Crew Neck T-Shirt,Essentials,21,22,336,462,0,4,12
2025-12-27,Crew Neck T-Shirt,Essentials,30,22,306,660,0,5,12
2025-12-28,Crew Neck T-Shirt,Essentials,29,22,277,638,0,6,12
2025-12-29,Crew Neck T-Shirt,Essentials,32,22,245,704,1,0,12
2025-12-30,Crew Neck T-Shirt,Essentials,21,22,224,462,0,1,12
2025-12-31,Crew Neck T-Shirt,Essentials,25,22,199,550,0,2,12
2025-01-01,Henley Shirt,Casual Wear,6,38,470,228,0,2,1
2025-01-02,Henley Shirt,Casual Wear,13,38,457,494,0,3,1
2025-01-03,Henley Shirt,Casual Wear,15,38,442,570,0,4,1
2025-01-04,Henley Shirt,Casual Wear,14,38,428,532,0,5,1
2025-01-05,Henley Shirt,Casual Wear,16,38,412,608,1,6,1
2025-01-06,Henley Shirt,Casual Wear,9,38,403,342,0,0,1
2025-01-07,Henley Shirt,Casual Wear,14,38,389,532,0,1,1
2025-01-08,Henley Shirt,Casual Wear,13,38,376,494,1,2,1
2025-01-09,Henley Shirt,Casual Wear,16,38,360,608,1,3,1
2025-01-10,Henley Shirt,Casual Wear,11,38,349,418,0,4,1
2025-01-11,Henley Shirt,Casual Wear,16,38,333,608,0,5,1
2025-01-12,Henley Shirt,Casual Wear,17,38,316,646,0,6,1
2025-01-13,Henley Shirt,Casual Wear,14,38,302,532,0,0,1
2025-01-14,Henley Shirt,Casual Wear,9,38,293,342,0,1,1
2025-01-15,Henley Shirt,Casual Wear,15,38,278,570,1,2,1
2025-01-16,Henley Shirt,Casual Wear,10,38,268,380,0,3,1
2025-01-17,Henley Shirt,Casual Wear,15,38,253,570,0,4,1
2025-01-18,Henley Shirt,Casual Wear,16,38,237,608,1,5,1
2025-01-19,Henley Shirt,Casual Wear,20,38,217,760,1,6,1
2025-01-20,Henley Shirt,Casual Wear,13,38,204,494,0,0,1
2025-01-21,Henley Shirt,Casual Wear,9,38,195,342,0,1,1
2025-01-22,Henley Shirt,Casual Wear,7,38,188,266,0,2,1
2025-01-23,Henley Shirt,Casual Wear,10,38,178,380,0,3,1
2025-01-24,Henley Shirt,Casual Wear,11,38,167,418,0,4,1
2025-01-25,Henley Shirt,Casual Wear,14,38,153,532,0,5,1
2025-01-26,Henley Shirt,Casual Wear,14,38,139,532,0,6,1
2025-01-27,Henley Shirt,Casual Wear,13,38,126,494,0,0,1
2025-01-28,Henley Shirt,Casual Wear,14,38,112,532,0,1,1
2025-01-29,Henley Shirt,Casual Wear,15,38,97,570,0,2,1
2025-01-30,Henley Shirt,Casual Wear,9,38,88,342,0,3,1
2025-01-31,Henley Shirt,Casual Wear,11,38,313,418,0,4,1
2025-02-01,Henley Shirt,Casual Wear,19,38,294,722,0,5,2
2025-02-02,Henley Shirt,Casual Wear,15,38,279,570,0,6,2
2025-02-03,Henley Shirt,Casual Wear,13,38,266,494,0,0,2
2025-02-04,Henley Shirt,Casual Wear,9,38,257,342,0,1,2
2025-02-05,Henley Shirt,Casual Wear,14,38,243,532,0,2,2
2025-02-06,Henley Shirt,Casual Wear,14,38,229,532,0,3,2
2025-02-07,Henley Shirt,Casual Wear,10,38,219,380,0,4,2
2025-02-08,Henley Shirt,Casual Wear,14,38,205,532,0,5,2
2025-02-09,Henley Shirt,Casual Wear,16,38,189,608,0,6,2
2025-02-10,Henley Shirt,Casual Wear,8,38,181,304,0,0,2
2025-02-11,Henley Shirt,Casual Wear,14,38,167,532,0,1,2
2025-02-12,Henley Shirt,Casual Wear,14,38,153,532,0,2,2
2025-02-13,Henley Shirt,Casual Wear,14,38,139,532,0,3,2
2025-02-14,Henley Shirt,Casual Wear,10,38,129,380,0,4,2
2025-02-15,Henley Shirt,Casual Wear,17,38,112,646,0,5,2
2025-02-16,Henley Shirt,Casual Wear,14,38,98,532,0,6,2
2025-02-17,Henley Shirt,Casual Wear,15,38,83,570,0,0,2
2025-02-18,Henley Shirt,Casual Wear,9,38,348,342,0,1,2
2025-02-19,Henley Shirt,Casual Wear,12,38,336,456,0,2,2
2025-02-20,Henley Shirt,Casual Wear,11,38,325,418,1,3,2
2025-02-21,Henley Shirt,Casual Wear,16,38,309,608,0,4,2
2025-02-22,Henley Shirt,Casual Wear,17,38,292,646,1,5,2
2025-02-23,Henley Shirt,Casual Wear,17,38,275,646,0,6,2
2025-02-24,Henley Shirt,Casual Wear,8,38,267,304,0,0,2
2025-02-25,Henley Shirt,Casual Wear,8,38,259,304,0,1,2
2025-02-26,Henley Shirt,Casual Wear,16,38,243,608,0,2,2
2025-02-27,Henley Shirt,Casual Wear,10,38,233,380,0,3,2
2025-02-28,Henley Shirt,Casual Wear,11,38,222,418,0,4,2
2025-03-01,Henley Shirt,Casual Wear,9,38,213,342,0,5,3
2025-03-02,Henley Shirt,Casual Wear,18,38,195,684,0,6,3
2025-03-03,Henley Shirt,Casual Wear,12,38,183,456,0,0,3
2025-03-04,Henley Shirt,Casual Wear,21,38,162,798,1,1,3
2025-03-05,Henley Shirt,Casual Wear,11,38,151,418,0,2,3
2025-03-06,Henley Shirt,Casual Wear,13,38,138,494,0,3,3
2025-03-07,Henley Shirt,Casual Wear,13,38,125,494,0,4,3
2025-03-08,Henley Shirt,Casual Wear,15,38,110,570,0,5,3
2025-03-09,Henley Shirt,Casual Wear,14,38,96,532,0,6,3
2025-03-10,Henley Shirt,Casual Wear,14,38,82,532,0,0,3
2025-03-11,Henley Shirt,Casual Wear,13,38,271,494,0,1,3
2025-03-12,Henley Shirt,Casual Wear,13,38,258,494,0,2,3
2025-03-13,Henley Shirt,Casual Wear,13,38,245,494,0,3,3
2025-03-14,Henley Shirt,Casual Wear,9,38,236,342,0,4,3
2025-03-15,Henley Shirt,Casual Wear,12,38,224,456,0,5,3
2025-03-16,Henley Shirt,Casual Wear,15,38,209,570,0,6,3
2025-03-17,Henley Shirt,Casual Wear,14,38,195,532,0,0,3
2025-03-18,Henley Shirt,Casual Wear,21,38,174,798,1,1,3
2025-03-19,Henley Shirt,Casual Wear,15,38,159,570,0,2,3
2025-03-20,Henley Shirt,Casual Wear,16,38,143,608,0,3,3
2025-03-21,Henley Shirt,Casual Wear,15,38,128,570,0,4,3
2025-03-22,Henley Shirt,Casual Wear,14,38,114,532,0,5,3
2025-03-23,Henley Shirt,Casual Wear,12,38,102,456,0,6,3
2025-03-24,Henley Shirt,Casual Wear,9,38,93,342,1,0,3
2025-03-25,Henley Shirt,Casual Wear,11,38,82,418,0,1,3
2025-03-26,Henley Shirt,Casual Wear,14,38,409,532,0,2,3
2025-03-27,Henley Shirt,Casual Wear,10,38,399,380,0,3,3
2025-03-28,Henley Shirt,Casual Wear,16,38,383,608,0,4,3
2025-03-29,Henley Shirt,Casual Wear,16,38,367,608,0,5,3
2025-03-30,Henley Shirt,Casual Wear,14,38,353,532,0,6,3
2025-03-31,Henley Shirt,Casual Wear,16,38,337,608,0,0,3
2025-04-01,Henley Shirt,Casual Wear,10,38,327,380,0,1,4
2025-04-02,Henley Shirt,Casual Wear,15,38,312,570,0,2,4
2025-04-03,Henley Shirt,Casual Wear,12,38,300,456,0,3,4
2025-04-04,Henley Shirt,Casual Wear,12,38,288,456,0,4,4
2025-04-05,Henley Shirt,Casual Wear,15,38,273,570,0,5,4
2025-04-06,Henley Shirt,Casual Wear,16,38,257,608,0,6,4
2025-04-07,Henley Shirt,Casual Wear,10,38,247,380,0,0,4
2025-04-08,Henley Shirt,Casual Wear,15,38,232,570,0,1,4
2025-04-09,Henley Shirt,Casual Wear,13,38,219,494,0,2,4
2025-04-10,Henley Shirt,Casual Wear,8,38,211,304,0,3,4
2025-04-11,Henley Shirt,Casual Wear,5,38,206,190,0,4,4
2025-04-12,Henley Shirt,Casual Wear,19,38,187,722,0,5,4
2025-04-13,Henley Shirt,Casual Wear,15,38,172,570,0,6,4
2025-04-14,Henley Shirt,Casual Wear,11,38,161,418,1,0,4
2025-04-15,Henley Shirt,Casual Wear,10,38,151,380,0,1,4
2025-04-16,Henley Shirt,Casual Wear,14,38,137,532,0,2,4
2025-04-17,Henley Shirt,Casual Wear,11,38,126,418,0,3,4
2025-04-18,Henley Shirt,Casual Wear,15,38,111,570,1,4,4
2025-04-19,Henley Shirt,Casual Wear,16,38,95,608,0,5,4
2025-04-20,Henley Shirt,Casual Wear,15,38,80,570,0,6,4
2025-04-21,Henley Shirt,Casual Wear,13,38,323,494,0,0,4
2025-04-22,Henley Shirt,Casual Wear,13,38,310,494,0,1,4
2025-04-23,Henley Shirt,Casual Wear,8,38,302,304,0,2,4
2025-04-24,Henley Shirt,Casual Wear,14,38,288,532,0,3,4
2025-04-25,Henley Shirt,Casual Wear,16,38,272,608,0,4,4
2025-04-26,Henley Shirt,Casual Wear,17,38,255,646,0,5,4
2025-04-27,Henley Shirt,Casual Wear,14,38,241,532,0,6,4
2025-04-28,Henley Shirt,Casual Wear,13,38,228,494,0,0,4
2025-04-29,Henley Shirt,Casual Wear,13,38,215,494,0,1,4
2025-04-30,Henley Shirt,Casual Wear,14,38,201,532,0,2,4
2025-05-01,Henley Shirt,Casual Wear,14,38,187,532,0,3,5
2025-05-02,Henley Shirt,Casual Wear,16,38,171,608,0,4,5
2025-05-03,Henley Shirt,Casual Wear,13,38,158,494,0,5,5
2025-05-04,Henley Shirt,Casual Wear,17,38,141,646,0,6,5
2025-05-05,Henley Shirt,Casual Wear,10,38,131,380,0,0,5
2025-05-06,Henley Shirt,Casual Wear,13,38,118,494,0,1,5
2025-05-07,Henley Shirt,Casual Wear,12,38,106,456,0,2,5
2025-05-08,Henley Shirt,Casual Wear,10,38,96,380,0,3,5
2025-05-09,Henley Shirt,Casual Wear,11,38,85,418,0,4,5
2025-05-10,Henley Shirt,Casual Wear,11,38,378,418,0,5,5
2025-05-11,Henley Shirt,Casual Wear,13,38,365,494,1,6,5
2025-05-12,Henley Shirt,Casual Wear,2,38,363,76,0,0,5
2025-05-13,Henley Shirt,Casual Wear,13,38,350,494,0,1,5
2025-05-14,Henley Shirt,Casual Wear,14,38,336,532,1,2,5
2025-05-15,Henley Shirt,Casual Wear,21,38,315,798,1,3,5
2025-05-16,Henley Shirt,Casual Wear,12,38,303,456,0,4,5
2025-05-17,Henley Shirt,Casual Wear,13,38,290,494,0,5,5
2025-05-18,Henley Shirt,Casual Wear,15,38,275,570,0,6,5
2025-05-19,Henley Shirt,Casual Wear,10,38,265,380,0,0,5
2025-05-20,Henley Shirt,Casual Wear,8,38,257,304,0,1,5
2025-05-21,Henley Shirt,Casual Wear,12,38,245,456,0,2,5
2025-05-22,Henley Shirt,Casual Wear,9,38,236,342,0,3,5
2025-05-23,Henley Shirt,Casual Wear,14,38,222,532,0,4,5
2025-05-24,Henley Shirt,Casual Wear,21,38,201,798,0,5,5
2025-05-25,Henley Shirt,Casual Wear,13,38,188,494,0,6,5
2025-05-26,Henley Shirt,Casual Wear,16,38,172,608,0,0,5
2025-05-27,Henley Shirt,Casual Wear,7,38,165,266,0,1,5
2025-05-28,Henley Shirt,Casual Wear,14,38,151,532,0,2,5
2025-05-29,Henley Shirt,Casual Wear,12,38,139,456,0,3,5
2025-05-30,Henley Shirt,Casual Wear,13,38,126,494,0,4,5
2025-05-31,Henley Shirt,Casual Wear,18,38,108,684,0,5,5
2025-06-01,Henley Shirt,Casual Wear,15,38,93,570,0,6,6
2025-06-02,Henley Shirt,Casual Wear,7,38,86,266,0,0,6
2025-06-03,Henley Shirt,Casual Wear,14,38,329,532,0,1,6
2025-06-04,Henley Shirt,Casual Wear,13,38,316,494,0,2,6
2025-06-05,Henley Shirt,Casual Wear,12,38,304,456,0,3,6
2025-06-06,Henley Shirt,Casual Wear,12,38,292,456,0,4,6
2025-06-07,Henley Shirt,Casual Wear,13,38,279,494,0,5,6
2025-06-08,Henley Shirt,Casual Wear,11,38,268,418,0,6,6
2025-06-09,Henley Shirt,Casual Wear,8,38,260,304,0,0,6
2025-06-10,Henley Shirt,Casual Wear,12,38,248,456,0,1,6
2025-06-11,Henley Shirt,Casual Wear,10,38,238,380,0,2,6
2025-06-12,Henley Shirt,Casual Wear,9,38,229,342,0,3,6
2025-06-13,Henley Shirt,Casual Wear,12,38,217,456,0,4,6
2025-06-14,Henley Shirt,Casual Wear,11,38,206,418,0,5,6
2025-06-15,Henley Shirt,Casual Wear,14,38,192,532,0,6,6
2025-06-16,Henley Shirt,Casual Wear,19,38,173,722,1,0,6
2025-06-17,Henley Shirt,Casual Wear,19,38,154,722,0,1,6
2025-06-18,Henley Shirt,Casual Wear,14,38,140,532,0,2,6
2025-06-19,Henley Shirt,Casual Wear,15,38,125,570,0,3,6
2025-06-20,Henley Shirt,Casual Wear,12,38,113,456,0,4,6
2025-06-21,Henley Shirt,Casual Wear,13,38,100,494,0,5,6
2025-06-22,Henley Shirt,Casual Wear,17,38,83,646,1,6,6
2025-06-23,Henley Shirt,Casual Wear,12,38,353,456,0,0,6
2025-06-24,Henley Shirt,Casual Wear,14,38,339,532,0,1,6
2025-06-25,Henley Shirt,Casual Wear,10,38,329,380,0,2,6
2025-06-26,Henley Shirt,Casual Wear,14,38,315,532,0,3,6
2025-06-27,Henley Shirt,Casual Wear,6,38,309,228,0,4,6
2025-06-28,Henley Shirt,Casual Wear,19,38,290,722,0,5,6
2025-06-29,Henley Shirt,Casual Wear,17,38,273,646,0,6,6
2025-06-30,Henley Shirt,Casual Wear,11,38,262,418,0,0,6
2025-07-01,Henley Shirt,Casual Wear,15,38,247,570,0,1,7
2025-07-02,Henley Shirt,Casual Wear,15,38,232,570,0,2,7
2025-07-03,Henley Shirt,Casual Wear,11,38,221,418,0,3,7
2025-07-04,Henley Shirt,Casual Wear,11,38,210,418,0,4,7
2025-07-05,Henley Shirt,Casual Wear,16,38,194,608,1,5,7
2025-07-06,Henley Shirt,Casual Wear,15,38,179,570,0,6,7
2025-07-07,Henley Shirt,Casual Wear,7,38,172,266,0,0,7
2025-07-08,Henley Shirt,Casual Wear,14,38,158,532,0,1,7
2025-07-09,Henley Shirt,Casual Wear,14,38,144,532,0,2,7
2025-07-10,Henley Shirt,Casual Wear,10,38,134,380,1,3,7
2025-07-11,Henley Shirt,Casual Wear,16,38,118,608,0,4,7
2025-07-12,Henley Shirt,Casual Wear,13,38,105,494,0,5,7
2025-07-13,Henley Shirt,Casual Wear,23,38,82,874,0,6,7
2025-07-14,Henley Shirt,Casual Wear,12,38,310,456,0,0,7
2025-07-15,Henley Shirt,Casual Wear,16,38,294,608,0,1,7
2025-07-16,Henley Shirt,Casual Wear,14,38,280,532,0,2,7
2025-07-17,Henley Shirt,Casual Wear,9,38,271,342,0,3,7
2025-07-18,Henley Shirt,Casual Wear,15,38,256,570,1,4,7
2025-07-19,Henley Shirt,Casual Wear,9,38,247,342,0,5,7
2025-07-20,Henley Shirt,Casual Wear,16,38,231,608,0,6,7
2025-07-21,Henley Shirt,Casual Wear,15,38,216,570,1,0,7
2025-07-22,Henley Shirt,Casual Wear,14,38,202,532,1,1,7
2025-07-23,Henley Shirt,Casual Wear,12,38,190,456,0,2,7
2025-07-24,Henley Shirt,Casual Wear,12,38,178,456,0,3,7
2025-07-25,Henley Shirt,Casual Wear,14,38,164,532,1,4,7
2025-07-26,Henley Shirt,Casual Wear,16,38,148,608,0,5,7
2025-07-27,Henley Shirt,Casual Wear,15,38,133,570,0,6,7
2025-07-28,Henley Shirt,Casual Wear,22,38,111,836,1,0,7
2025-07-29,Henley Shirt,Casual Wear,16,38,95,608,0,1,7
2025-07-30,Henley Shirt,Casual Wear,13,38,82,494,0,2,7
2025-07-31,Henley Shirt,Casual Wear,10,38,402,380,0,3,7
2025-08-01,Henley Shirt,Casual Wear,13,38,389,494,0,4,8
2025-08-02,Henley Shirt,Casual Wear,17,38,372,646,1,5,8
2025-08-03,Henley Shirt,Casual Wear,15,38,357,570,0,6,8
2025-08-04,Henley Shirt,Casual Wear,11,38,346,418,0,0,8
2025-08-05,Henley Shirt,Casual Wear,11,38,335,418,0,1,8
2025-08-06,Henley Shirt,Casual Wear,9,38,326,342,0,2,8
2025-08-07,Henley Shirt,Casual Wear,10,38,316,380,0,3,8
2025-08-08,Henley Shirt,Casual Wear,6,38,310,228,0,4,8
2025-08-09,Henley Shirt,Casual Wear,15,38,295,570,1,5,8
2025-08-10,Henley Shirt,Casual Wear,19,38,276,722,0,6,8
2025-08-11,Henley Shirt,Casual Wear,13,38,263,494,1,0,8
2025-08-12,Henley Shirt,Casual Wear,15,38,248,570,0,1,8
2025-08-13,Henley Shirt,Casual Wear,15,38,233,570,0,2,8
2025-08-14,Henley Shirt,Casual Wear,9,38,224,342,0,3,8
2025-08-15,Henley Shirt,Casual Wear,6,38,218,228,0,4,8
2025-08-16,Henley Shirt,Casual Wear,13,38,205,494,1,5,8
2025-08-17,Henley Shirt,Casual Wear,12,38,193,456,0,6,8
2025-08-18,Henley Shirt,Casual Wear,17,38,176,646,0,0,8
2025-08-19,Henley Shirt,Casual Wear,14,38,162,532,1,1,8
2025-08-20,Henley Shirt,Casual Wear,12,38,150,456,0,2,8
2025-08-21,Henley Shirt,Casual Wear,19,38,131,722,1,3,8
2025-08-22,Henley Shirt,Casual Wear,15,38,116,570,1,4,8
2025-08-23,Henley Shirt,Casual Wear,19,38,97,722,1,5,8
2025-08-24,Henley Shirt,Casual Wear,16,38,81,608,0,6,8
2025-08-25,Henley Shirt,Casual Wear,13,38,268,494,1,0,8
2025-08-26,Henley Shirt,Casual Wear,12,38,256,456,0,1,8
2025-08-27,Henley Shirt,Casual Wear,15,38,241,570,1,2,8
2025-08-28,Henley Shirt,Casual Wear,8,38,233,304,0,3,8
2025-08-29,Henley Shirt,Casual Wear,11,38,222,418,0,4,8
2025-08-30,Henley Shirt,Casual Wear,11,38,211,418,0,5,8
2025-08-31,Henley Shirt,Casual Wear,17,38,194,646,1,6,8
2025-09-01,Henley Shirt,Casual Wear,14,38,180,532,0,0,9
2025-09-02,Henley Shirt,Casual Wear,12,38,168,456,0,1,9
2025-09-03,Henley Shirt,Casual Wear,13,38,155,494,0,2,9
2025-09-04,Henley Shirt,Casual Wear,12,38,143,456,0,3,9
2025-09-05,Henley Shirt,Casual Wear,11,38,132,418,0,4,9
2025-09-06,Henley Shirt,Casual Wear,20,38,112,760,1,5,9
2025-09-07,Henley Shirt,Casual Wear,10,38,102,380,0,6,9
2025-09-08,Henley Shirt,Casual Wear,14,38,88,532,0,0,9
2025-09-09,Henley Shirt,Casual Wear,9,38,324,342,0,1,9
2025-09-10,Henley Shirt,Casual Wear,7,38,317,266,0,2,9
2025-09-11,Henley Shirt,Casual Wear,12,38,305,456,0,3,9
2025-09-12,Henley Shirt,Casual Wear,15,38,290,570,0,4,9
2025-09-13,Henley Shirt,Casual Wear,15,38,275,570,0,5,9
2025-09-14,Henley Shirt,Casual Wear,19,38,256,722,0,6,9
2025-09-15,Henley Shirt,Casual Wear,15,38,241,570,0,0,9
2025-09-16,Henley Shirt,Casual Wear,12,38,229,456,0,1,9
2025-09-17,Henley Shirt,Casual Wear,10,38,219,380,0,2,9
2025-09-18,Henley Shirt,Casual Wear,9,38,210,342,0,3,9
2025-09-19,Henley Shirt,Casual Wear,14,38,196,532,0,4,9
2025-09-20,Henley Shirt,Casual Wear,11,38,185,418,0,5,9
2025-09-21,Henley Shirt,Casual Wear,13,38,172,494,0,6,9
2025-09-22,Henley Shirt,Casual Wear,12,38,160,456,0,0,9
2025-09-23,Henley Shirt,Casual Wear,15,38,145,570,0,1,9
2025-09-24,Henley Shirt,Casual Wear,6,38,139,228,0,2,9
2025-09-25,Henley Shirt,Casual Wear,12,38,127,456,0,3,9
2025-09-26,Henley Shirt,Casual Wear,9,38,118,342,0,4,9
2025-09-27,Henley Shirt,Casual Wear,13,38,105,494,0,5,9
2025-09-28,Henley Shirt,Casual Wear,18,38,87,684,0,6,9
2025-09-29,Henley Shirt,Casual Wear,15,38,357,570,0,0,9
2025-09-30,Henley Shirt,Casual Wear,21,38,336,798,1,1,9
2025-10-01,Henley Shirt,Casual Wear,13,38,323,494,0,2,10
2025-10-02,Henley Shirt,Casual Wear,17,38,306,646,0,3,10
2025-10-03,Henley Shirt,Casual Wear,9,38,297,342,0,4,10
2025-10-04,Henley Shirt,Casual Wear,9,38,288,342,0,5,10
2025-10-05,Henley Shirt,Casual Wear,15,38,273,570,0,6,10
2025-10-06,Henley Shirt,Casual Wear,12,38,261,456,0,0,10
2025-10-07,Henley Shirt,Casual Wear,13,38,248,494,0,1,10
2025-10-08,Henley Shirt,Casual Wear,14,38,234,532,0,2,10
2025-10-09,Henley Shirt,Casual Wear,17,38,217,646,0,3,10
2025-10-10,Henley Shirt,Casual Wear,13,38,204,494,0,4,10
2025-10-11,Henley Shirt,Casual Wear,16,38,188,608,1,5,10
2025-10-12,Henley Shirt,Casual Wear,10,38,178,380,0,6,10
2025-10-13,Henley Shirt,Casual Wear,17,38,161,646,0,0,10
2025-10-14,Henley Shirt,Casual Wear,11,38,150,418,0,1,10
2025-10-15,Henley Shirt,Casual Wear,15,38,135,570,0,2,10
2025-10-16,Henley Shirt,Casual Wear,9,38,126,342,0,3,10
2025-10-17,Henley Shirt,Casual Wear,13,38,113,494,0,4,10
2025-10-18,Henley Shirt,Casual Wear,12,38,101,456,0,5,10
2025-10-19,Henley Shirt,Casual Wear,7,38,94,266,0,6,10
2025-10-20,Henley Shirt,Casual Wear,15,38,462,570,0,0,10
2025-10-21,Henley Shirt,Casual Wear,8,38,454,304,0,1,10
2025-10-22,Henley Shirt,Casual Wear,11,38,443,418,0,2,10
2025-10-23,Henley Shirt,Casual Wear,8,38,435,304,0,3,10
2025-10-24,Henley Shirt,Casual Wear,15,38,420,570,0,4,10
2025-10-25,Henley Shirt,Casual Wear,15,38,405,570,0,5,10
2025-10-26,Henley Shirt,Casual Wear,15,38,390,570,0,6,10
2025-10-27,Henley Shirt,Casual Wear,12,38,378,456,0,0,10
2025-10-28,Henley Shirt,Casual Wear,13,38,365,494,0,1,10
2025-10-29,Henley Shirt,Casual Wear,13,38,352,494,0,2,10
2025-10-30,Henley Shirt,Casual Wear,12,38,340,456,0,3,10
2025-10-31,Henley Shirt,Casual Wear,11,38,329,418,0,4,10
2025-11-01,Henley Shirt,Casual Wear,18,38,311,684,0,5,11
2025-11-02,Henley Shirt,Casual Wear,20,38,291,760,0,6,11
2025-11-03,Henley Shirt,Casual Wear,21,38,270,798,1,0,11
2025-11-04,Henley Shirt,Casual Wear,22,38,248,836,1,1,11
2025-11-05,Henley Shirt,Casual Wear,15,38,233,570,0,2,11
2025-11-06,Henley Shirt,Casual Wear,22,38,211,836,1,3,11
2025-11-07,Henley Shirt,Casual Wear,17,38,194,646,0,4,11
2025-11-08,Henley Shirt,Casual Wear,21,38,173,798,0,5,11
2025-11-09,Henley Shirt,Casual Wear,18,38,155,684,0,6,11
2025-11-10,Henley Shirt,Casual Wear,13,38,142,494,0,0,11
2025-11-11,Henley Shirt,Casual Wear,21,38,121,798,0,1,11
2025-11-12,Henley Shirt,Casual Wear,23,38,98,874,1,2,11
2025-11-13,Henley Shirt,Casual Wear,16,38,82,608,0,3,11
2025-11-14,Henley Shirt,Casual Wear,16,38,317,608,0,4,11
2025-11-15,Henley Shirt,Casual Wear,20,38,297,760,0,5,11
2025-11-16,Henley Shirt,Casual Wear,12,38,285,456,0,6,11
2025-11-17,Henley Shirt,Casual Wear,18,38,267,684,0,0,11
2025-11-18,Henley Shirt,Casual Wear,16,38,251,608,0,1,11
2025-11-19,Henley Shirt,Casual Wear,16,38,235,608,0,2,11
2025-11-20,Henley Shirt,Casual Wear,14,38,221,532,0,3,11
2025-11-21,Henley Shirt,Casual Wear,18,38,203,684,0,4,11
2025-11-22,Henley Shirt,Casual Wear,17,38,186,646,0,5,11
2025-11-23,Henley Shirt,Casual Wear,22,38,164,836,0,6,11
2025-11-24,Henley Shirt,Casual Wear,17,38,147,646,0,0,11
2025-11-25,Henley Shirt,Casual Wear,18,38,129,684,0,1,11
2025-11-26,Henley Shirt,Casual Wear,17,38,112,646,0,2,11
2025-11-27,Henley Shirt,Casual Wear,25,38,87,950,1,3,11
2025-11-28,Henley Shirt,Casual Wear,18,38,280,684,0,4,11
2025-11-29,Henley Shirt,Casual Wear,18,38,262,684,0,5,11
2025-11-30,Henley Shirt,Casual Wear,24,38,238,912,0,6,11
2025-12-01,Henley Shirt,Casual Wear,18,38,220,684,0,0,12
2025-12-02,Henley Shirt,Casual Wear,19,38,201,722,0,1,12
2025-12-03,Henley Shirt,Casual Wear,11,38,190,418,0,2,12
2025-12-04,Henley Shirt,Casual Wear,15,38,175,570,0,3,12
2025-12-05,Henley Shirt,Casual Wear,16,38,159,608,0,4,12
2025-12-06,Henley Shirt,Casual Wear,17,38,142,646,0,5,12
2025-12-07,Henley Shirt,Casual Wear,22,38,120,836,0,6,12
2025-12-08,Henley Shirt,Casual Wear,15,38,105,570,0,0,12
2025-12-09,Henley Shirt,Casual Wear,17,38,88,646,0,1,12
2025-12-10,Henley Shirt,Casual Wear,18,38,339,684,0,2,12
2025-12-11,Henley Shirt,Casual Wear,14,38,325,532,0,3,12
2025-12-12,Henley Shirt,Casual Wear,17,38,308,646,0,4,12
2025-12-13,Henley Shirt,Casual Wear,21,38,287,798,0,5,12
2025-12-14,Henley Shirt,Casual Wear,24,38,263,912,0,6,12
2025-12-15,Henley Shirt,Casual Wear,12,38,251,456,0,0,12
2025-12-16,Henley Shirt,Casual Wear,17,38,234,646,0,1,12
2025-12-17,Henley Shirt,Casual Wear,17,38,217,646,0,2,12
2025-12-18,Henley Shirt,Casual Wear,15,38,202,570,0,3,12
2025-12-19,Henley Shirt,Casual Wear,11,38,191,418,0,4,12
2025-12-20,Henley Shirt,Casual Wear,17,38,174,646,0,5,12
2025-12-21,Henley Shirt,Casual Wear,19,38,155,722,0,6,12
2025-12-22,Henley Shirt,Casual Wear,22,38,133,836,1,0,12
2025-12-23,Henley Shirt,Casual Wear,13,38,120,494,0,1,12
2025-12-24,Henley Shirt,Casual Wear,19,38,101,722,0,2,12
2025-12-25,Henley Shirt,Casual Wear,16,38,85,608,0,3,12
2025-12-26,Henley Shirt,Casual Wear,19,38,362,722,0,4,12
2025-12-27,Henley Shirt,Casual Wear,21,38,341,798,0,5,12
2025-12-28,Henley Shirt,Casual Wear,17,38,324,646,0,6,12
2025-12-29,Henley Shirt,Casual Wear,17,38,307,646,0,0,12
2025-12-30,Henley Shirt,Casual Wear,22,38,285,836,0,1,12
2025-12-31,Henley Shirt,Casual Wear,18,38,267,684,0,2,12
2025-01-01,Sweatshirt,Casual Wear,26,48,241,1248,0,2,1
2025-01-02,Sweatshirt,Casual Wear,28,48,213,1344,1,3,1
2025-01-03,Sweatshirt,Casual Wear,25,48,188,1200,0,4,1
2025-01-04,Sweatshirt,Casual Wear,42,48,146,2016,1,5,1
2025-01-05,Sweatshirt,Casual Wear,26,48,120,1248,0,6,1
2025-01-06,Sweatshirt,Casual Wear,20,48,100,960,0,0,1
2025-01-07,Sweatshirt,Casual Wear,22,48,340,1056,0,1,1
2025-01-08,Sweatshirt,Casual Wear,30,48,310,1440,1,2,1
2025-01-09,Sweatshirt,Casual Wear,27,48,283,1296,0,3,1
2025-01-10,Sweatshirt,Casual Wear,22,48,261,1056,0,4,1
2025-01-11,Sweatshirt,Casual Wear,30,48,231,1440,0,5,1
2025-01-12,Sweatshirt,Casual Wear,26,48,205,1248,0,6,1
2025-01-13,Sweatshirt,Casual Wear,28,48,177,1344,0,0,1
2025-01-14,Sweatshirt,Casual Wear,24,48,153,1152,0,1,1
2025-01-15,Sweatshirt,Casual Wear,21,48,132,1008,0,2,1
2025-01-16,Sweatshirt,Casual Wear,26,48,106,1248,0,3,1
2025-01-17,Sweatshirt,Casual Wear,31,48,315,1488,1,4,1
2025-01-18,Sweatshirt,Casual Wear,27,48,288,1296,0,5,1
2025-01-19,Sweatshirt,Casual Wear,28,48,260,1344,0,6,1
2025-01-20,Sweatshirt,Casual Wear,22,48,238,1056,0,0,1
2025-01-21,Sweatshirt,Casual Wear,20,48,218,960,0,1,1
2025-01-22,Sweatshirt,Casual Wear,25,48,193,1200,0,2,1
2025-01-23,Sweatshirt,Casual Wear,26,48,167,1248,0,3,1
2025-01-24,Sweatshirt,Casual Wear,23,48,144,1104,0,4,1
2025-01-25,Sweatshirt,Casual Wear,36,48,108,1728,0,5,1
2025-01-26,Sweatshirt,Casual Wear,33,48,355,1584,0,6,1
2025-01-27,Sweatshirt,Casual Wear,25,48,330,1200,0,0,1
2025-01-28,Sweatshirt,Casual Wear,23,48,307,1104,0,1,1
2025-01-29,Sweatshirt,Casual Wear,27,48,280,1296,0,2,1
2025-01-30,Sweatshirt,Casual Wear,24,48,256,1152,0,3,1
2025-01-31,Sweatshirt,Casual Wear,32,48,224,1536,1,4,1
2025-02-01,Sweatshirt,Casual Wear,26,48,198,1248,0,5,2
2025-02-02,Sweatshirt,Casual Wear,36,48,162,1728,1,6,2
2025-02-03,Sweatshirt,Casual Wear,28,48,134,1344,0,0,2
2025-02-04,Sweatshirt,Casual Wear,30,48,104,1440,0,1,2
2025-02-05,Sweatshirt,Casual Wear,21,48,83,1008,0,2,2
2025-02-06,Sweatshirt,Casual Wear,22,48,300,1056,0,3,2
2025-02-07,Sweatshirt,Casual Wear,25,48,275,1200,0,4,2
2025-02-08,Sweatshirt,Casual Wear,34,48,241,1632,1,5,2
2025-02-09,Sweatshirt,Casual Wear,35,48,206,1680,0,6,2
2025-02-10,Sweatshirt,Casual Wear,21,48,185,1008,0,0,2
2025-02-11,Sweatshirt,Casual Wear,19,48,166,912,0,1,2
2025-02-12,Sweatshirt,Casual Wear,28,48,138,1344,0,2,2
2025-02-13,Sweatshirt,Casual Wear,28,48,110,1344,0,3,2
2025-02-14,Sweatshirt,Casual Wear,24,48,86,1152,0,4,2
2025-02-15,Sweatshirt,Casual Wear,29,48,316,1392,0,5,2
2025-02-16,Sweatshirt,Casual Wear,29,48,287,1392,0,6,2
2025-02-17,Sweatshirt,Casual Wear,21,48,266,1008,0,0,2
2025-02-18,Sweatshirt,Casual Wear,25,48,241,1200,0,1,2
2025-02-19,Sweatshirt,Casual Wear,20,48,221,960,0,2,2
2025-02-20,Sweatshirt,Casual Wear,22,48,199,1056,0,3,2
2025-02-21,Sweatshirt,Casual Wear,29,48,170,1392,0,4,2
2025-02-22,Sweatshirt,Casual Wear,28,48,142,1344,0,5,2
2025-02-23,Sweatshirt,Casual Wear,25,48,117,1200,0,6,2
2025-02-24,Sweatshirt,Casual Wear,27,48,90,1296,1,0,2
2025-02-25,Sweatshirt,Casual Wear,29,48,332,1392,0,1,2
2025-02-26,Sweatshirt,Casual Wear,24,48,308,1152,0,2,2
2025-02-27,Sweatshirt,Casual Wear,25,48,283,1200,0,3,2
2025-02-28,Sweatshirt,Casual Wear,21,48,262,1008,0,4,2
2025-03-01,Sweatshirt,Casual Wear,26,48,236,1248,0,5,3
2025-03-02,Sweatshirt,Casual Wear,31,48,205,1488,0,6,3
2025-03-03,Sweatshirt,Casual Wear,21,48,184,1008,0,0,3
2025-03-04,Sweatshirt,Casual Wear,25,48,159,1200,0,1,3
2025-03-05,Sweatshirt,Casual Wear,19,48,140,912,0,2,3
2025-03-06,Sweatshirt,Casual Wear,22,48,118,1056,0,3,3
2025-03-07,Sweatshirt,Casual Wear,25,48,93,1200,0,4,3
2025-03-08,Sweatshirt,Casual Wear,26,48,385,1248,0,5,3
2025-03-09,Sweatshirt,Casual Wear,43,48,342,2064,1,6,3
2025-03-10,Sweatshirt,Casual Wear,24,48,318,1152,0,0,3
2025-03-11,Sweatshirt,Casual Wear,22,48,296,1056,0,1,3
2025-03-12,Sweatshirt,Casual Wear,24,48,272,1152,1,2,3
2025-03-13,Sweatshirt,Casual Wear,26,48,246,1248,0,3,3
2025-03-14,Sweatshirt,Casual Wear,28,48,218,1344,0,4,3
2025-03-15,Sweatshirt,Casual Wear,30,48,188,1440,0,5,3
2025-03-16,Sweatshirt,Casual Wear,31,48,157,1488,0,6,3
2025-03-17,Sweatshirt,Casual Wear,20,48,137,960,0,0,3
2025-03-18,Sweatshirt,Casual Wear,20,48,117,960,0,1,3
2025-03-19,Sweatshirt,Casual Wear,37,48,80,1776,1,2,3
2025-03-20,Sweatshirt,Casual Wear,24,48,380,1152,0,3,3
2025-03-21,Sweatshirt,Casual Wear,29,48,351,1392,0,4,3
2025-03-22,Sweatshirt,Casual Wear,27,48,324,1296,0,5,3
2025-03-23,Sweatshirt,Casual Wear,27,48,297,1296,0,6,3
2025-03-24,Sweatshirt,Casual Wear,21,48,276,1008,0,0,3
2025-03-25,Sweatshirt,Casual Wear,26,48,250,1248,0,1,3
2025-03-26,Sweatshirt,Casual Wear,25,48,225,1200,0,2,3
2025-03-27,Sweatshirt,Casual Wear,23,48,202,1104,0,3,3
2025-03-28,Sweatshirt,Casual Wear,21,48,181,1008,0,4,3
2025-03-29,Sweatshirt,Casual Wear,30,48,151,1440,0,5,3
2025-03-30,Sweatshirt,Casual Wear,32,48,119,1536,0,6,3
2025-03-31,Sweatshirt,Casual Wear,28,48,91,1344,0,0,3
2025-04-01,Sweatshirt,Casual Wear,22,48,362,1056,0,1,4
2025-04-02,Sweatshirt,Casual Wear,30,48,332,1440,1,2,4
2025-04-03,Sweatshirt,Casual Wear,20,48,312,960,0,3,4
2025-04-04,Sweatshirt,Casual Wear,24,48,288,1152,0,4,4
2025-04-05,Sweatshirt,Casual Wear,29,48,259,1392,0,5,4
2025-04-06,Sweatshirt,Casual Wear,26,48,233,1248,0,6,4
2025-04-07,Sweatshirt,Casual Wear,33,48,200,1584,1,0,4
2025-04-08,Sweatshirt,Casual Wear,16,48,184,768,0,1,4
2025-04-09,Sweatshirt,Casual Wear,21,48,163,1008,0,2,4
2025-04-10,Sweatshirt,Casual Wear,25,48,138,1200,0,3,4
2025-04-11,Sweatshirt,Casual Wear,21,48,117,1008,0,4,4
2025-04-12,Sweatshirt,Casual Wear,26,48,91,1248,0,5,4
2025-04-13,Sweatshirt,Casual Wear,32,48,423,1536,0,6,4
2025-04-14,Sweatshirt,Casual Wear,19,48,404,912,0,0,4
2025-04-15,Sweatshirt,Casual Wear,22,48,382,1056,0,1,4
2025-04-16,Sweatshirt,Casual Wear,22,48,360,1056,0,2,4
2025-04-17,Sweatshirt,Casual Wear,20,48,340,960,0,3,4
2025-04-18,Sweatshirt,Casual Wear,30,48,310,1440,0,4,4
2025-04-19,Sweatshirt,Casual Wear,35,48,275,1680,0,5,4
2025-04-20,Sweatshirt,Casual Wear,28,48,247,1344,0,6,4
2025-04-21,Sweatshirt,Casual Wear,24,48,223,1152,0,0,4
2025-04-22,Sweatshirt,Casual Wear,26,48,197,1248,0,1,4
2025-04-23,Sweatshirt,Casual Wear,24,48,173,1152,0,2,4
2025-04-24,Sweatshirt,Casual Wear,22,48,151,1056,0,3,4
2025-04-25,Sweatshirt,Casual Wear,20,48,131,960,0,4,4
2025-04-26,Sweatshirt,Casual Wear,30,48,101,1440,0,5,4
2025-04-27,Sweatshirt,Casual Wear,26,48,390,1248,0,6,4
2025-04-28,Sweatshirt,Casual Wear,26,48,364,1248,0,0,4
2025-04-29,Sweatshirt,Casual Wear,31,48,333,1488,1,1,4
2025-04-30,Sweatshirt,Casual Wear,18,48,315,864,0,2,4
2025-05-01,Sweatshirt,Casual Wear,19,48,296,912,0,3,5
2025-05-02,Sweatshirt,Casual Wear,23,48,273,1104,0,4,5
2025-05-03,Sweatshirt,Casual Wear,34,48,239,1632,0,5,5
2025-05-04,Sweatshirt,Casual Wear,32,48,207,1536,0,6,5
2025-05-05,Sweatshirt,Casual Wear,22,48,185,1056,0,0,5
2025-05-06,Sweatshirt,Casual Wear,27,48,158,1296,0,1,5
2025-05-07,Sweatshirt,Casual Wear,26,48,132,1248,0,2,5
2025-05-08,Sweatshirt,Casual Wear,28,48,104,1344,0,3,5
2025-05-09,Sweatshirt,Casual Wear,25,48,451,1200,0,4,5
2025-05-10,Sweatshirt,Casual Wear,35,48,416,1680,0,5,5
2025-05-11,Sweatshirt,Casual Wear,26,48,390,1248,0,6,5
2025-05-12,Sweatshirt,Casual Wear,25,48,365,1200,0,0,5
2025-05-13,Sweatshirt,Casual Wear,29,48,336,1392,1,1,5
2025-05-14,Sweatshirt,Casual Wear,25,48,311,1200,0,2,5
2025-05-15,Sweatshirt,Casual Wear,22,48,289,1056,0,3,5
2025-05-16,Sweatshirt,Casual Wear,20,48,269,960,0,4,5
2025-05-17,Sweatshirt,Casual Wear,27,48,242,1296,0,5,5
2025-05-18,Sweatshirt,Casual Wear,24,48,218,1152,0,6,5
2025-05-19,Sweatshirt,Casual Wear,27,48,191,1296,0,0,5
2025-05-20,Sweatshirt,Casual Wear,26,48,165,1248,0,1,5
2025-05-21,Sweatshirt,Casual Wear,24,48,141,1152,0,2,5
2025-05-22,Sweatshirt,Casual Wear,25,48,116,1200,0,3,5
2025-05-23,Sweatshirt,Casual Wear,21,48,95,1008,0,4,5
2025-05-24,Sweatshirt,Casual Wear,39,48,293,1872,1,5,5
2025-05-25,Sweatshirt,Casual Wear,37,48,256,1776,1,6,5
2025-05-26,Sweatshirt,Casual Wear,26,48,230,1248,0,0,5
2025-05-27,Sweatshirt,Casual Wear,25,48,205,1200,0,1,5
2025-05-28,Sweatshirt,Casual Wear,22,48,183,1056,0,2,5
2025-05-29,Sweatshirt,Casual Wear,26,48,157,1248,0,3,5
2025-05-30,Sweatshirt,Casual Wear,22,48,135,1056,0,4,5
2025-05-31,Sweatshirt,Casual Wear,30,48,105,1440,0,5,5
2025-06-01,Sweatshirt,Casual Wear,32,48,387,1536,0,6,6
2025-06-02,Sweatshirt,Casual Wear,23,48,364,1104,0,0,6
2025-06-03,Sweatshirt,Casual Wear,20,48,344,960,0,1,6
2025-06-04,Sweatshirt,Casual Wear,18,48,326,864,0,2,6
2025-06-05,Sweatshirt,Casual Wear,25,48,301,1200,0,3,6
2025-06-06,Sweatshirt,Casual Wear,27,48,274,1296,0,4,6
2025-06-07,Sweatshirt,Casual Wear,29,48,245,1392,0,5,6
2025-06-08,Sweatshirt,Casual Wear,24,48,221,1152,0,6,6
2025-06-09,Sweatshirt,Casual Wear,27,48,194,1296,0,0,6
2025-06-10,Sweatshirt,Casual Wear,20,48,174,960,0,1,6
2025-06-11,Sweatshirt,Casual Wear,24,48,150,1152,0,2,6
2025-06-12,Sweatshirt,Casual Wear,26,48,124,1248,0,3,6
2025-06-13,Sweatshirt,Casual Wear,27,48,97,1296,1,4,6
2025-06-14,Sweatshirt,Casual Wear,32,48,417,1536,0,5,6
2025-06-15,Sweatshirt,Casual Wear,28,48,389,1344,0,6,6
2025-06-16,Sweatshirt,Casual Wear,32,48,357,1536,1,0,6
2025-06-17,Sweatshirt,Casual Wear,27,48,330,1296,0,1,6
2025-06-18,Sweatshirt,Casual Wear,21,48,309,1008,0,2,6
2025-06-19,Sweatshirt,Casual Wear,30,48,279,1440,0,3,6
2025-06-20,Sweatshirt,Casual Wear,21,48,258,1008,0,4,6
2025-06-21,Sweatshirt,Casual Wear,29,48,229,1392,0,5,6
2025-06-22,Sweatshirt,Casual Wear,34,48,195,1632,0,6,6
2025-06-23,Sweatshirt,Casual Wear,23,48,172,1104,0,0,6
2025-06-24,Sweatshirt,Casual Wear,26,48,146,1248,0,1,6
2025-06-25,Sweatshirt,Casual Wear,19,48,127,912,0,2,6
2025-06-26,Sweatshirt,Casual Wear,22,48,105,1056,0,3,6
2025-06-27,Sweatshirt,Casual Wear,24,48,81,1152,0,4,6
2025-06-28,Sweatshirt,Casual Wear,25,48,363,1200,0,5,6
2025-06-29,Sweatshirt,Casual Wear,28,48,335,1344,0,6,6
2025-06-30,Sweatshirt,Casual Wear,23,48,312,1104,0,0,6
2025-07-01,Sweatshirt,Casual Wear,26,48,286,1248,0,1,7
2025-07-02,Sweatshirt,Casual Wear,22,48,264,1056,0,2,7
2025-07-03,Sweatshirt,Casual Wear,28,48,236,1344,1,3,7
2025-07-04,Sweatshirt,Casual Wear,23,48,213,1104,0,4,7
2025-07-05,Sweatshirt,Casual Wear,29,48,184,1392,0,5,7
2025-07-06,Sweatshirt,Casual Wear,38,48,146,1824,1,6,7
2025-07-07,Sweatshirt,Casual Wear,22,48,124,1056,0,0,7
2025-07-08,Sweatshirt,Casual Wear,27,48,97,1296,0,1,7
2025-07-09,Sweatshirt,Casual Wear,32,48,287,1536,0,2,7
2025-07-10,Sweatshirt,Casual Wear,20,48,267,960,0,3,7
2025-07-11,Sweatshirt,Casual Wear,25,48,242,1200,0,4,7
2025-07-12,Sweatshirt,Casual Wear,29,48,213,1392,0,5,7
2025-07-13,Sweatshirt,Casual Wear,32,48,181,1536,0,6,7
2025-07-14,Sweatshirt,Casual Wear,22,48,159,1056,0,0,7
2025-07-15,Sweatshirt,Casual Wear,25,48,134,1200,0,1,7
2025-07-16,Sweatshirt,Casual Wear,21,48,113,1008,0,2,7
2025-07-17,Sweatshirt,Casual Wear,25,48,88,1200,0,3,7
2025-07-18,Sweatshirt,Casual Wear,18,48,279,864,0,4,7
2025-07-19,Sweatshirt,Casual Wear,24,48,255,1152,0,5,7
2025-07-20,Sweatshirt,Casual Wear,29,48,226,1392,0,6,7
2025-07-21,Sweatshirt,Casual Wear,24,48,202,1152,0,0,7
2025-07-22,Sweatshirt,Casual Wear,21,48,181,1008,0,1,7
2025-07-23,Sweatshirt,Casual Wear,37,48,144,1776,1,2,7
2025-07-24,Sweatshirt,Casual Wear,27,48,117,1296,1,3,7
2025-07-25,Sweatshirt,Casual Wear,23,48,94,1104,0,4,7
2025-07-26,Sweatshirt,Casual Wear,25,48,344,1200,0,5,7
2025-07-27,Sweatshirt,Casual Wear,26,48,318,1248,0,6,7
2025-07-28,Sweatshirt,Casual Wear,25,48,293,1200,0,0,7
2025-07-29,Sweatshirt,Casual Wear,23,48,270,1104,0,1,7
2025-07-30,Sweatshirt,Casual Wear,28,48,242,1344,0,2,7
2025-07-31,Sweatshirt,Casual Wear,28,48,214,1344,1,3,7
2025-08-01,Sweatshirt,Casual Wear,29,48,185,1392,0,4,8
2025-08-02,Sweatshirt,Casual Wear,27,48,158,1296,0,5,8
2025-08-03,Sweatshirt,Casual Wear,28,48,130,1344,0,6,8
2025-08-04,Sweatshirt,Casual Wear,21,48,109,1008,0,0,8
2025-08-05,Sweatshirt,Casual Wear,24,48,85,1152,0,1,8
2025-08-06,Sweatshirt,Casual Wear,26,48,260,1248,0,2,8
2025-08-07,Sweatshirt,Casual Wear,21,48,239,1008,0,3,8
2025-08-08,Sweatshirt,Casual Wear,22,48,217,1056,0,4,8
2025-08-09,Sweatshirt,Casual Wear,30,48,187,1440,0,5,8
2025-08-10,Sweatshirt,Casual Wear,27,48,160,1296,0,6,8
2025-08-11,Sweatshirt,Casual Wear,36,48,124,1728,1,0,8
2025-08-12,Sweatshirt,Casual Wear,22,48,102,1056,0,1,8
2025-08-13,Sweatshirt,Casual Wear,23,48,411,1104,0,2,8
2025-08-14,Sweatshirt,Casual Wear,25,48,386,1200,0,3,8
2025-08-15,Sweatshirt,Casual Wear,23,48,363,1104,0,4,8
2025-08-16,Sweatshirt,Casual Wear,33,48,330,1584,0,5,8
2025-08-17,Sweatshirt,Casual Wear,30,48,300,1440,0,6,8
2025-08-18,Sweatshirt,Casual Wear,29,48,271,1392,1,0,8
2025-08-19,Sweatshirt,Casual Wear,25,48,246,1200,0,1,8
2025-08-20,Sweatshirt,Casual Wear,28,48,218,1344,0,2,8
2025-08-21,Sweatshirt,Casual Wear,29,48,189,1392,1,3,8
2025-08-22,Sweatshirt,Casual Wear,22,48,167,1056,0,4,8
2025-08-23,Sweatshirt,Casual Wear,22,48,145,1056,0,5,8
2025-08-24,Sweatshirt,Casual Wear,30,48,115,1440,0,6,8
2025-08-25,Sweatshirt,Casual Wear,23,48,92,1104,0,0,8
2025-08-26,Sweatshirt,Casual Wear,25,48,370,1200,0,1,8
2025-08-27,Sweatshirt,Casual Wear,25,48,345,1200,0,2,8
2025-08-28,Sweatshirt,Casual Wear,22,48,323,1056,0,3,8
2025-08-29,Sweatshirt,Casual Wear,23,48,300,1104,0,4,8
2025-08-30,Sweatshirt,Casual Wear,36,48,264,1728,1,5,8
2025-08-31,Sweatshirt,Casual Wear,35,48,229,1680,1,6,8
2025-09-01,Sweatshirt,Casual Wear,22,48,207,1056,0,0,9
2025-09-02,Sweatshirt,Casual Wear,20,48,187,960,0,1,9
2025-09-03,Sweatshirt,Casual Wear,25,48,162,1200,0,2,9
2025-09-04,Sweatshirt,Casual Wear,21,48,141,1008,0,3,9
2025-09-05,Sweatshirt,Casual Wear,27,48,114,1296,0,4,9
2025-09-06,Sweatshirt,Casual Wear,27,48,87,1296,0,5,9
2025-09-07,Sweatshirt,Casual Wear,35,48,374,1680,0,6,9
2025-09-08,Sweatshirt,Casual Wear,25,48,349,1200,0,0,9
2025-09-09,Sweatshirt,Casual Wear,35,48,314,1680,1,1,9
2025-09-10,Sweatshirt,Casual Wear,20,48,294,960,0,2,9
2025-09-11,Sweatshirt,Casual Wear,23,48,271,1104,0,3,9
2025-09-12,Sweatshirt,Casual Wear,22,48,249,1056,0,4,9
2025-09-13,Sweatshirt,Casual Wear,23,48,226,1104,0,5,9
2025-09-14,Sweatshirt,Casual Wear,32,48,194,1536,0,6,9
2025-09-15,Sweatshirt,Casual Wear,20,48,174,960,0,0,9
2025-09-16,Sweatshirt,Casual Wear,20,48,154,960,0,1,9
2025-09-17,Sweatshirt,Casual Wear,30,48,124,1440,1,2,9
2025-09-18,Sweatshirt,Casual Wear,26,48,98,1248,0,3,9
2025-09-19,Sweatshirt,Casual Wear,24,48,407,1152,0,4,9
2025-09-20,Sweatshirt,Casual Wear,27,48,380,1296,0,5,9
2025-09-21,Sweatshirt,Casual Wear,23,48,357,1104,0,6,9
2025-09-22,Sweatshirt,Casual Wear,24,48,333,1152,0,0,9
2025-09-23,Sweatshirt,Casual Wear,25,48,308,1200,0,1,9
2025-09-24,Sweatshirt,Casual Wear,23,48,285,1104,0,2,9
2025-09-25,Sweatshirt,Casual Wear,27,48,258,1296,0,3,9
2025-09-26,Sweatshirt,Casual Wear,26,48,232,1248,0,4,9
2025-09-27,Sweatshirt,Casual Wear,34,48,198,1632,0,5,9
2025-09-28,Sweatshirt,Casual Wear,26,48,172,1248,0,6,9
2025-09-29,Sweatshirt,Casual Wear,25,48,147,1200,0,0,9
2025-09-30,Sweatshirt,Casual Wear,25,48,122,1200,0,1,9
2025-10-01,Sweatshirt,Casual Wear,22,48,100,1056,0,2,10
2025-10-02,Sweatshirt,Casual Wear,21,48,404,1008,0,3,10
2025-10-03,Sweatshirt,Casual Wear,20,48,384,960,0,4,10
2025-10-04,Sweatshirt,Casual Wear,34,48,350,1632,0,5,10
2025-10-05,Sweatshirt,Casual Wear,27,48,323,1296,0,6,10
2025-10-06,Sweatshirt,Casual Wear,23,48,300,1104,0,0,10
2025-10-07,Sweatshirt,Casual Wear,29,48,271,1392,0,1,10
2025-10-08,Sweatshirt,Casual Wear,24,48,247,1152,0,2,10
2025-10-09,Sweatshirt,Casual Wear,22,48,225,1056,0,3,10
2025-10-10,Sweatshirt,Casual Wear,23,48,202,1104,0,4,10
2025-10-11,Sweatshirt,Casual Wear,37,48,165,1776,1,5,10
2025-10-12,Sweatshirt,Casual Wear,32,48,133,1536,0,6,10
2025-10-13,Sweatshirt,Casual Wear,22,48,111,1056,0,0,10
2025-10-14,Sweatshirt,Casual Wear,23,48,88,1104,0,1,10
2025-10-15,Sweatshirt,Casual Wear,25,48,361,1200,0,2,10
2025-10-16,Sweatshirt,Casual Wear,32,48,329,1536,1,3,10
2025-10-17,Sweatshirt,Casual Wear,29,48,300,1392,0,4,10
2025-10-18,Sweatshirt,Casual Wear,21,48,279,1008,0,5,10
2025-10-19,Sweatshirt,Casual Wear,34,48,245,1632,0,6,10
2025-10-20,Sweatshirt,Casual Wear,32,48,213,1536,1,0,10
2025-10-21,Sweatshirt,Casual Wear,25,48,188,1200,0,1,10
2025-10-22,Sweatshirt,Casual Wear,34,48,154,1632,1,2,10
2025-10-23,Sweatshirt,Casual Wear,23,48,131,1104,0,3,10
2025-10-24,Sweatshirt,Casual Wear,25,48,106,1200,0,4,10
2025-10-25,Sweatshirt,Casual Wear,28,48,286,1344,0,5,10
2025-10-26,Sweatshirt,Casual Wear,26,48,260,1248,0,6,10
2025-10-27,Sweatshirt,Casual Wear,23,48,237,1104,0,0,10
2025-10-28,Sweatshirt,Casual Wear,31,48,206,1488,1,1,10
2025-10-29,Sweatshirt,Casual Wear,36,48,170,1728,1,2,10
2025-10-30,Sweatshirt,Casual Wear,23,48,147,1104,0,3,10
2025-10-31,Sweatshirt,Casual Wear,28,48,119,1344,0,4,10
2025-11-01,Sweatshirt,Casual Wear,40,48,350,1920,0,5,11
2025-11-02,Sweatshirt,Casual Wear,45,48,305,2160,0,6,11
2025-11-03,Sweatshirt,Casual Wear,28,48,277,1344,0,0,11
2025-11-04,Sweatshirt,Casual Wear,35,48,242,1680,0,1,11
2025-11-05,Sweatshirt,Casual Wear,33,48,209,1584,0,2,11
2025-11-06,Sweatshirt,Casual Wear,35,48,174,1680,0,3,11
2025-11-07,Sweatshirt,Casual Wear,35,48,139,1680,0,4,11
2025-11-08,Sweatshirt,Casual Wear,61,48,469,2928,1,5,11
2025-11-09,Sweatshirt,Casual Wear,35,48,434,1680,0,6,11
2025-11-10,Sweatshirt,Casual Wear,36,48,398,1728,0,0,11
2025-11-11,Sweatshirt,Casual Wear,47,48,351,2256,1,1,11
2025-11-12,Sweatshirt,Casual Wear,41,48,310,1968,1,2,11
2025-11-13,Sweatshirt,Casual Wear,33,48,277,1584,0,3,11
2025-11-14,Sweatshirt,Casual Wear,36,48,241,1728,0,4,11
2025-11-15,Sweatshirt,Casual Wear,48,48,193,2304,0,5,11
2025-11-16,Sweatshirt,Casual Wear,42,48,151,2016,0,6,11
2025-11-17,Sweatshirt,Casual Wear,28,48,123,1344,0,0,11
2025-11-18,Sweatshirt,Casual Wear,36,48,87,1728,0,1,11
2025-11-19,Sweatshirt,Casual Wear,28,48,435,1344,0,2,11
2025-11-20,Sweatshirt,Casual Wear,34,48,401,1632,0,3,11
2025-11-21,Sweatshirt,Casual Wear,33,48,368,1584,0,4,11
2025-11-22,Sweatshirt,Casual Wear,42,48,326,2016,0,5,11
2025-11-23,Sweatshirt,Casual Wear,39,48,287,1872,0,6,11
2025-11-24,Sweatshirt,Casual Wear,46,48,241,2208,1,0,11
2025-11-25,Sweatshirt,Casual Wear,35,48,206,1680,0,1,11
2025-11-26,Sweatshirt,Casual Wear,36,48,170,1728,0,2,11
2025-11-27,Sweatshirt,Casual Wear,43,48,127,2064,1,3,11
2025-11-28,Sweatshirt,Casual Wear,34,48,93,1632,0,4,11
2025-11-29,Sweatshirt,Casual Wear,44,48,405,2112,0,5,11
2025-11-30,Sweatshirt,Casual Wear,34,48,371,1632,0,6,11
2025-12-01,Sweatshirt,Casual Wear,34,48,337,1632,0,0,12
2025-12-02,Sweatshirt,Casual Wear,41,48,296,1968,1,1,12
2025-12-03,Sweatshirt,Casual Wear,27,48,269,1296,0,2,12
2025-12-04,Sweatshirt,Casual Wear,34,48,235,1632,0,3,12
2025-12-05,Sweatshirt,Casual Wear,37,48,198,1776,0,4,12
2025-12-06,Sweatshirt,Casual Wear,37,48,161,1776,0,5,12
2025-12-07,Sweatshirt,Casual Wear,43,48,118,2064,0,6,12
2025-12-08,Sweatshirt,Casual Wear,32,48,86,1536,0,0,12
2025-12-09,Sweatshirt,Casual Wear,31,48,259,1488,0,1,12
2025-12-10,Sweatshirt,Casual Wear,33,48,226,1584,0,2,12
2025-12-11,Sweatshirt,Casual Wear,28,48,198,1344,0,3,12
2025-12-12,Sweatshirt,Casual Wear,37,48,161,1776,0,4,12
2025-12-13,Sweatshirt,Casual Wear,39,48,122,1872,0,5,12
2025-12-14,Sweatshirt,Casual Wear,36,48,86,1728,0,6,12
2025-12-15,Sweatshirt,Casual Wear,34,48,425,1632,0,0,12
2025-12-16,Sweatshirt,Casual Wear,40,48,385,1920,1,1,12
2025-12-17,Sweatshirt,Casual Wear,31,48,354,1488,0,2,12
2025-12-18,Sweatshirt,Casual Wear,47,48,307,2256,1,3,12
2025-12-19,Sweatshirt,Casual Wear,46,48,261,2208,1,4,12
2025-12-20,Sweatshirt,Casual Wear,52,48,209,2496,1,5,12
2025-12-21,Sweatshirt,Casual Wear,43,48,166,2064,0,6,12
2025-12-22,Sweatshirt,Casual Wear,36,48,130,1728,0,0,12
2025-12-23,Sweatshirt,Casual Wear,36,48,94,1728,0,1,12
2025-12-24,Sweatshirt,Casual Wear,34,48,312,1632,0,2,12
2025-12-25,Sweatshirt,Casual Wear,34,48,278,1632,0,3,12
2025-12-26,Sweatshirt,Casual Wear,31,48,247,1488,0,4,12
2025-12-27,Sweatshirt,Casual Wear,39,48,208,1872,0,5,12
2025-12-28,Sweatshirt,Casual Wear,43,48,165,2064,0,6,12
2025-12-29,Sweatshirt,Casual Wear,35,48,130,1680,0,0,12
2025-12-30,Sweatshirt,Casual Wear,34,48,96,1632,0,1,12
2025-12-31,Sweatshirt,Casual Wear,33,48,339,1584,0,2,12
2025-01-01,Hoodie,Casual Wear,22,55,236,1210,0,2,1
2025-01-02,Hoodie,Casual Wear,28,55,208,1540,1,3,1
2025-01-03,Hoodie,Casual Wear,25,55,183,1375,1,4,1
2025-01-04,Hoodie,Casual Wear,23,55,160,1265,0,5,1
2025-01-05,Hoodie,Casual Wear,33,55,127,1815,0,6,1
2025-01-06,Hoodie,Casual Wear,31,55,96,1705,1,0,1
2025-01-07,Hoodie,Casual Wear,25,55,287,1375,0,1,1
2025-01-08,Hoodie,Casual Wear,24,55,263,1320,0,2,1
2025-01-09,Hoodie,Casual Wear,25,55,238,1375,1,3,1
2025-01-10,Hoodie,Casual Wear,20,55,218,1100,0,4,1
2025-01-11,Hoodie,Casual Wear,24,55,194,1320,0,5,1
2025-01-12,Hoodie,Casual Wear,30,55,164,1650,0,6,1
2025-01-13,Hoodie,Casual Wear,28,55,136,1540,1,0,1
2025-01-14,Hoodie,Casual Wear,24,55,112,1320,0,1,1
2025-01-15,Hoodie,Casual Wear,18,55,94,990,0,2,1
2025-01-16,Hoodie,Casual Wear,21,55,298,1155,0,3,1
2025-01-17,Hoodie,Casual Wear,22,55,276,1210,0,4,1
2025-01-18,Hoodie,Casual Wear,33,55,243,1815,0,5,1
2025-01-19,Hoodie,Casual Wear,23,55,220,1265,0,6,1
2025-01-20,Hoodie,Casual Wear,16,55,204,880,0,0,1
2025-01-21,Hoodie,Casual Wear,20,55,184,1100,0,1,1
2025-01-22,Hoodie,Casual Wear,26,55,158,1430,1,2,1
2025-01-23,Hoodie,Casual Wear,25,55,133,1375,0,3,1
2025-01-24,Hoodie,Casual Wear,23,55,110,1265,0,4,1
2025-01-25,Hoodie,Casual Wear,30,55,80,1650,1,5,1
2025-01-26,Hoodie,Casual Wear,30,55,392,1650,0,6,1
2025-01-27,Hoodie,Casual Wear,19,55,373,1045,0,0,1
2025-01-28,Hoodie,Casual Wear,27,55,346,1485,1,1,1
2025-01-29,Hoodie,Casual Wear,18,55,328,990,0,2,1
2025-01-30,Hoodie,Casual Wear,27,55,301,1485,0,3,1
2025-01-31,Hoodie,Casual Wear,22,55,279,1210,0,4,1
2025-02-01,Hoodie,Casual Wear,25,55,254,1375,0,5,2
2025-02-02,Hoodie,Casual Wear,29,55,225,1595,0,6,2
2025-02-03,Hoodie,Casual Wear,22,55,203,1210,0,0,2
2025-02-04,Hoodie,Casual Wear,16,55,187,880,0,1,2
2025-02-05,Hoodie,Casual Wear,20,55,167,1100,0,2,2
2025-02-06,Hoodie,Casual Wear,18,55,149,990,0,3,2
2025-02-07,Hoodie,Casual Wear,25,55,124,1375,1,4,2
2025-02-08,Hoodie,Casual Wear,24,55,100,1320,0,5,2
2025-02-09,Hoodie,Casual Wear,29,55,426,1595,0,6,2
2025-02-10,Hoodie,Casual Wear,23,55,403,1265,0,0,2
2025-02-11,Hoodie,Casual Wear,22,55,381,1210,0,1,2
2025-02-12,Hoodie,Casual Wear,25,55,356,1375,0,2,2
2025-02-13,Hoodie,Casual Wear,21,55,335,1155,0,3,2
2025-02-14,Hoodie,Casual Wear,24,55,311,1320,0,4,2
2025-02-15,Hoodie,Casual Wear,28,55,283,1540,0,5,2
2025-02-16,Hoodie,Casual Wear,28,55,255,1540,0,6,2
2025-02-17,Hoodie,Casual Wear,23,55,232,1265,0,0,2
2025-02-18,Hoodie,Casual Wear,22,55,210,1210,0,1,2
2025-02-19,Hoodie,Casual Wear,15,55,195,825,0,2,2
2025-02-20,Hoodie,Casual Wear,24,55,171,1320,0,3,2
2025-02-21,Hoodie,Casual Wear,23,55,148,1265,0,4,2
2025-02-22,Hoodie,Casual Wear,32,55,116,1760,0,5,2
2025-02-23,Hoodie,Casual Wear,25,55,91,1375,0,6,2
2025-02-24,Hoodie,Casual Wear,21,55,322,1155,0,0,2
2025-02-25,Hoodie,Casual Wear,24,55,298,1320,0,1,2
2025-02-26,Hoodie,Casual Wear,21,55,277,1155,0,2,2
2025-02-27,Hoodie,Casual Wear,31,55,246,1705,1,3,2
2025-02-28,Hoodie,Casual Wear,28,55,218,1540,0,4,2
2025-03-01,Hoodie,Casual Wear,28,55,190,1540,0,5,3
2025-03-02,Hoodie,Casual Wear,28,55,162,1540,0,6,3
2025-03-03,Hoodie,Casual Wear,22,55,140,1210,0,0,3
2025-03-04,Hoodie,Casual Wear,20,55,120,1100,0,1,3
2025-03-05,Hoodie,Casual Wear,25,55,95,1375,0,2,3
2025-03-06,Hoodie,Casual Wear,17,55,438,935,0,3,3
2025-03-07,Hoodie,Casual Wear,21,55,417,1155,0,4,3
2025-03-08,Hoodie,Casual Wear,36,55,381,1980,1,5,3
2025-03-09,Hoodie,Casual Wear,39,55,342,2145,1,6,3
2025-03-10,Hoodie,Casual Wear,21,55,321,1155,0,0,3
2025-03-11,Hoodie,Casual Wear,24,55,297,1320,0,1,3
2025-03-12,Hoodie,Casual Wear,28,55,269,1540,0,2,3
2025-03-13,Hoodie,Casual Wear,27,55,242,1485,0,3,3
2025-03-14,Hoodie,Casual Wear,22,55,220,1210,0,4,3
2025-03-15,Hoodie,Casual Wear,29,55,191,1595,0,5,3
2025-03-16,Hoodie,Casual Wear,24,55,167,1320,0,6,3
2025-03-17,Hoodie,Casual Wear,21,55,146,1155,0,0,3
2025-03-18,Hoodie,Casual Wear,21,55,125,1155,0,1,3
2025-03-19,Hoodie,Casual Wear,31,55,94,1705,1,2,3
2025-03-20,Hoodie,Casual Wear,23,55,316,1265,0,3,3
2025-03-21,Hoodie,Casual Wear,18,55,298,990,0,4,3
2025-03-22,Hoodie,Casual Wear,36,55,262,1980,0,5,3
2025-03-23,Hoodie,Casual Wear,29,55,233,1595,0,6,3
2025-03-24,Hoodie,Casual Wear,29,55,204,1595,0,0,3
2025-03-25,Hoodie,Casual Wear,21,55,183,1155,0,1,3
2025-03-26,Hoodie,Casual Wear,26,55,157,1430,0,2,3
2025-03-27,Hoodie,Casual Wear,19,55,138,1045,0,3,3
2025-03-28,Hoodie,Casual Wear,24,55,114,1320,0,4,3
2025-03-29,Hoodie,Casual Wear,22,55,92,1210,0,5,3
2025-03-30,Hoodie,Casual Wear,25,55,466,1375,0,6,3
2025-03-31,Hoodie,Casual Wear,21,55,445,1155,0,0,3
2025-04-01,Hoodie,Casual Wear,18,55,427,990,0,1,4
2025-04-02,Hoodie,Casual Wear,19,55,408,1045,0,2,4
2025-04-03,Hoodie,Casual Wear,22,55,386,1210,0,3,4
2025-04-04,Hoodie,Casual Wear,27,55,359,1485,0,4,4
2025-04-05,Hoodie,Casual Wear,25,55,334,1375,0,5,4
2025-04-06,Hoodie,Casual Wear,30,55,304,1650,0,6,4
2025-04-07,Hoodie,Casual Wear,27,55,277,1485,0,0,4
2025-04-08,Hoodie,Casual Wear,29,55,248,1595,1,1,4
2025-04-09,Hoodie,Casual Wear,25,55,223,1375,0,2,4
2025-04-10,Hoodie,Casual Wear,19,55,204,1045,0,3,4
2025-04-11,Hoodie,Casual Wear,23,55,181,1265,0,4,4
2025-04-12,Hoodie,Casual Wear,29,55,152,1595,0,5,4
2025-04-13,Hoodie,Casual Wear,23,55,129,1265,0,6,4
2025-04-14,Hoodie,Casual Wear,19,55,110,1045,0,0,4
2025-04-15,Hoodie,Casual Wear,21,55,89,1155,0,1,4
2025-04-16,Hoodie,Casual Wear,17,55,342,935,0,2,4
2025-04-17,Hoodie,Casual Wear,18,55,324,990,0,3,4
2025-04-18,Hoodie,Casual Wear,21,55,303,1155,0,4,4
2025-04-19,Hoodie,Casual Wear,26,55,277,1430,0,5,4
2025-04-20,Hoodie,Casual Wear,25,55,252,1375,0,6,4
2025-04-21,Hoodie,Casual Wear,22,55,230,1210,0,0,4
2025-04-22,Hoodie,Casual Wear,20,55,210,1100,0,1,4
2025-04-23,Hoodie,Casual Wear,22,55,188,1210,0,2,4
2025-04-24,Hoodie,Casual Wear,23,55,165,1265,0,3,4
2025-04-25,Hoodie,Casual Wear,23,55,142,1265,0,4,4
2025-04-26,Hoodie,Casual Wear,28,55,114,1540,0,5,4
2025-04-27,Hoodie,Casual Wear,31,55,83,1705,0,6,4
2025-04-28,Hoodie,Casual Wear,19,55,430,1045,0,0,4
2025-04-29,Hoodie,Casual Wear,22,55,408,1210,0,1,4
2025-04-30,Hoodie,Casual Wear,34,55,374,1870,1,2,4
2025-05-01,Hoodie,Casual Wear,23,55,351,1265,0,3,5
2025-05-02,Hoodie,Casual Wear,23,55,328,1265,0,4,5
2025-05-03,Hoodie,Casual Wear,25,55,303,1375,0,5,5
2025-05-04,Hoodie,Casual Wear,25,55,278,1375,0,6,5
2025-05-05,Hoodie,Casual Wear,23,55,255,1265,0,0,5
2025-05-06,Hoodie,Casual Wear,21,55,234,1155,0,1,5
2025-05-07,Hoodie,Casual Wear,30,55,204,1650,1,2,5
2025-05-08,Hoodie,Casual Wear,19,55,185,1045,0,3,5
2025-05-09,Hoodie,Casual Wear,20,55,165,1100,0,4,5
2025-05-10,Hoodie,Casual Wear,29,55,136,1595,0,5,5
2025-05-11,Hoodie,Casual Wear,26,55,110,1430,0,6,5
2025-05-12,Hoodie,Casual Wear,11,55,99,605,0,0,5
2025-05-13,Hoodie,Casual Wear,24,55,291,1320,0,1,5
2025-05-14,Hoodie,Casual Wear,22,55,269,1210,0,2,5
2025-05-15,Hoodie,Casual Wear,17,55,252,935,0,3,5
2025-05-16,Hoodie,Casual Wear,18,55,234,990,0,4,5
2025-05-17,Hoodie,Casual Wear,23,55,211,1265,0,5,5
2025-05-18,Hoodie,Casual Wear,27,55,184,1485,0,6,5
2025-05-19,Hoodie,Casual Wear,19,55,165,1045,0,0,5
2025-05-20,Hoodie,Casual Wear,20,55,145,1100,0,1,5
2025-05-21,Hoodie,Casual Wear,19,55,126,1045,0,2,5
2025-05-22,Hoodie,Casual Wear,19,55,107,1045,0,3,5
2025-05-23,Hoodie,Casual Wear,25,55,82,1375,0,4,5
2025-05-24,Hoodie,Casual Wear,32,55,327,1760,0,5,5
2025-05-25,Hoodie,Casual Wear,31,55,296,1705,0,6,5
2025-05-26,Hoodie,Casual Wear,24,55,272,1320,0,0,5
2025-05-27,Hoodie,Casual Wear,16,55,256,880,0,1,5
2025-05-28,Hoodie,Casual Wear,24,55,232,1320,0,2,5
2025-05-29,Hoodie,Casual Wear,27,55,205,1485,1,3,5
2025-05-30,Hoodie,Casual Wear,24,55,181,1320,0,4,5
2025-05-31,Hoodie,Casual Wear,23,55,158,1265,0,5,5
2025-06-01,Hoodie,Casual Wear,25,55,133,1375,0,6,6
2025-06-02,Hoodie,Casual Wear,22,55,111,1210,0,0,6
2025-06-03,Hoodie,Casual Wear,34,55,379,1870,1,1,6
2025-06-04,Hoodie,Casual Wear,24,55,355,1320,0,2,6
2025-06-05,Hoodie,Casual Wear,20,55,335,1100,0,3,6
2025-06-06,Hoodie,Casual Wear,23,55,312,1265,0,4,6
2025-06-07,Hoodie,Casual Wear,22,55,290,1210,0,5,6
2025-06-08,Hoodie,Casual Wear,26,55,264,1430,0,6,6
2025-06-09,Hoodie,Casual Wear,21,55,243,1155,0,0,6
2025-06-10,Hoodie,Casual Wear,27,55,216,1485,1,1,6
2025-06-11,Hoodie,Casual Wear,22,55,194,1210,0,2,6
2025-06-12,Hoodie,Casual Wear,22,55,172,1210,0,3,6
2025-06-13,Hoodie,Casual Wear,21,55,151,1155,0,4,6
2025-06-14,Hoodie,Casual Wear,27,55,124,1485,0,5,6
2025-06-15,Hoodie,Casual Wear,24,55,100,1320,0,6,6
2025-06-16,Hoodie,Casual Wear,23,55,290,1265,0,0,6
2025-06-17,Hoodie,Casual Wear,23,55,267,1265,0,1,6
2025-06-18,Hoodie,Casual Wear,27,55,240,1485,0,2,6
2025-06-19,Hoodie,Casual Wear,20,55,220,1100,0,3,6
2025-06-20,Hoodie,Casual Wear,21,55,199,1155,0,4,6
2025-06-21,Hoodie,Casual Wear,35,55,164,1925,1,5,6
2025-06-22,Hoodie,Casual Wear,28,55,136,1540,0,6,6
2025-06-23,Hoodie,Casual Wear,27,55,109,1485,1,0,6
2025-06-24,Hoodie,Casual Wear,15,55,94,825,0,1,6
2025-06-25,Hoodie,Casual Wear,24,55,403,1320,0,2,6
2025-06-26,Hoodie,Casual Wear,20,55,383,1100,0,3,6
2025-06-27,Hoodie,Casual Wear,21,55,362,1155,0,4,6
2025-06-28,Hoodie,Casual Wear,27,55,335,1485,0,5,6
2025-06-29,Hoodie,Casual Wear,28,55,307,1540,0,6,6
2025-06-30,Hoodie,Casual Wear,24,55,283,1320,0,0,6
2025-07-01,Hoodie,Casual Wear,16,55,267,880,0,1,7
2025-07-02,Hoodie,Casual Wear,30,55,237,1650,1,2,7
2025-07-03,Hoodie,Casual Wear,21,55,216,1155,0,3,7
2025-07-04,Hoodie,Casual Wear,26,55,190,1430,0,4,7
2025-07-05,Hoodie,Casual Wear,31,55,159,1705,0,5,7
2025-07-06,Hoodie,Casual Wear,28,55,131,1540,0,6,7
2025-07-07,Hoodie,Casual Wear,22,55,109,1210,0,0,7
2025-07-08,Hoodie,Casual Wear,21,55,88,1155,0,1,7
2025-07-09,Hoodie,Casual Wear,23,55,359,1265,0,2,7
2025-07-10,Hoodie,Casual Wear,22,55,337,1210,0,3,7
2025-07-11,Hoodie,Casual Wear,22,55,315,1210,0,4,7
2025-07-12,Hoodie,Casual Wear,27,55,288,1485,0,5,7
2025-07-13,Hoodie,Casual Wear,27,55,261,1485,0,6,7
2025-07-14,Hoodie,Casual Wear,25,55,236,1375,0,0,7
2025-07-15,Hoodie,Casual Wear,22,55,214,1210,0,1,7
2025-07-16,Hoodie,Casual Wear,26,55,188,1430,0,2,7
2025-07-17,Hoodie,Casual Wear,20,55,168,1100,0,3,7
2025-07-18,Hoodie,Casual Wear,23,55,145,1265,0,4,7
2025-07-19,Hoodie,Casual Wear,26,55,119,1430,0,5,7
2025-07-20,Hoodie,Casual Wear,31,55,88,1705,0,6,7
2025-07-21,Hoodie,Casual Wear,26,55,318,1430,1,0,7
2025-07-22,Hoodie,Casual Wear,28,55,290,1540,1,1,7
2025-07-23,Hoodie,Casual Wear,29,55,261,1595,1,2,7
2025-07-24,Hoodie,Casual Wear,17,55,244,935,0,3,7
2025-07-25,Hoodie,Casual Wear,23,55,221,1265,0,4,7
2025-07-26,Hoodie,Casual Wear,21,55,200,1155,0,5,7
2025-07-27,Hoodie,Casual Wear,29,55,171,1595,0,6,7
2025-07-28,Hoodie,Casual Wear,22,55,149,1210,0,0,7
2025-07-29,Hoodie,Casual Wear,31,55,118,1705,1,1,7
2025-07-30,Hoodie,Casual Wear,13,55,105,715,0,2,7
2025-07-31,Hoodie,Casual Wear,25,55,80,1375,0,3,7
2025-08-01,Hoodie,Casual Wear,24,55,421,1320,0,4,8
2025-08-02,Hoodie,Casual Wear,32,55,389,1760,0,5,8
2025-08-03,Hoodie,Casual Wear,30,55,359,1650,0,6,8
2025-08-04,Hoodie,Casual Wear,26,55,333,1430,0,0,8
2025-08-05,Hoodie,Casual Wear,23,55,310,1265,0,1,8
2025-08-06,Hoodie,Casual Wear,19,55,291,1045,0,2,8
2025-08-07,Hoodie,Casual Wear,17,55,274,935,0,3,8
2025-08-08,Hoodie,Casual Wear,19,55,255,1045,0,4,8
2025-08-09,Hoodie,Casual Wear,34,55,221,1870,0,5,8
2025-08-10,Hoodie,Casual Wear,24,55,197,1320,0,6,8
2025-08-11,Hoodie,Casual Wear,23,55,174,1265,0,0,8
2025-08-12,Hoodie,Casual Wear,24,55,150,1320,0,1,8
2025-08-13,Hoodie,Casual Wear,26,55,124,1430,0,2,8
2025-08-14,Hoodie,Casual Wear,25,55,99,1375,0,3,8
2025-08-15,Hoodie,Casual Wear,20,55,458,1100,0,4,8
2025-08-16,Hoodie,Casual Wear,39,55,419,2145,1,5,8
2025-08-17,Hoodie,Casual Wear,41,55,378,2255,1,6,8
2025-08-18,Hoodie,Casual Wear,22,55,356,1210,0,0,8
2025-08-19,Hoodie,Casual Wear,18,55,338,990,0,1,8
2025-08-20,Hoodie,Casual Wear,18,55,320,990,0,2,8
2025-08-21,Hoodie,Casual Wear,17,55,303,935,0,3,8
2025-08-22,Hoodie,Casual Wear,23,55,280,1265,0,4,8
2025-08-23,Hoodie,Casual Wear,23,55,257,1265,0,5,8
2025-08-24,Hoodie,Casual Wear,38,55,219,2090,1,6,8
2025-08-25,Hoodie,Casual Wear,22,55,197,1210,0,0,8
2025-08-26,Hoodie,Casual Wear,16,55,181,880,0,1,8
2025-08-27,Hoodie,Casual Wear,16,55,165,880,0,2,8
2025-08-28,Hoodie,Casual Wear,19,55,146,1045,0,3,8
2025-08-29,Hoodie,Casual Wear,21,55,125,1155,0,4,8
2025-08-30,Hoodie,Casual Wear,31,55,94,1705,0,5,8
2025-08-31,Hoodie,Casual Wear,28,55,275,1540,0,6,8
2025-09-01,Hoodie,Casual Wear,30,55,245,1650,1,0,9
2025-09-02,Hoodie,Casual Wear,16,55,229,880,0,1,9
2025-09-03,Hoodie,Casual Wear,16,55,213,880,0,2,9
2025-09-04,Hoodie,Casual Wear,31,55,182,1705,0,3,9
2025-09-05,Hoodie,Casual Wear,16,55,166,880,0,4,9
2025-09-06,Hoodie,Casual Wear,35,55,131,1925,1,5,9
2025-09-07,Hoodie,Casual Wear,28,55,103,1540,0,6,9
2025-09-08,Hoodie,Casual Wear,23,55,80,1265,0,0,9
2025-09-09,Hoodie,Casual Wear,21,55,304,1155,0,1,9
2025-09-10,Hoodie,Casual Wear,20,55,284,1100,0,2,9
2025-09-11,Hoodie,Casual Wear,26,55,258,1430,0,3,9
2025-09-12,Hoodie,Casual Wear,22,55,236,1210,0,4,9
2025-09-13,Hoodie,Casual Wear,22,55,214,1210,0,5,9
2025-09-14,Hoodie,Casual Wear,28,55,186,1540,0,6,9
2025-09-15,Hoodie,Casual Wear,23,55,163,1265,0,0,9
2025-09-16,Hoodie,Casual Wear,26,55,137,1430,0,1,9
2025-09-17,Hoodie,Casual Wear,19,55,118,1045,0,2,9
2025-09-18,Hoodie,Casual Wear,19,55,99,1045,0,3,9
2025-09-19,Hoodie,Casual Wear,23,55,371,1265,0,4,9
2025-09-20,Hoodie,Casual Wear,26,55,345,1430,0,5,9
2025-09-21,Hoodie,Casual Wear,32,55,313,1760,0,6,9
2025-09-22,Hoodie,Casual Wear,23,55,290,1265,0,0,9
2025-09-23,Hoodie,Casual Wear,23,55,267,1265,0,1,9
2025-09-24,Hoodie,Casual Wear,24,55,243,1320,0,2,9
2025-09-25,Hoodie,Casual Wear,22,55,221,1210,0,3,9
2025-09-26,Hoodie,Casual Wear,26,55,195,1430,0,4,9
2025-09-27,Hoodie,Casual Wear,27,55,168,1485,0,5,9
2025-09-28,Hoodie,Casual Wear,26,55,142,1430,0,6,9
2025-09-29,Hoodie,Casual Wear,21,55,121,1155,0,0,9
2025-09-30,Hoodie,Casual Wear,27,55,94,1485,1,1,9
2025-10-01,Hoodie,Casual Wear,26,55,327,1430,0,2,10
2025-10-02,Hoodie,Casual Wear,36,55,291,1980,1,3,10
2025-10-03,Hoodie,Casual Wear,27,55,264,1485,0,4,10
2025-10-04,Hoodie,Casual Wear,34,55,230,1870,0,5,10
2025-10-05,Hoodie,Casual Wear,34,55,196,1870,1,6,10
2025-10-06,Hoodie,Casual Wear,34,55,162,1870,1,0,10
2025-10-07,Hoodie,Casual Wear,27,55,135,1485,1,1,10
2025-10-08,Hoodie,Casual Wear,21,55,114,1155,0,2,10
2025-10-09,Hoodie,Casual Wear,23,55,91,1265,0,3,10
2025-10-10,Hoodie,Casual Wear,22,55,320,1210,0,4,10
2025-10-11,Hoodie,Casual Wear,32,55,288,1760,0,5,10
2025-10-12,Hoodie,Casual Wear,27,55,261,1485,0,6,10
2025-10-13,Hoodie,Casual Wear,26,55,235,1430,0,0,10
2025-10-14,Hoodie,Casual Wear,22,55,213,1210,0,1,10
2025-10-15,Hoodie,Casual Wear,24,55,189,1320,0,2,10
2025-10-16,Hoodie,Casual Wear,23,55,166,1265,0,3,10
2025-10-17,Hoodie,Casual Wear,18,55,148,990,0,4,10
2025-10-18,Hoodie,Casual Wear,25,55,123,1375,0,5,10
2025-10-19,Hoodie,Casual Wear,29,55,94,1595,0,6,10
2025-10-20,Hoodie,Casual Wear,17,55,401,935,0,0,10
2025-10-21,Hoodie,Casual Wear,31,55,370,1705,1,1,10
2025-10-22,Hoodie,Casual Wear,18,55,352,990,0,2,10
2025-10-23,Hoodie,Casual Wear,33,55,319,1815,1,3,10
2025-10-24,Hoodie,Casual Wear,20,55,299,1100,0,4,10
2025-10-25,Hoodie,Casual Wear,39,55,260,2145,1,5,10
2025-10-26,Hoodie,Casual Wear,26,55,234,1430,0,6,10
2025-10-27,Hoodie,Casual Wear,22,55,212,1210,0,0,10
2025-10-28,Hoodie,Casual Wear,24,55,188,1320,0,1,10
2025-10-29,Hoodie,Casual Wear,20,55,168,1100,0,2,10
2025-10-30,Hoodie,Casual Wear,19,55,149,1045,0,3,10
2025-10-31,Hoodie,Casual Wear,20,55,129,1100,0,4,10
2025-11-01,Hoodie,Casual Wear,38,55,91,2090,0,5,11
2025-11-02,Hoodie,Casual Wear,38,55,411,2090,0,6,11
2025-11-03,Hoodie,Casual Wear,32,55,379,1760,0,0,11
2025-11-04,Hoodie,Casual Wear,27,55,352,1485,0,1,11
2025-11-05,Hoodie,Casual Wear,37,55,315,2035,1,2,11
2025-11-06,Hoodie,Casual Wear,36,55,279,1980,1,3,11
2025-11-07,Hoodie,Casual Wear,38,55,241,2090,0,4,11
2025-11-08,Hoodie,Casual Wear,34,55,207,1870,0,5,11
2025-11-09,Hoodie,Casual Wear,40,55,167,2200,0,6,11
2025-11-10,Hoodie,Casual Wear,29,55,138,1595,0,0,11
2025-11-11,Hoodie,Casual Wear,22,55,116,1210,0,1,11
2025-11-12,Hoodie,Casual Wear,40,55,311,2200,1,2,11
2025-11-13,Hoodie,Casual Wear,33,55,278,1815,0,3,11
2025-11-14,Hoodie,Casual Wear,30,55,248,1650,0,4,11
2025-11-15,Hoodie,Casual Wear,41,55,207,2255,0,5,11
2025-11-16,Hoodie,Casual Wear,40,55,167,2200,0,6,11
2025-11-17,Hoodie,Casual Wear,39,55,128,2145,1,0,11
2025-11-18,Hoodie,Casual Wear,30,55,98,1650,0,1,11
2025-11-19,Hoodie,Casual Wear,33,55,320,1815,0,2,11
2025-11-20,Hoodie,Casual Wear,38,55,282,2090,0,3,11
2025-11-21,Hoodie,Casual Wear,41,55,241,2255,0,4,11
2025-11-22,Hoodie,Casual Wear,39,55,202,2145,0,5,11
2025-11-23,Hoodie,Casual Wear,36,55,166,1980,0,6,11
2025-11-24,Hoodie,Casual Wear,32,55,134,1760,0,0,11
2025-11-25,Hoodie,Casual Wear,31,55,103,1705,0,1,11
2025-11-26,Hoodie,Casual Wear,27,55,430,1485,0,2,11
2025-11-27,Hoodie,Casual Wear,34,55,396,1870,0,3,11
2025-11-28,Hoodie,Casual Wear,27,55,369,1485,0,4,11
2025-11-29,Hoodie,Casual Wear,41,55,328,2255,0,5,11
2025-11-30,Hoodie,Casual Wear,38,55,290,2090,0,6,11
2025-12-01,Hoodie,Casual Wear,28,55,262,1540,0,0,12
2025-12-02,Hoodie,Casual Wear,27,55,235,1485,0,1,12
2025-12-03,Hoodie,Casual Wear,28,55,207,1540,0,2,12
2025-12-04,Hoodie,Casual Wear,27,55,180,1485,0,3,12
2025-12-05,Hoodie,Casual Wear,28,55,152,1540,0,4,12
2025-12-06,Hoodie,Casual Wear,36,55,116,1980,0,5,12
2025-12-07,Hoodie,Casual Wear,39,55,279,2145,0,6,12
2025-12-08,Hoodie,Casual Wear,21,55,258,1155,0,0,12
2025-12-09,Hoodie,Casual Wear,32,55,226,1760,0,1,12
2025-12-10,Hoodie,Casual Wear,32,55,194,1760,0,2,12
2025-12-11,Hoodie,Casual Wear,36,55,158,1980,1,3,12
2025-12-12,Hoodie,Casual Wear,28,55,130,1540,0,4,12
2025-12-13,Hoodie,Casual Wear,34,55,96,1870,0,5,12
2025-12-14,Hoodie,Casual Wear,52,55,323,2860,1,6,12
2025-12-15,Hoodie,Casual Wear,31,55,292,1705,0,0,12
2025-12-16,Hoodie,Casual Wear,31,55,261,1705,0,1,12
2025-12-17,Hoodie,Casual Wear,32,55,229,1760,0,2,12
2025-12-18,Hoodie,Casual Wear,35,55,194,1925,0,3,12
2025-12-19,Hoodie,Casual Wear,30,55,164,1650,0,4,12
2025-12-20,Hoodie,Casual Wear,33,55,131,1815,0,5,12
2025-12-21,Hoodie,Casual Wear,40,55,91,2200,0,6,12
2025-12-22,Hoodie,Casual Wear,40,55,320,2200,1,0,12
2025-12-23,Hoodie,Casual Wear,30,55,290,1650,0,1,12
2025-12-24,Hoodie,Casual Wear,25,55,265,1375,0,2,12
2025-12-25,Hoodie,Casual Wear,29,55,236,1595,0,3,12
2025-12-26,Hoodie,Casual Wear,32,55,204,1760,0,4,12
2025-12-27,Hoodie,Casual Wear,37,55,167,2035,0,5,12
2025-12-28,Hoodie,Casual Wear,35,55,132,1925,0,6,12
2025-12-29,Hoodie,Casual Wear,28,55,104,1540,0,0,12
2025-12-30,Hoodie,Casual Wear,35,55,449,1925,0,1,12
2025-12-31,Hoodie,Casual Wear,26,55,423,1430,0,2,12
2025-01-01,Joggers,Pants,20,42,320,840,0,2,1
2025-01-02,Joggers,Pants,20,42,300,840,0,3,1
2025-01-03,Joggers,Pants,24,42,276,1008,0,4,1
2025-01-04,Joggers,Pants,31,42,245,1302,0,5,1
2025-01-05,Joggers,Pants,31,42,214,1302,0,6,1
2025-01-06,Joggers,Pants,19,42,195,798,0,0,1
2025-01-07,Joggers,Pants,21,42,174,882,0,1,1
2025-01-08,Joggers,Pants,28,42,146,1176,1,2,1
2025-01-09,Joggers,Pants,17,42,129,714,0,3,1
2025-01-10,Joggers,Pants,24,42,105,1008,0,4,1
2025-01-11,Joggers,Pants,30,42,445,1260,0,5,1
2025-01-12,Joggers,Pants,27,42,418,1134,0,6,1
2025-01-13,Joggers,Pants,25,42,393,1050,0,0,1
2025-01-14,Joggers,Pants,18,42,375,756,0,1,1
2025-01-15,Joggers,Pants,24,42,351,1008,0,2,1
2025-01-16,Joggers,Pants,23,42,328,966,0,3,1
2025-01-17,Joggers,Pants,28,42,300,1176,0,4,1
2025-01-18,Joggers,Pants,26,42,274,1092,0,5,1
2025-01-19,Joggers,Pants,30,42,244,1260,0,6,1
2025-01-20,Joggers,Pants,22,42,222,924,0,0,1
2025-01-21,Joggers,Pants,23,42,199,966,0,1,1
2025-01-22,Joggers,Pants,21,42,178,882,0,2,1
2025-01-23,Joggers,Pants,25,42,153,1050,0,3,1
2025-01-24,Joggers,Pants,25,42,128,1050,0,4,1
2025-01-25,Joggers,Pants,29,42,99,1218,0,5,1
2025-01-26,Joggers,Pants,37,42,440,1554,0,6,1
2025-01-27,Joggers,Pants,22,42,418,924,0,0,1
2025-01-28,Joggers,Pants,31,42,387,1302,1,1,1
2025-01-29,Joggers,Pants,17,42,370,714,0,2,1
2025-01-30,Joggers,Pants,22,42,348,924,0,3,1
2025-01-31,Joggers,Pants,17,42,331,714,0,4,1
2025-02-01,Joggers,Pants,35,42,296,1470,1,5,2
2025-02-02,Joggers,Pants,33,42,263,1386,0,6,2
2025-02-03,Joggers,Pants,20,42,243,840,0,0,2
2025-02-04,Joggers,Pants,13,42,230,546,0,1,2
2025-02-05,Joggers,Pants,24,42,206,1008,0,2,2
2025-02-06,Joggers,Pants,17,42,189,714,0,3,2
2025-02-07,Joggers,Pants,18,42,171,756,0,4,2
2025-02-08,Joggers,Pants,27,42,144,1134,0,5,2
2025-02-09,Joggers,Pants,25,42,119,1050,0,6,2
2025-02-10,Joggers,Pants,23,42,96,966,0,0,2
2025-02-11,Joggers,Pants,22,42,286,924,0,1,2
2025-02-12,Joggers,Pants,20,42,266,840,0,2,2
2025-02-13,Joggers,Pants,28,42,238,1176,0,3,2
2025-02-14,Joggers,Pants,38,42,200,1596,1,4,2
2025-02-15,Joggers,Pants,23,42,177,966,0,5,2
2025-02-16,Joggers,Pants,41,42,136,1722,1,6,2
2025-02-17,Joggers,Pants,25,42,111,1050,0,0,2
2025-02-18,Joggers,Pants,21,42,90,882,0,1,2
2025-02-19,Joggers,Pants,21,42,325,882,0,2,2
2025-02-20,Joggers,Pants,24,42,301,1008,0,3,2
2025-02-21,Joggers,Pants,31,42,270,1302,1,4,2
2025-02-22,Joggers,Pants,23,42,247,966,0,5,2
2025-02-23,Joggers,Pants,28,42,219,1176,0,6,2
2025-02-24,Joggers,Pants,19,42,200,798,0,0,2
2025-02-25,Joggers,Pants,23,42,177,966,0,1,2
2025-02-26,Joggers,Pants,22,42,155,924,0,2,2
2025-02-27,Joggers,Pants,24,42,131,1008,0,3,2
2025-02-28,Joggers,Pants,28,42,103,1176,1,4,2
2025-03-01,Joggers,Pants,22,42,81,924,0,5,3
2025-03-02,Joggers,Pants,26,42,264,1092,0,6,3
2025-03-03,Joggers,Pants,24,42,240,1008,0,0,3
2025-03-04,Joggers,Pants,25,42,215,1050,0,1,3
2025-03-05,Joggers,Pants,27,42,188,1134,0,2,3
2025-03-06,Joggers,Pants,29,42,159,1218,1,3,3
2025-03-07,Joggers,Pants,29,42,130,1218,1,4,3
2025-03-08,Joggers,Pants,31,42,99,1302,0,5,3
2025-03-09,Joggers,Pants,30,42,456,1260,0,6,3
2025-03-10,Joggers,Pants,30,42,426,1260,1,0,3
2025-03-11,Joggers,Pants,21,42,405,882,0,1,3
2025-03-12,Joggers,Pants,22,42,383,924,0,2,3
2025-03-13,Joggers,Pants,26,42,357,1092,0,3,3
2025-03-14,Joggers,Pants,31,42,326,1302,1,4,3
2025-03-15,Joggers,Pants,27,42,299,1134,0,5,3
2025-03-16,Joggers,Pants,26,42,273,1092,0,6,3
2025-03-17,Joggers,Pants,19,42,254,798,0,0,3
2025-03-18,Joggers,Pants,21,42,233,882,0,1,3
2025-03-19,Joggers,Pants,14,42,219,588,0,2,3
2025-03-20,Joggers,Pants,29,42,190,1218,1,3,3
2025-03-21,Joggers,Pants,28,42,162,1176,0,4,3
2025-03-22,Joggers,Pants,29,42,133,1218,0,5,3
2025-03-23,Joggers,Pants,35,42,98,1470,1,6,3
2025-03-24,Joggers,Pants,16,42,82,672,0,0,3
2025-03-25,Joggers,Pants,20,42,292,840,0,1,3
2025-03-26,Joggers,Pants,28,42,264,1176,1,2,3
2025-03-27,Joggers,Pants,25,42,239,1050,0,3,3
2025-03-28,Joggers,Pants,21,42,218,882,0,4,3
2025-03-29,Joggers,Pants,24,42,194,1008,0,5,3
2025-03-30,Joggers,Pants,31,42,163,1302,0,6,3
2025-03-31,Joggers,Pants,24,42,139,1008,0,0,3
2025-04-01,Joggers,Pants,22,42,117,924,0,1,4
2025-04-02,Joggers,Pants,21,42,96,882,0,2,4
2025-04-03,Joggers,Pants,23,42,274,966,1,3,4
2025-04-04,Joggers,Pants,29,42,245,1218,1,4,4
2025-04-05,Joggers,Pants,30,42,215,1260,0,5,4
2025-04-06,Joggers,Pants,34,42,181,1428,0,6,4
2025-04-07,Joggers,Pants,20,42,161,840,0,0,4
2025-04-08,Joggers,Pants,19,42,142,798,0,1,4
2025-04-09,Joggers,Pants,24,42,118,1008,0,2,4
2025-04-10,Joggers,Pants,16,42,102,672,0,3,4
2025-04-11,Joggers,Pants,21,42,81,882,0,4,4
2025-04-12,Joggers,Pants,28,42,292,1176,0,5,4
2025-04-13,Joggers,Pants,27,42,265,1134,0,6,4
2025-04-14,Joggers,Pants,19,42,246,798,0,0,4
2025-04-15,Joggers,Pants,26,42,220,1092,1,1,4
2025-04-16,Joggers,Pants,18,42,202,756,0,2,4
2025-04-17,Joggers,Pants,25,42,177,1050,0,3,4
2025-04-18,Joggers,Pants,18,42,159,756,0,4,4
2025-04-19,Joggers,Pants,30,42,129,1260,0,5,4
2025-04-20,Joggers,Pants,28,42,101,1176,0,6,4
2025-04-21,Joggers,Pants,22,42,471,924,0,0,4
2025-04-22,Joggers,Pants,20,42,451,840,0,1,4
2025-04-23,Joggers,Pants,22,42,429,924,0,2,4
2025-04-24,Joggers,Pants,18,42,411,756,0,3,4
2025-04-25,Joggers,Pants,19,42,392,798,0,4,4
2025-04-26,Joggers,Pants,29,42,363,1218,0,5,4
2025-04-27,Joggers,Pants,23,42,340,966,0,6,4
2025-04-28,Joggers,Pants,21,42,319,882,0,0,4
2025-04-29,Joggers,Pants,19,42,300,798,0,1,4
2025-04-30,Joggers,Pants,19,42,281,798,0,2,4
2025-05-01,Joggers,Pants,23,42,258,966,0,3,5
2025-05-02,Joggers,Pants,20,42,238,840,0,4,5
2025-05-03,Joggers,Pants,24,42,214,1008,0,5,5
2025-05-04,Joggers,Pants,27,42,187,1134,0,6,5
2025-05-05,Joggers,Pants,18,42,169,756,0,0,5
2025-05-06,Joggers,Pants,26,42,143,1092,0,1,5
2025-05-07,Joggers,Pants,25,42,118,1050,0,2,5
2025-05-08,Joggers,Pants,24,42,94,1008,0,3,5
2025-05-09,Joggers,Pants,20,42,361,840,0,4,5
2025-05-10,Joggers,Pants,30,42,331,1260,0,5,5
2025-05-11,Joggers,Pants,37,42,294,1554,1,6,5
2025-05-12,Joggers,Pants,20,42,274,840,0,0,5
2025-05-13,Joggers,Pants,28,42,246,1176,1,1,5
2025-05-14,Joggers,Pants,22,42,224,924,0,2,5
2025-05-15,Joggers,Pants,24,42,200,1008,1,3,5
2025-05-16,Joggers,Pants,27,42,173,1134,0,4,5
2025-05-17,Joggers,Pants,29,42,144,1218,0,5,5
2025-05-18,Joggers,Pants,30,42,114,1260,0,6,5
2025-05-19,Joggers,Pants,25,42,89,1050,0,0,5
2025-05-20,Joggers,Pants,32,42,422,1344,1,1,5
2025-05-21,Joggers,Pants,21,42,401,882,0,2,5
2025-05-22,Joggers,Pants,22,42,379,924,0,3,5
2025-05-23,Joggers,Pants,21,42,358,882,0,4,5
2025-05-24,Joggers,Pants,27,42,331,1134,0,5,5
2025-05-25,Joggers,Pants,25,42,306,1050,0,6,5
2025-05-26,Joggers,Pants,30,42,276,1260,0,0,5
2025-05-27,Joggers,Pants,25,42,251,1050,0,1,5
2025-05-28,Joggers,Pants,21,42,230,882,0,2,5
2025-05-29,Joggers,Pants,21,42,209,882,0,3,5
2025-05-30,Joggers,Pants,24,42,185,1008,0,4,5
2025-05-31,Joggers,Pants,29,42,156,1218,0,5,5
2025-06-01,Joggers,Pants,29,42,127,1218,0,6,6
2025-06-02,Joggers,Pants,26,42,101,1092,0,0,6
2025-06-03,Joggers,Pants,25,42,368,1050,0,1,6
2025-06-04,Joggers,Pants,20,42,348,840,0,2,6
2025-06-05,Joggers,Pants,26,42,322,1092,0,3,6
2025-06-06,Joggers,Pants,27,42,295,1134,0,4,6
2025-06-07,Joggers,Pants,28,42,267,1176,0,5,6
2025-06-08,Joggers,Pants,25,42,242,1050,0,6,6
2025-06-09,Joggers,Pants,26,42,216,1092,0,0,6
2025-06-10,Joggers,Pants,20,42,196,840,0,1,6
2025-06-11,Joggers,Pants,22,42,174,924,1,2,6
2025-06-12,Joggers,Pants,19,42,155,798,0,3,6
2025-06-13,Joggers,Pants,21,42,134,882,0,4,6
2025-06-14,Joggers,Pants,27,42,107,1134,0,5,6
2025-06-15,Joggers,Pants,26,42,81,1092,0,6,6
2025-06-16,Joggers,Pants,31,42,445,1302,1,0,6
2025-06-17,Joggers,Pants,27,42,418,1134,0,1,6
2025-06-18,Joggers,Pants,23,42,395,966,0,2,6
2025-06-19,Joggers,Pants,25,42,370,1050,0,3,6
2025-06-20,Joggers,Pants,24,42,346,1008,0,4,6
2025-06-21,Joggers,Pants,28,42,318,1176,0,5,6
2025-06-22,Joggers,Pants,28,42,290,1176,0,6,6
2025-06-23,Joggers,Pants,24,42,266,1008,0,0,6
2025-06-24,Joggers,Pants,22,42,244,924,0,1,6
2025-06-25,Joggers,Pants,22,42,222,924,0,2,6
2025-06-26,Joggers,Pants,12,42,210,504,0,3,6
2025-06-27,Joggers,Pants,24,42,186,1008,0,4,6
2025-06-28,Joggers,Pants,26,42,160,1092,0,5,6
2025-06-29,Joggers,Pants,31,42,129,1302,0,6,6
2025-06-30,Joggers,Pants,25,42,104,1050,0,0,6
2025-07-01,Joggers,Pants,28,42,281,1176,1,1,7
2025-07-02,Joggers,Pants,24,42,257,1008,0,2,7
2025-07-03,Joggers,Pants,25,42,232,1050,0,3,7
2025-07-04,Joggers,Pants,21,42,211,882,0,4,7
2025-07-05,Joggers,Pants,33,42,178,1386,0,5,7
2025-07-06,Joggers,Pants,27,42,151,1134,0,6,7
2025-07-07,Joggers,Pants,27,42,124,1134,0,0,7
2025-07-08,Joggers,Pants,21,42,103,882,0,1,7
2025-07-09,Joggers,Pants,26,42,467,1092,0,2,7
2025-07-10,Joggers,Pants,23,42,444,966,0,3,7
2025-07-11,Joggers,Pants,22,42,422,924,0,4,7
2025-07-12,Joggers,Pants,30,42,392,1260,0,5,7
2025-07-13,Joggers,Pants,26,42,366,1092,0,6,7
2025-07-14,Joggers,Pants,25,42,341,1050,0,0,7
2025-07-15,Joggers,Pants,25,42,316,1050,0,1,7
2025-07-16,Joggers,Pants,23,42,293,966,0,2,7
2025-07-17,Joggers,Pants,31,42,262,1302,1,3,7
2025-07-18,Joggers,Pants,19,42,243,798,0,4,7
2025-07-19,Joggers,Pants,39,42,204,1638,1,5,7
2025-07-20,Joggers,Pants,26,42,178,1092,0,6,7
2025-07-21,Joggers,Pants,27,42,151,1134,0,0,7
2025-07-22,Joggers,Pants,21,42,130,882,0,1,7
2025-07-23,Joggers,Pants,18,42,112,756,0,2,7
2025-07-24,Joggers,Pants,26,42,86,1092,0,3,7
2025-07-25,Joggers,Pants,23,42,410,966,0,4,7
2025-07-26,Joggers,Pants,30,42,380,1260,0,5,7
2025-07-27,Joggers,Pants,29,42,351,1218,0,6,7
2025-07-28,Joggers,Pants,22,42,329,924,0,0,7
2025-07-29,Joggers,Pants,28,42,301,1176,0,1,7
2025-07-30,Joggers,Pants,29,42,272,1218,1,2,7
2025-07-31,Joggers,Pants,27,42,245,1134,1,3,7
2025-08-01,Joggers,Pants,21,42,224,882,0,4,8
2025-08-02,Joggers,Pants,28,42,196,1176,0,5,8
2025-08-03,Joggers,Pants,30,42,166,1260,0,6,8
2025-08-04,Joggers,Pants,19,42,147,798,0,0,8
2025-08-05,Joggers,Pants,20,42,127,840,0,1,8
2025-08-06,Joggers,Pants,25,42,102,1050,0,2,8
2025-08-07,Joggers,Pants,19,42,83,798,0,3,8
2025-08-08,Joggers,Pants,25,42,328,1050,0,4,8
2025-08-09,Joggers,Pants,27,42,301,1134,0,5,8
2025-08-10,Joggers,Pants,24,42,277,1008,0,6,8
2025-08-11,Joggers,Pants,19,42,258,798,0,0,8
2025-08-12,Joggers,Pants,19,42,239,798,0,1,8
2025-08-13,Joggers,Pants,24,42,215,1008,0,2,8
2025-08-14,Joggers,Pants,30,42,185,1260,0,3,8
2025-08-15,Joggers,Pants,17,42,168,714,0,4,8
2025-08-16,Joggers,Pants,31,42,137,1302,0,5,8
2025-08-17,Joggers,Pants,28,42,109,1176,0,6,8
2025-08-18,Joggers,Pants,29,42,80,1218,1,0,8
2025-08-19,Joggers,Pants,24,42,287,1008,0,1,8
2025-08-20,Joggers,Pants,28,42,259,1176,1,2,8
2025-08-21,Joggers,Pants,27,42,232,1134,0,3,8
2025-08-22,Joggers,Pants,24,42,208,1008,0,4,8
2025-08-23,Joggers,Pants,30,42,178,1260,0,5,8
2025-08-24,Joggers,Pants,28,42,150,1176,0,6,8
2025-08-25,Joggers,Pants,25,42,125,1050,0,0,8
2025-08-26,Joggers,Pants,16,42,109,672,0,1,8
2025-08-27,Joggers,Pants,22,42,87,924,0,2,8
2025-08-28,Joggers,Pants,25,42,267,1050,0,3,8
2025-08-29,Joggers,Pants,16,42,251,672,0,4,8
2025-08-30,Joggers,Pants,27,42,224,1134,0,5,8
2025-08-31,Joggers,Pants,26,42,198,1092,0,6,8
2025-09-01,Joggers,Pants,24,42,174,1008,0,0,9
2025-09-02,Joggers,Pants,19,42,155,798,0,1,9
2025-09-03,Joggers,Pants,27,42,128,1134,0,2,9
2025-09-04,Joggers,Pants,20,42,108,840,0,3,9
2025-09-05,Joggers,Pants,17,42,91,714,0,4,9
2025-09-06,Joggers,Pants,40,42,290,1680,1,5,9
2025-09-07,Joggers,Pants,24,42,266,1008,0,6,9
2025-09-08,Joggers,Pants,20,42,246,840,0,0,9
2025-09-09,Joggers,Pants,21,42,225,882,0,1,9
2025-09-10,Joggers,Pants,28,42,197,1176,1,2,9
2025-09-11,Joggers,Pants,25,42,172,1050,0,3,9
2025-09-12,Joggers,Pants,31,42,141,1302,1,4,9
2025-09-13,Joggers,Pants,30,42,111,1260,0,5,9
2025-09-14,Joggers,Pants,27,42,84,1134,0,6,9
2025-09-15,Joggers,Pants,15,42,390,630,0,0,9
2025-09-16,Joggers,Pants,27,42,363,1134,1,1,9
2025-09-17,Joggers,Pants,24,42,339,1008,0,2,9
2025-09-18,Joggers,Pants,22,42,317,924,0,3,9
2025-09-19,Joggers,Pants,25,42,292,1050,0,4,9
2025-09-20,Joggers,Pants,28,42,264,1176,0,5,9
2025-09-21,Joggers,Pants,28,42,236,1176,0,6,9
2025-09-22,Joggers,Pants,21,42,215,882,0,0,9
2025-09-23,Joggers,Pants,34,42,181,1428,1,1,9
2025-09-24,Joggers,Pants,27,42,154,1134,0,2,9
2025-09-25,Joggers,Pants,21,42,133,882,0,3,9
2025-09-26,Joggers,Pants,22,42,111,924,0,4,9
2025-09-27,Joggers,Pants,29,42,82,1218,0,5,9
2025-09-28,Joggers,Pants,38,42,336,1596,1,6,9
2025-09-29,Joggers,Pants,22,42,314,924,0,0,9
2025-09-30,Joggers,Pants,20,42,294,840,0,1,9
2025-10-01,Joggers,Pants,37,42,257,1554,1,2,10
2025-10-02,Joggers,Pants,26,42,231,1092,1,3,10
2025-10-03,Joggers,Pants,26,42,205,1092,0,4,10
2025-10-04,Joggers,Pants,27,42,178,1134,0,5,10
2025-10-05,Joggers,Pants,31,42,147,1302,0,6,10
2025-10-06,Joggers,Pants,24,42,123,1008,0,0,10
2025-10-07,Joggers,Pants,31,42,92,1302,1,1,10
2025-10-08,Joggers,Pants,32,42,283,1344,1,2,10
2025-10-09,Joggers,Pants,28,42,255,1176,0,3,10
2025-10-10,Joggers,Pants,24,42,231,1008,0,4,10
2025-10-11,Joggers,Pants,28,42,203,1176,0,5,10
2025-10-12,Joggers,Pants,26,42,177,1092,0,6,10
2025-10-13,Joggers,Pants,18,42,159,756,0,0,10
2025-10-14,Joggers,Pants,26,42,133,1092,0,1,10
2025-10-15,Joggers,Pants,17,42,116,714,0,2,10
2025-10-16,Joggers,Pants,24,42,92,1008,0,3,10
2025-10-17,Joggers,Pants,22,42,363,924,0,4,10
2025-10-18,Joggers,Pants,41,42,322,1722,1,5,10
2025-10-19,Joggers,Pants,30,42,292,1260,0,6,10
2025-10-20,Joggers,Pants,20,42,272,840,0,0,10
2025-10-21,Joggers,Pants,26,42,246,1092,0,1,10
2025-10-22,Joggers,Pants,25,42,221,1050,0,2,10
2025-10-23,Joggers,Pants,31,42,190,1302,1,3,10
2025-10-24,Joggers,Pants,22,42,168,924,0,4,10
2025-10-25,Joggers,Pants,31,42,137,1302,0,5,10
2025-10-26,Joggers,Pants,31,42,106,1302,0,6,10
2025-10-27,Joggers,Pants,23,42,83,966,0,0,10
2025-10-28,Joggers,Pants,21,42,317,882,0,1,10
2025-10-29,Joggers,Pants,22,42,295,924,0,2,10
2025-10-30,Joggers,Pants,21,42,274,882,0,3,10
2025-10-31,Joggers,Pants,20,42,254,840,0,4,10
2025-11-01,Joggers,Pants,53,42,201,2226,1,5,11
2025-11-02,Joggers,Pants,56,42,145,2352,1,6,11
2025-11-03,Joggers,Pants,35,42,110,1470,0,0,11
2025-11-04,Joggers,Pants,38,42,378,1596,1,1,11
2025-11-05,Joggers,Pants,36,42,342,1512,0,2,11
2025-11-06,Joggers,Pants,32,42,310,1344,0,3,11
2025-11-07,Joggers,Pants,45,42,265,1890,1,4,11
2025-11-08,Joggers,Pants,42,42,223,1764,0,5,11
2025-11-09,Joggers,Pants,35,42,188,1470,0,6,11
2025-11-10,Joggers,Pants,31,42,157,1302,0,0,11
2025-11-11,Joggers,Pants,32,42,125,1344,0,1,11
2025-11-12,Joggers,Pants,42,42,83,1764,1,2,11
2025-11-13,Joggers,Pants,34,42,268,1428,0,3,11
2025-11-14,Joggers,Pants,24,42,244,1008,0,4,11
2025-11-15,Joggers,Pants,36,42,208,1512,0,5,11
2025-11-16,Joggers,Pants,36,42,172,1512,0,6,11
2025-11-17,Joggers,Pants,29,42,143,1218,0,0,11
2025-11-18,Joggers,Pants,30,42,113,1260,0,1,11
2025-11-19,Joggers,Pants,30,42,83,1260,0,2,11
2025-11-20,Joggers,Pants,32,42,297,1344,0,3,11
2025-11-21,Joggers,Pants,37,42,260,1554,0,4,11
2025-11-22,Joggers,Pants,49,42,211,2058,1,5,11
2025-11-23,Joggers,Pants,39,42,172,1638,0,6,11
2025-11-24,Joggers,Pants,27,42,145,1134,0,0,11
2025-11-25,Joggers,Pants,43,42,102,1806,1,1,11
2025-11-26,Joggers,Pants,36,42,360,1512,0,2,11
2025-11-27,Joggers,Pants,29,42,331,1218,0,3,11
2025-11-28,Joggers,Pants,30,42,301,1260,0,4,11
2025-11-29,Joggers,Pants,45,42,256,1890,0,5,11
2025-11-30,Joggers,Pants,38,42,218,1596,0,6,11
2025-12-01,Joggers,Pants,30,42,188,1260,0,0,12
2025-12-02,Joggers,Pants,30,42,158,1260,0,1,12
2025-12-03,Joggers,Pants,35,42,123,1470,0,2,12
2025-12-04,Joggers,Pants,30,42,93,1260,0,3,12
2025-12-05,Joggers,Pants,40,42,350,1680,1,4,12
2025-12-06,Joggers,Pants,36,42,314,1512,0,5,12
2025-12-07,Joggers,Pants,38,42,276,1596,0,6,12
2025-12-08,Joggers,Pants,38,42,238,1596,0,0,12
2025-12-09,Joggers,Pants,33,42,205,1386,0,1,12
2025-12-10,Joggers,Pants,26,42,179,1092,0,2,12
2025-12-11,Joggers,Pants,33,42,146,1386,0,3,12
2025-12-12,Joggers,Pants,34,42,112,1428,0,4,12
2025-12-13,Joggers,Pants,36,42,462,1512,0,5,12
2025-12-14,Joggers,Pants,41,42,421,1722,0,6,12
2025-12-15,Joggers,Pants,31,42,390,1302,0,0,12
2025-12-16,Joggers,Pants,32,42,358,1344,0,1,12
2025-12-17,Joggers,Pants,36,42,322,1512,0,2,12
2025-12-18,Joggers,Pants,34,42,288,1428,0,3,12
2025-12-19,Joggers,Pants,28,42,260,1176,0,4,12
2025-12-20,Joggers,Pants,42,42,218,1764,0,5,12
2025-12-21,Joggers,Pants,46,42,172,1932,0,6,12
2025-12-22,Joggers,Pants,34,42,138,1428,0,0,12
2025-12-23,Joggers,Pants,32,42,106,1344,0,1,12
2025-12-24,Joggers,Pants,34,42,298,1428,0,2,12
2025-12-25,Joggers,Pants,43,42,255,1806,1,3,12
2025-12-26,Joggers,Pants,28,42,227,1176,0,4,12
2025-12-27,Joggers,Pants,40,42,187,1680,0,5,12
2025-12-28,Joggers,Pants,49,42,138,2058,0,6,12
2025-12-29,Joggers,Pants,29,42,109,1218,0,0,12
2025-12-30,Joggers,Pants,29,42,80,1218,0,1,12
2025-12-31,Joggers,Pants,31,42,388,1302,0,2,12
2025-01-01,Shorts,Pants,23,30,309,690,0,2,1
2025-01-02,Shorts,Pants,22,30,287,660,0,3,1
2025-01-03,Shorts,Pants,22,30,265,660,0,4,1
2025-01-04,Shorts,Pants,31,30,234,930,0,5,1
2025-01-05,Shorts,Pants,21,30,213,630,0,6,1
2025-01-06,Shorts,Pants,27,30,186,810,1,0,1
2025-01-07,Shorts,Pants,22,30,164,660,0,1,1
2025-01-08,Shorts,Pants,28,30,136,840,0,2,1
2025-01-09,Shorts,Pants,26,30,110,780,0,3,1
2025-01-10,Shorts,Pants,15,30,95,450,0,4,1
2025-01-11,Shorts,Pants,34,30,307,1020,1,5,1
2025-01-12,Shorts,Pants,36,30,271,1080,1,6,1
2025-01-13,Shorts,Pants,24,30,247,720,0,0,1
2025-01-14,Shorts,Pants,20,30,227,600,0,1,1
2025-01-15,Shorts,Pants,22,30,205,660,0,2,1
2025-01-16,Shorts,Pants,31,30,174,930,1,3,1
2025-01-17,Shorts,Pants,20,30,154,600,0,4,1
2025-01-18,Shorts,Pants,30,30,124,900,0,5,1
2025-01-19,Shorts,Pants,27,30,97,810,0,6,1
2025-01-20,Shorts,Pants,20,30,473,600,0,0,1
2025-01-21,Shorts,Pants,32,30,441,960,1,1,1
2025-01-22,Shorts,Pants,27,30,414,810,0,2,1
2025-01-23,Shorts,Pants,26,30,388,780,0,3,1
2025-01-24,Shorts,Pants,23,30,365,690,0,4,1
2025-01-25,Shorts,Pants,37,30,328,1110,1,5,1
2025-01-26,Shorts,Pants,34,30,294,1020,0,6,1
2025-01-27,Shorts,Pants,19,30,275,570,0,0,1
2025-01-28,Shorts,Pants,20,30,255,600,0,1,1
2025-01-29,Shorts,Pants,30,30,225,900,1,2,1
2025-01-30,Shorts,Pants,25,30,200,750,0,3,1
2025-01-31,Shorts,Pants,18,30,182,540,0,4,1
2025-02-01,Shorts,Pants,34,30,148,1020,0,5,2
2025-02-02,Shorts,Pants,34,30,114,1020,0,6,2
2025-02-03,Shorts,Pants,26,30,88,780,0,0,2
2025-02-04,Shorts,Pants,29,30,378,870,1,1,2
2025-02-05,Shorts,Pants,21,30,357,630,0,2,2
2025-02-06,Shorts,Pants,18,30,339,540,0,3,2
2025-02-07,Shorts,Pants,23,30,316,690,0,4,2
2025-02-08,Shorts,Pants,30,30,286,900,0,5,2
2025-02-09,Shorts,Pants,35,30,251,1050,1,6,2
2025-02-10,Shorts,Pants,19,30,232,570,0,0,2
2025-02-11,Shorts,Pants,25,30,207,750,0,1,2
2025-02-12,Shorts,Pants,23,30,184,690,0,2,2
2025-02-13,Shorts,Pants,37,30,147,1110,1,3,2
2025-02-14,Shorts,Pants,26,30,121,780,0,4,2
2025-02-15,Shorts,Pants,32,30,89,960,0,5,2
2025-02-16,Shorts,Pants,30,30,398,900,1,6,2
2025-02-17,Shorts,Pants,20,30,378,600,0,0,2
2025-02-18,Shorts,Pants,24,30,354,720,0,1,2
2025-02-19,Shorts,Pants,22,30,332,660,0,2,2
2025-02-20,Shorts,Pants,36,30,296,1080,1,3,2
2025-02-21,Shorts,Pants,21,30,275,630,0,4,2
2025-02-22,Shorts,Pants,22,30,253,660,0,5,2
2025-02-23,Shorts,Pants,24,30,229,720,0,6,2
2025-02-24,Shorts,Pants,29,30,200,870,1,0,2
2025-02-25,Shorts,Pants,20,30,180,600,0,1,2
2025-02-26,Shorts,Pants,23,30,157,690,0,2,2
2025-02-27,Shorts,Pants,19,30,138,570,0,3,2
2025-02-28,Shorts,Pants,22,30,116,660,0,4,2
2025-03-01,Shorts,Pants,43,30,308,1290,1,5,3
2025-03-02,Shorts,Pants,27,30,281,810,0,6,3
2025-03-03,Shorts,Pants,21,30,260,630,0,0,3
2025-03-04,Shorts,Pants,20,30,240,600,0,1,3
2025-03-05,Shorts,Pants,18,30,222,540,0,2,3
2025-03-06,Shorts,Pants,17,30,205,510,0,3,3
2025-03-07,Shorts,Pants,27,30,178,810,1,4,3
2025-03-08,Shorts,Pants,30,30,148,900,0,5,3
2025-03-09,Shorts,Pants,28,30,120,840,0,6,3
2025-03-10,Shorts,Pants,27,30,93,810,0,0,3
2025-03-11,Shorts,Pants,21,30,351,630,0,1,3
2025-03-12,Shorts,Pants,21,30,330,630,0,2,3
2025-03-13,Shorts,Pants,20,30,310,600,0,3,3
2025-03-14,Shorts,Pants,26,30,284,780,0,4,3
2025-03-15,Shorts,Pants,28,30,256,840,0,5,3
2025-03-16,Shorts,Pants,29,30,227,870,0,6,3
2025-03-17,Shorts,Pants,21,30,206,630,0,0,3
2025-03-18,Shorts,Pants,21,30,185,630,0,1,3
2025-03-19,Shorts,Pants,18,30,167,540,0,2,3
2025-03-20,Shorts,Pants,30,30,137,900,1,3,3
2025-03-21,Shorts,Pants,19,30,118,570,0,4,3
2025-03-22,Shorts,Pants,28,30,90,840,0,5,3
2025-03-23,Shorts,Pants,31,30,348,930,0,6,3
2025-03-24,Shorts,Pants,32,30,316,960,0,0,3
2025-03-25,Shorts,Pants,20,30,296,600,0,1,3
2025-03-26,Shorts,Pants,22,30,274,660,0,2,3
2025-03-27,Shorts,Pants,27,30,247,810,0,3,3
2025-03-28,Shorts,Pants,26,30,221,780,0,4,3
2025-03-29,Shorts,Pants,30,30,191,900,0,5,3
2025-03-30,Shorts,Pants,26,30,165,780,0,6,3
2025-03-31,Shorts,Pants,23,30,142,690,0,0,3
2025-04-01,Shorts,Pants,21,30,121,630,0,1,4
2025-04-02,Shorts,Pants,17,30,104,510,0,2,4
2025-04-03,Shorts,Pants,22,30,82,660,0,3,4
2025-04-04,Shorts,Pants,30,30,257,900,1,4,4
2025-04-05,Shorts,Pants,29,30,228,870,0,5,4
2025-04-06,Shorts,Pants,28,30,200,840,0,6,4
2025-04-07,Shorts,Pants,27,30,173,810,0,0,4
2025-04-08,Shorts,Pants,23,30,150,690,0,1,4
2025-04-09,Shorts,Pants,19,30,131,570,0,2,4
2025-04-10,Shorts,Pants,32,30,99,960,1,3,4
2025-04-11,Shorts,Pants,28,30,355,840,1,4,4
2025-04-12,Shorts,Pants,27,30,328,810,0,5,4
2025-04-13,Shorts,Pants,28,30,300,840,0,6,4
2025-04-14,Shorts,Pants,18,30,282,540,0,0,4
2025-04-15,Shorts,Pants,20,30,262,600,0,1,4
2025-04-16,Shorts,Pants,18,30,244,540,0,2,4
2025-04-17,Shorts,Pants,18,30,226,540,0,3,4
2025-04-18,Shorts,Pants,27,30,199,810,0,4,4
2025-04-19,Shorts,Pants,29,30,170,870,0,5,4
2025-04-20,Shorts,Pants,32,30,138,960,0,6,4
2025-04-21,Shorts,Pants,23,30,115,690,0,0,4
2025-04-22,Shorts,Pants,33,30,82,990,1,1,4
2025-04-23,Shorts,Pants,20,30,306,600,0,2,4
2025-04-24,Shorts,Pants,21,30,285,630,0,3,4
2025-04-25,Shorts,Pants,27,30,258,810,0,4,4
2025-04-26,Shorts,Pants,22,30,236,660,0,5,4
2025-04-27,Shorts,Pants,23,30,213,690,0,6,4
2025-04-28,Shorts,Pants,25,30,188,750,0,0,4
2025-04-29,Shorts,Pants,25,30,163,750,0,1,4
2025-04-30,Shorts,Pants,21,30,142,630,0,2,4
2025-05-01,Shorts,Pants,21,30,121,630,0,3,5
2025-05-02,Shorts,Pants,36,30,85,1080,1,4,5
2025-05-03,Shorts,Pants,28,30,427,840,0,5,5
2025-05-04,Shorts,Pants,23,30,404,690,0,6,5
2025-05-05,Shorts,Pants,23,30,381,690,0,0,5
2025-05-06,Shorts,Pants,24,30,357,720,0,1,5
2025-05-07,Shorts,Pants,20,30,337,600,0,2,5
2025-05-08,Shorts,Pants,20,30,317,600,0,3,5
2025-05-09,Shorts,Pants,25,30,292,750,1,4,5
2025-05-10,Shorts,Pants,39,30,253,1170,1,5,5
2025-05-11,Shorts,Pants,25,30,228,750,0,6,5
2025-05-12,Shorts,Pants,20,30,208,600,0,0,5
2025-05-13,Shorts,Pants,22,30,186,660,0,1,5
2025-05-14,Shorts,Pants,19,30,167,570,0,2,5
2025-05-15,Shorts,Pants,23,30,144,690,0,3,5
2025-05-16,Shorts,Pants,21,30,123,630,0,4,5
2025-05-17,Shorts,Pants,37,30,86,1110,1,5,5
2025-05-18,Shorts,Pants,26,30,305,780,0,6,5
2025-05-19,Shorts,Pants,24,30,281,720,0,0,5
2025-05-20,Shorts,Pants,20,30,261,600,0,1,5
2025-05-21,Shorts,Pants,22,30,239,660,0,2,5
2025-05-22,Shorts,Pants,21,30,218,630,0,3,5
2025-05-23,Shorts,Pants,26,30,192,780,0,4,5
2025-05-24,Shorts,Pants,30,30,162,900,0,5,5
2025-05-25,Shorts,Pants,29,30,133,870,0,6,5
2025-05-26,Shorts,Pants,24,30,109,720,0,0,5
2025-05-27,Shorts,Pants,23,30,86,690,0,1,5
2025-05-28,Shorts,Pants,19,30,364,570,0,2,5
2025-05-29,Shorts,Pants,20,30,344,600,0,3,5
2025-05-30,Shorts,Pants,26,30,318,780,0,4,5
2025-05-31,Shorts,Pants,31,30,287,930,0,5,5
2025-06-01,Shorts,Pants,19,30,268,570,0,6,6
2025-06-02,Shorts,Pants,23,30,245,690,0,0,6
2025-06-03,Shorts,Pants,19,30,226,570,0,1,6
2025-06-04,Shorts,Pants,22,30,204,660,0,2,6
2025-06-05,Shorts,Pants,29,30,175,870,0,3,6
2025-06-06,Shorts,Pants,25,30,150,750,0,4,6
2025-06-07,Shorts,Pants,31,30,119,930,0,5,6
2025-06-08,Shorts,Pants,28,30,91,840,0,6,6
2025-06-09,Shorts,Pants,26,30,363,780,0,0,6
2025-06-10,Shorts,Pants,23,30,340,690,0,1,6
2025-06-11,Shorts,Pants,21,30,319,630,0,2,6
2025-06-12,Shorts,Pants,23,30,296,690,0,3,6
2025-06-13,Shorts,Pants,20,30,276,600,0,4,6
2025-06-14,Shorts,Pants,33,30,243,990,0,5,6
2025-06-15,Shorts,Pants,30,30,213,900,0,6,6
2025-06-16,Shorts,Pants,31,30,182,930,1,0,6
2025-06-17,Shorts,Pants,29,30,153,870,1,1,6
2025-06-18,Shorts,Pants,22,30,131,660,0,2,6
2025-06-19,Shorts,Pants,19,30,112,570,0,3,6
2025-06-20,Shorts,Pants,27,30,85,810,0,4,6
2025-06-21,Shorts,Pants,30,30,281,900,0,5,6
2025-06-22,Shorts,Pants,28,30,253,840,0,6,6
2025-06-23,Shorts,Pants,21,30,232,630,0,0,6
2025-06-24,Shorts,Pants,23,30,209,690,0,1,6
2025-06-25,Shorts,Pants,23,30,186,690,0,2,6
2025-06-26,Shorts,Pants,18,30,168,540,0,3,6
2025-06-27,Shorts,Pants,20,30,148,600,0,4,6
2025-06-28,Shorts,Pants,24,30,124,720,0,5,6
2025-06-29,Shorts,Pants,28,30,96,840,0,6,6
2025-06-30,Shorts,Pants,29,30,314,870,0,0,6
2025-07-01,Shorts,Pants,20,30,294,600,0,1,7
2025-07-02,Shorts,Pants,25,30,269,750,0,2,7
2025-07-03,Shorts,Pants,22,30,247,660,0,3,7
2025-07-04,Shorts,Pants,19,30,228,570,0,4,7
2025-07-05,Shorts,Pants,28,30,200,840,0,5,7
2025-07-06,Shorts,Pants,28,30,172,840,0,6,7
2025-07-07,Shorts,Pants,26,30,146,780,0,0,7
2025-07-08,Shorts,Pants,22,30,124,660,0,1,7
2025-07-09,Shorts,Pants,29,30,95,870,0,2,7
2025-07-10,Shorts,Pants,24,30,328,720,0,3,7
2025-07-11,Shorts,Pants,20,30,308,600,0,4,7
2025-07-12,Shorts,Pants,30,30,278,900,0,5,7
2025-07-13,Shorts,Pants,34,30,244,1020,1,6,7
2025-07-14,Shorts,Pants,24,30,220,720,0,0,7
2025-07-15,Shorts,Pants,26,30,194,780,1,1,7
2025-07-16,Shorts,Pants,23,30,171,690,0,2,7
2025-07-17,Shorts,Pants,26,30,145,780,0,3,7
2025-07-18,Shorts,Pants,19,30,126,570,0,4,7
2025-07-19,Shorts,Pants,23,30,103,690,0,5,7
2025-07-20,Shorts,Pants,35,30,434,1050,1,6,7
2025-07-21,Shorts,Pants,19,30,415,570,0,0,7
2025-07-22,Shorts,Pants,22,30,393,660,0,1,7
2025-07-23,Shorts,Pants,22,30,371,660,0,2,7
2025-07-24,Shorts,Pants,22,30,349,660,0,3,7
2025-07-25,Shorts,Pants,20,30,329,600,0,4,7
2025-07-26,Shorts,Pants,23,30,306,690,0,5,7
2025-07-27,Shorts,Pants,26,30,280,780,0,6,7
2025-07-28,Shorts,Pants,24,30,256,720,0,0,7
2025-07-29,Shorts,Pants,23,30,233,690,0,1,7
2025-07-30,Shorts,Pants,22,30,211,660,0,2,7
2025-07-31,Shorts,Pants,19,30,192,570,0,3,7
2025-08-01,Shorts,Pants,17,30,175,510,0,4,8
2025-08-02,Shorts,Pants,29,30,146,870,0,5,8
2025-08-03,Shorts,Pants,29,30,117,870,0,6,8
2025-08-04,Shorts,Pants,22,30,95,660,0,0,8
2025-08-05,Shorts,Pants,25,30,370,750,0,1,8
2025-08-06,Shorts,Pants,22,30,348,660,0,2,8
2025-08-07,Shorts,Pants,17,30,331,510,0,3,8
2025-08-08,Shorts,Pants,23,30,308,690,0,4,8
2025-08-09,Shorts,Pants,31,30,277,930,0,5,8
2025-08-10,Shorts,Pants,31,30,246,930,0,6,8
2025-08-11,Shorts,Pants,28,30,218,840,0,0,8
2025-08-12,Shorts,Pants,20,30,198,600,0,1,8
2025-08-13,Shorts,Pants,19,30,179,570,0,2,8
2025-08-14,Shorts,Pants,15,30,164,450,0,3,8
2025-08-15,Shorts,Pants,21,30,143,630,0,4,8
2025-08-16,Shorts,Pants,33,30,110,990,0,5,8
2025-08-17,Shorts,Pants,29,30,81,870,0,6,8
2025-08-18,Shorts,Pants,24,30,397,720,0,0,8
2025-08-19,Shorts,Pants,21,30,376,630,0,1,8
2025-08-20,Shorts,Pants,27,30,349,810,0,2,8
2025-08-21,Shorts,Pants,25,30,324,750,0,3,8
2025-08-22,Shorts,Pants,20,30,304,600,0,4,8
2025-08-23,Shorts,Pants,38,30,266,1140,1,5,8
2025-08-24,Shorts,Pants,28,30,238,840,0,6,8
2025-08-25,Shorts,Pants,35,30,203,1050,1,0,8
2025-08-26,Shorts,Pants,22,30,181,660,0,1,8
2025-08-27,Shorts,Pants,19,30,162,570,0,2,8
2025-08-28,Shorts,Pants,29,30,133,870,1,3,8
2025-08-29,Shorts,Pants,28,30,105,840,0,4,8
2025-08-30,Shorts,Pants,32,30,449,960,0,5,8
2025-08-31,Shorts,Pants,24,30,425,720,0,6,8
2025-09-01,Shorts,Pants,26,30,399,780,0,0,9
2025-09-02,Shorts,Pants,22,30,377,660,0,1,9
2025-09-03,Shorts,Pants,24,30,353,720,0,2,9
2025-09-04,Shorts,Pants,24,30,329,720,1,3,9
2025-09-05,Shorts,Pants,33,30,296,990,1,4,9
2025-09-06,Shorts,Pants,30,30,266,900,0,5,9
2025-09-07,Shorts,Pants,27,30,239,810,0,6,9
2025-09-08,Shorts,Pants,24,30,215,720,0,0,9
2025-09-09,Shorts,Pants,23,30,192,690,0,1,9
2025-09-10,Shorts,Pants,19,30,173,570,0,2,9
2025-09-11,Shorts,Pants,23,30,150,690,0,3,9
2025-09-12,Shorts,Pants,34,30,116,1020,1,4,9
2025-09-13,Shorts,Pants,28,30,88,840,0,5,9
2025-09-14,Shorts,Pants,33,30,351,990,0,6,9
2025-09-15,Shorts,Pants,18,30,333,540,0,0,9
2025-09-16,Shorts,Pants,29,30,304,870,0,1,9
2025-09-17,Shorts,Pants,25,30,279,750,1,2,9
2025-09-18,Shorts,Pants,28,30,251,840,1,3,9
2025-09-19,Shorts,Pants,22,30,229,660,0,4,9
2025-09-20,Shorts,Pants,34,30,195,1020,0,5,9
2025-09-21,Shorts,Pants,31,30,164,930,0,6,9
2025-09-22,Shorts,Pants,24,30,140,720,0,0,9
2025-09-23,Shorts,Pants,20,30,120,600,0,1,9
2025-09-24,Shorts,Pants,22,30,98,660,0,2,9
2025-09-25,Shorts,Pants,21,30,449,630,0,3,9
2025-09-26,Shorts,Pants,25,30,424,750,0,4,9
2025-09-27,Shorts,Pants,24,30,400,720,0,5,9
2025-09-28,Shorts,Pants,42,30,358,1260,1,6,9
2025-09-29,Shorts,Pants,22,30,336,660,0,0,9
2025-09-30,Shorts,Pants,32,30,304,960,1,1,9
2025-10-01,Shorts,Pants,19,30,285,570,0,2,10
2025-10-02,Shorts,Pants,22,30,263,660,0,3,10
2025-10-03,Shorts,Pants,14,30,249,420,0,4,10
2025-10-04,Shorts,Pants,25,30,224,750,0,5,10
2025-10-05,Shorts,Pants,24,30,200,720,0,6,10
2025-10-06,Shorts,Pants,24,30,176,720,0,0,10
2025-10-07,Shorts,Pants,29,30,147,870,1,1,10
2025-10-08,Shorts,Pants,17,30,130,510,0,2,10
2025-10-09,Shorts,Pants,19,30,111,570,0,3,10
2025-10-10,Shorts,Pants,24,30,87,720,0,4,10
2025-10-11,Shorts,Pants,25,30,321,750,0,5,10
2025-10-12,Shorts,Pants,27,30,294,810,0,6,10
2025-10-13,Shorts,Pants,20,30,274,600,0,0,10
2025-10-14,Shorts,Pants,22,30,252,660,0,1,10
2025-10-15,Shorts,Pants,21,30,231,630,0,2,10
2025-10-16,Shorts,Pants,28,30,203,840,0,3,10
2025-10-17,Shorts,Pants,26,30,177,780,0,4,10
2025-10-18,Shorts,Pants,30,30,147,900,0,5,10
2025-10-19,Shorts,Pants,31,30,116,930,0,6,10
2025-10-20,Shorts,Pants,27,30,89,810,1,0,10
2025-10-21,Shorts,Pants,24,30,268,720,0,1,10
2025-10-22,Shorts,Pants,23,30,245,690,0,2,10
2025-10-23,Shorts,Pants,28,30,217,840,0,3,10
2025-10-24,Shorts,Pants,30,30,187,900,1,4,10
2025-10-25,Shorts,Pants,32,30,155,960,0,5,10
2025-10-26,Shorts,Pants,24,30,131,720,0,6,10
2025-10-27,Shorts,Pants,20,30,111,600,0,0,10
2025-10-28,Shorts,Pants,32,30,293,960,1,1,10
2025-10-29,Shorts,Pants,23,30,270,690,0,2,10
2025-10-30,Shorts,Pants,33,30,237,990,1,3,10
2025-10-31,Shorts,Pants,22,30,215,660,0,4,10
2025-11-01,Shorts,Pants,41,30,174,1230,0,5,11
2025-11-02,Shorts,Pants,55,30,119,1650,1,6,11
2025-11-03,Shorts,Pants,41,30,318,1230,1,0,11
2025-11-04,Shorts,Pants,39,30,279,1170,1,1,11
2025-11-05,Shorts,Pants,26,30,253,780,0,2,11
2025-11-06,Shorts,Pants,30,30,223,900,0,3,11
2025-11-07,Shorts,Pants,40,30,183,1200,0,4,11
2025-11-08,Shorts,Pants,41,30,142,1230,0,5,11
2025-11-09,Shorts,Pants,41,30,101,1230,0,6,11
2025-11-10,Shorts,Pants,29,30,417,870,0,0,11
2025-11-11,Shorts,Pants,25,30,392,750,0,1,11
2025-11-12,Shorts,Pants,33,30,359,990,0,2,11
2025-11-13,Shorts,Pants,27,30,332,810,0,3,11
2025-11-14,Shorts,Pants,43,30,289,1290,1,4,11
2025-11-15,Shorts,Pants,45,30,244,1350,0,5,11
2025-11-16,Shorts,Pants,33,30,211,990,0,6,11
2025-11-17,Shorts,Pants,39,30,172,1170,1,0,11
2025-11-18,Shorts,Pants,31,30,141,930,0,1,11
2025-11-19,Shorts,Pants,38,30,103,1140,0,2,11
2025-11-20,Shorts,Pants,32,30,338,960,0,3,11
2025-11-21,Shorts,Pants,29,30,309,870,0,4,11
2025-11-22,Shorts,Pants,42,30,267,1260,0,5,11
2025-11-23,Shorts,Pants,40,30,227,1200,0,6,11
2025-11-24,Shorts,Pants,35,30,192,1050,0,0,11
2025-11-25,Shorts,Pants,28,30,164,840,0,1,11
2025-11-26,Shorts,Pants,41,30,123,1230,1,2,11
2025-11-27,Shorts,Pants,33,30,90,990,0,3,11
2025-11-28,Shorts,Pants,38,30,255,1140,0,4,11
2025-11-29,Shorts,Pants,38,30,217,1140,0,5,11
2025-11-30,Shorts,Pants,32,30,185,960,0,6,11
2025-12-01,Shorts,Pants,28,30,157,840,0,0,12
2025-12-02,Shorts,Pants,43,30,114,1290,1,1,12
2025-12-03,Shorts,Pants,49,30,406,1470,1,2,12
2025-12-04,Shorts,Pants,31,30,375,930,0,3,12
2025-12-05,Shorts,Pants,34,30,341,1020,1,4,12
2025-12-06,Shorts,Pants,38,30,303,1140,0,5,12
2025-12-07,Shorts,Pants,50,30,253,1500,1,6,12
2025-12-08,Shorts,Pants,34,30,219,1020,0,0,12
2025-12-09,Shorts,Pants,34,30,185,1020,0,1,12
2025-12-10,Shorts,Pants,27,30,158,810,0,2,12
2025-12-11,Shorts,Pants,42,30,116,1260,1,3,12
2025-12-12,Shorts,Pants,40,30,311,1200,1,4,12
2025-12-13,Shorts,Pants,44,30,267,1320,0,5,12
2025-12-14,Shorts,Pants,43,30,224,1290,0,6,12
2025-12-15,Shorts,Pants,36,30,188,1080,0,0,12
2025-12-16,Shorts,Pants,28,30,160,840,0,1,12
2025-12-17,Shorts,Pants,43,30,117,1290,1,2,12
2025-12-18,Shorts,Pants,30,30,87,900,0,3,12
2025-12-19,Shorts,Pants,37,30,359,1110,0,4,12
2025-12-20,Shorts,Pants,37,30,322,1110,0,5,12
2025-12-21,Shorts,Pants,44,30,278,1320,0,6,12
2025-12-22,Shorts,Pants,39,30,239,1170,1,0,12
2025-12-23,Shorts,Pants,38,30,201,1140,1,1,12
2025-12-24,Shorts,Pants,40,30,161,1200,1,2,12
2025-12-25,Shorts,Pants,30,30,131,900,0,3,12
2025-12-26,Shorts,Pants,33,30,98,990,0,4,12
2025-12-27,Shorts,Pants,39,30,336,1170,0,5,12
2025-12-28,Shorts,Pants,42,30,294,1260,0,6,12
2025-12-29,Shorts,Pants,35,30,259,1050,0,0,12
2025-12-30,Shorts,Pants,32,30,227,960,0,1,12
2025-12-31,Shorts,Pants,35,30,192,1050,0,2,12
2025-01-01,Flannel Shirt,Shirts,18,44,322,792,0,2,1
2025-01-02,Flannel Shirt,Shirts,13,44,309,572,0,3,1
2025-01-03,Flannel Shirt,Shirts,22,44,287,968,1,4,1
2025-01-04,Flannel Shirt,Shirts,20,44,267,880,0,5,1
2025-01-05,Flannel Shirt,Shirts,13,44,254,572,0,6,1
2025-01-06,Flannel Shirt,Shirts,9,44,245,396,0,0,1
2025-01-07,Flannel Shirt,Shirts,17,44,228,748,0,1,1
2025-01-08,Flannel Shirt,Shirts,22,44,206,968,1,2,1
2025-01-09,Flannel Shirt,Shirts,15,44,191,660,0,3,1
2025-01-10,Flannel Shirt,Shirts,21,44,170,924,0,4,1
2025-01-11,Flannel Shirt,Shirts,24,44,146,1056,1,5,1
2025-01-12,Flannel Shirt,Shirts,20,44,126,880,0,6,1
2025-01-13,Flannel Shirt,Shirts,15,44,111,660,0,0,1
2025-01-14,Flannel Shirt,Shirts,19,44,92,836,1,1,1
2025-01-15,Flannel Shirt,Shirts,17,44,404,748,0,2,1
2025-01-16,Flannel Shirt,Shirts,12,44,392,528,0,3,1
2025-01-17,Flannel Shirt,Shirts,14,44,378,616,0,4,1
2025-01-18,Flannel Shirt,Shirts,16,44,362,704,0,5,1
2025-01-19,Flannel Shirt,Shirts,18,44,344,792,0,6,1
2025-01-20,Flannel Shirt,Shirts,16,44,328,704,0,0,1
2025-01-21,Flannel Shirt,Shirts,21,44,307,924,0,1,1
2025-01-22,Flannel Shirt,Shirts,18,44,289,792,1,2,1
2025-01-23,Flannel Shirt,Shirts,16,44,273,704,0,3,1
2025-01-24,Flannel Shirt,Shirts,13,44,260,572,1,4,1
2025-01-25,Flannel Shirt,Shirts,17,44,243,748,0,5,1
2025-01-26,Flannel Shirt,Shirts,20,44,223,880,0,6,1
2025-01-27,Flannel Shirt,Shirts,13,44,210,572,0,0,1
2025-01-28,Flannel Shirt,Shirts,11,44,199,484,0,1,1
2025-01-29,Flannel Shirt,Shirts,21,44,178,924,0,2,1
2025-01-30,Flannel Shirt,Shirts,12,44,166,528,0,3,1
2025-01-31,Flannel Shirt,Shirts,14,44,152,616,0,4,1
2025-02-01,Flannel Shirt,Shirts,15,44,137,660,0,5,2
2025-02-02,Flannel Shirt,Shirts,20,44,117,880,0,6,2
2025-02-03,Flannel Shirt,Shirts,15,44,102,660,0,0,2
2025-02-04,Flannel Shirt,Shirts,10,44,92,440,0,1,2
2025-02-05,Flannel Shirt,Shirts,19,44,287,836,1,2,2
2025-02-06,Flannel Shirt,Shirts,16,44,271,704,0,3,2
2025-02-07,Flannel Shirt,Shirts,13,44,258,572,0,4,2
2025-02-08,Flannel Shirt,Shirts,17,44,241,748,0,5,2
2025-02-09,Flannel Shirt,Shirts,21,44,220,924,1,6,2
2025-02-10,Flannel Shirt,Shirts,10,44,210,440,0,0,2
2025-02-11,Flannel Shirt,Shirts,17,44,193,748,0,1,2
2025-02-12,Flannel Shirt,Shirts,14,44,179,616,0,2,2
2025-02-13,Flannel Shirt,Shirts,16,44,163,704,0,3,2
2025-02-14,Flannel Shirt,Shirts,15,44,148,660,0,4,2
2025-02-15,Flannel Shirt,Shirts,17,44,131,748,0,5,2
2025-02-16,Flannel Shirt,Shirts,12,44,119,528,0,6,2
2025-02-17,Flannel Shirt,Shirts,16,44,103,704,0,0,2
2025-02-18,Flannel Shirt,Shirts,21,44,82,924,1,1,2
2025-02-19,Flannel Shirt,Shirts,16,44,322,704,0,2,2
2025-02-20,Flannel Shirt,Shirts,20,44,302,880,1,3,2
2025-02-21,Flannel Shirt,Shirts,20,44,282,880,0,4,2
2025-02-22,Flannel Shirt,Shirts,15,44,267,660,0,5,2
2025-02-23,Flannel Shirt,Shirts,16,44,251,704,1,6,2
2025-02-24,Flannel Shirt,Shirts,24,44,227,1056,1,0,2
2025-02-25,Flannel Shirt,Shirts,15,44,212,660,1,1,2
2025-02-26,Flannel Shirt,Shirts,14,44,198,616,0,2,2
2025-02-27,Flannel Shirt,Shirts,19,44,179,836,0,3,2
2025-02-28,Flannel Shirt,Shirts,11,44,168,484,0,4,2
2025-03-01,Flannel Shirt,Shirts,28,44,140,1232,1,5,3
2025-03-02,Flannel Shirt,Shirts,28,44,112,1232,1,6,3
2025-03-03,Flannel Shirt,Shirts,18,44,94,792,0,0,3
2025-03-04,Flannel Shirt,Shirts,14,44,80,616,0,1,3
2025-03-05,Flannel Shirt,Shirts,19,44,409,836,1,2,3
2025-03-06,Flannel Shirt,Shirts,16,44,393,704,0,3,3
2025-03-07,Flannel Shirt,Shirts,21,44,372,924,1,4,3
2025-03-08,Flannel Shirt,Shirts,16,44,356,704,0,5,3
2025-03-09,Flannel Shirt,Shirts,12,44,344,528,0,6,3
2025-03-10,Flannel Shirt,Shirts,18,44,326,792,1,0,3
2025-03-11,Flannel Shirt,Shirts,19,44,307,836,1,1,3
2025-03-12,Flannel Shirt,Shirts,14,44,293,616,0,2,3
2025-03-13,Flannel Shirt,Shirts,13,44,280,572,0,3,3
2025-03-14,Flannel Shirt,Shirts,22,44,258,968,1,4,3
2025-03-15,Flannel Shirt,Shirts,22,44,236,968,0,5,3
2025-03-16,Flannel Shirt,Shirts,22,44,214,968,0,6,3
2025-03-17,Flannel Shirt,Shirts,16,44,198,704,0,0,3
2025-03-18,Flannel Shirt,Shirts,16,44,182,704,0,1,3
2025-03-19,Flannel Shirt,Shirts,12,44,170,528,0,2,3
2025-03-20,Flannel Shirt,Shirts,14,44,156,616,0,3,3
2025-03-21,Flannel Shirt,Shirts,15,44,141,660,0,4,3
2025-03-22,Flannel Shirt,Shirts,25,44,116,1100,1,5,3
2025-03-23,Flannel Shirt,Shirts,19,44,97,836,0,6,3
2025-03-24,Flannel Shirt,Shirts,15,44,82,660,0,0,3
2025-03-25,Flannel Shirt,Shirts,16,44,446,704,0,1,3
2025-03-26,Flannel Shirt,Shirts,15,44,431,660,0,2,3
2025-03-27,Flannel Shirt,Shirts,11,44,420,484,0,3,3
2025-03-28,Flannel Shirt,Shirts,12,44,408,528,0,4,3
2025-03-29,Flannel Shirt,Shirts,27,44,381,1188,1,5,3
2025-03-30,Flannel Shirt,Shirts,21,44,360,924,0,6,3
2025-03-31,Flannel Shirt,Shirts,15,44,345,660,0,0,3
2025-04-01,Flannel Shirt,Shirts,13,44,332,572,0,1,4
2025-04-02,Flannel Shirt,Shirts,17,44,315,748,0,2,4
2025-04-03,Flannel Shirt,Shirts,17,44,298,748,0,3,4
2025-04-04,Flannel Shirt,Shirts,18,44,280,792,0,4,4
2025-04-05,Flannel Shirt,Shirts,20,44,260,880,0,5,4
2025-04-06,Flannel Shirt,Shirts,24,44,236,1056,1,6,4
2025-04-07,Flannel Shirt,Shirts,14,44,222,616,0,0,4
2025-04-08,Flannel Shirt,Shirts,17,44,205,748,0,1,4
2025-04-09,Flannel Shirt,Shirts,13,44,192,572,0,2,4
2025-04-10,Flannel Shirt,Shirts,14,44,178,616,0,3,4
2025-04-11,Flannel Shirt,Shirts,17,44,161,748,1,4,4
2025-04-12,Flannel Shirt,Shirts,16,44,145,704,0,5,4
2025-04-13,Flannel Shirt,Shirts,18,44,127,792,0,6,4
2025-04-14,Flannel Shirt,Shirts,12,44,115,528,0,0,4
2025-04-15,Flannel Shirt,Shirts,11,44,104,484,0,1,4
2025-04-16,Flannel Shirt,Shirts,11,44,93,484,0,2,4
2025-04-17,Flannel Shirt,Shirts,19,44,466,836,0,3,4
2025-04-18,Flannel Shirt,Shirts,11,44,455,484,0,4,4
2025-04-19,Flannel Shirt,Shirts,20,44,435,880,0,5,4
2025-04-20,Flannel Shirt,Shirts,18,44,417,792,0,6,4
2025-04-21,Flannel Shirt,Shirts,18,44,399,792,0,0,4
2025-04-22,Flannel Shirt,Shirts,14,44,385,616,0,1,4
2025-04-23,Flannel Shirt,Shirts,15,44,370,660,0,2,4
2025-04-24,Flannel Shirt,Shirts,14,44,356,616,0,3,4
2025-04-25,Flannel Shirt,Shirts,19,44,337,836,0,4,4
2025-04-26,Flannel Shirt,Shirts,19,44,318,836,0,5,4
2025-04-27,Flannel Shirt,Shirts,22,44,296,968,0,6,4
2025-04-28,Flannel Shirt,Shirts,18,44,278,792,1,0,4
2025-04-29,Flannel Shirt,Shirts,21,44,257,924,1,1,4
2025-04-30,Flannel Shirt,Shirts,17,44,240,748,0,2,4
2025-05-01,Flannel Shirt,Shirts,14,44,226,616,0,3,5
2025-05-02,Flannel Shirt,Shirts,17,44,209,748,0,4,5
2025-05-03,Flannel Shirt,Shirts,14,44,195,616,0,5,5
2025-05-04,Flannel Shirt,Shirts,19,44,176,836,0,6,5
2025-05-05,Flannel Shirt,Shirts,17,44,159,748,0,0,5
2025-05-06,Flannel Shirt,Shirts,17,44,142,748,1,1,5
2025-05-07,Flannel Shirt,Shirts,13,44,129,572,0,2,5
2025-05-08,Flannel Shirt,Shirts,11,44,118,484,0,3,5
2025-05-09,Flannel Shirt,Shirts,12,44,106,528,0,4,5
2025-05-10,Flannel Shirt,Shirts,16,44,90,704,0,5,5
2025-05-11,Flannel Shirt,Shirts,21,44,288,924,0,6,5
2025-05-12,Flannel Shirt,Shirts,15,44,273,660,1,0,5
2025-05-13,Flannel Shirt,Shirts,16,44,257,704,0,1,5
2025-05-14,Flannel Shirt,Shirts,15,44,242,660,0,2,5
2025-05-15,Flannel Shirt,Shirts,13,44,229,572,0,3,5
2025-05-16,Flannel Shirt,Shirts,14,44,215,616,1,4,5
2025-05-17,Flannel Shirt,Shirts,23,44,192,1012,1,5,5
2025-05-18,Flannel Shirt,Shirts,21,44,171,924,0,6,5
2025-05-19,Flannel Shirt,Shirts,13,44,158,572,0,0,5
2025-05-20,Flannel Shirt,Shirts,12,44,146,528,0,1,5
2025-05-21,Flannel Shirt,Shirts,14,44,132,616,0,2,5
2025-05-22,Flannel Shirt,Shirts,10,44,122,440,0,3,5
2025-05-23,Flannel Shirt,Shirts,17,44,105,748,0,4,5
2025-05-24,Flannel Shirt,Shirts,24,44,81,1056,1,5,5
2025-05-25,Flannel Shirt,Shirts,19,44,269,836,0,6,5
2025-05-26,Flannel Shirt,Shirts,16,44,253,704,0,0,5
2025-05-27,Flannel Shirt,Shirts,19,44,234,836,1,1,5
2025-05-28,Flannel Shirt,Shirts,12,44,222,528,0,2,5
2025-05-29,Flannel Shirt,Shirts,21,44,201,924,0,3,5
2025-05-30,Flannel Shirt,Shirts,23,44,178,1012,1,4,5
2025-05-31,Flannel Shirt,Shirts,24,44,154,1056,0,5,5
2025-06-01,Flannel Shirt,Shirts,22,44,132,968,0,6,6
2025-06-02,Flannel Shirt,Shirts,19,44,113,836,0,0,6
2025-06-03,Flannel Shirt,Shirts,17,44,96,748,0,1,6
2025-06-04,Flannel Shirt,Shirts,23,44,333,1012,1,2,6
2025-06-05,Flannel Shirt,Shirts,8,44,325,352,0,3,6
2025-06-06,Flannel Shirt,Shirts,18,44,307,792,0,4,6
2025-06-07,Flannel Shirt,Shirts,23,44,284,1012,0,5,6
2025-06-08,Flannel Shirt,Shirts,29,44,255,1276,1,6,6
2025-06-09,Flannel Shirt,Shirts,20,44,235,880,0,0,6
2025-06-10,Flannel Shirt,Shirts,19,44,216,836,0,1,6
2025-06-11,Flannel Shirt,Shirts,21,44,195,924,0,2,6
2025-06-12,Flannel Shirt,Shirts,17,44,178,748,0,3,6
2025-06-13,Flannel Shirt,Shirts,23,44,155,1012,0,4,6
2025-06-14,Flannel Shirt,Shirts,19,44,136,836,0,5,6
2025-06-15,Flannel Shirt,Shirts,22,44,114,968,0,6,6
2025-06-16,Flannel Shirt,Shirts,17,44,97,748,0,0,6
2025-06-17,Flannel Shirt,Shirts,19,44,376,836,0,1,6
2025-06-18,Flannel Shirt,Shirts,15,44,361,660,0,2,6
2025-06-19,Flannel Shirt,Shirts,20,44,341,880,0,3,6
2025-06-20,Flannel Shirt,Shirts,16,44,325,704,0,4,6
2025-06-21,Flannel Shirt,Shirts,34,44,291,1496,1,5,6
2025-06-22,Flannel Shirt,Shirts,21,44,270,924,0,6,6
2025-06-23,Flannel Shirt,Shirts,17,44,253,748,0,0,6
2025-06-24,Flannel Shirt,Shirts,13,44,240,572,0,1,6
2025-06-25,Flannel Shirt,Shirts,14,44,226,616,0,2,6
2025-06-26,Flannel Shirt,Shirts,20,44,206,880,0,3,6
2025-06-27,Flannel Shirt,Shirts,17,44,189,748,0,4,6
2025-06-28,Flannel Shirt,Shirts,22,44,167,968,0,5,6
2025-06-29,Flannel Shirt,Shirts,26,44,141,1144,0,6,6
2025-06-30,Flannel Shirt,Shirts,19,44,122,836,0,0,6
2025-07-01,Flannel Shirt,Shirts,14,44,108,616,0,1,7
2025-07-02,Flannel Shirt,Shirts,21,44,87,924,0,2,7
2025-07-03,Flannel Shirt,Shirts,21,44,463,924,0,3,7
2025-07-04,Flannel Shirt,Shirts,17,44,446,748,0,4,7
2025-07-05,Flannel Shirt,Shirts,21,44,425,924,0,5,7
2025-07-06,Flannel Shirt,Shirts,36,44,389,1584,1,6,7
2025-07-07,Flannel Shirt,Shirts,20,44,369,880,0,0,7
2025-07-08,Flannel Shirt,Shirts,15,44,354,660,0,1,7
2025-07-09,Flannel Shirt,Shirts,16,44,338,704,0,2,7
2025-07-10,Flannel Shirt,Shirts,18,44,320,792,0,3,7
2025-07-11,Flannel Shirt,Shirts,13,44,307,572,0,4,7
2025-07-12,Flannel Shirt,Shirts,24,44,283,1056,0,5,7
2025-07-13,Flannel Shirt,Shirts,21,44,262,924,0,6,7
2025-07-14,Flannel Shirt,Shirts,13,44,249,572,0,0,7
2025-07-15,Flannel Shirt,Shirts,22,44,227,968,0,1,7
2025-07-16,Flannel Shirt,Shirts,23,44,204,1012,0,2,7
2025-07-17,Flannel Shirt,Shirts,12,44,192,528,0,3,7
2025-07-18,Flannel Shirt,Shirts,16,44,176,704,0,4,7
2025-07-19,Flannel Shirt,Shirts,22,44,154,968,0,5,7
2025-07-20,Flannel Shirt,Shirts,30,44,124,1320,1,6,7
2025-07-21,Flannel Shirt,Shirts,20,44,104,880,0,0,7
2025-07-22,Flannel Shirt,Shirts,17,44,87,748,0,1,7
2025-07-23,Flannel Shirt,Shirts,20,44,397,880,0,2,7
2025-07-24,Flannel Shirt,Shirts,29,44,368,1276,1,3,7
2025-07-25,Flannel Shirt,Shirts,19,44,349,836,0,4,7
2025-07-26,Flannel Shirt,Shirts,19,44,330,836,0,5,7
2025-07-27,Flannel Shirt,Shirts,17,44,313,748,0,6,7
2025-07-28,Flannel Shirt,Shirts,21,44,292,924,1,0,7
2025-07-29,Flannel Shirt,Shirts,22,44,270,968,1,1,7
2025-07-30,Flannel Shirt,Shirts,17,44,253,748,0,2,7
2025-07-31,Flannel Shirt,Shirts,17,44,236,748,0,3,7
2025-08-01,Flannel Shirt,Shirts,18,44,218,792,0,4,8
2025-08-02,Flannel Shirt,Shirts,23,44,195,1012,0,5,8
2025-08-03,Flannel Shirt,Shirts,21,44,174,924,0,6,8
2025-08-04,Flannel Shirt,Shirts,15,44,159,660,0,0,8
2025-08-05,Flannel Shirt,Shirts,19,44,140,836,0,1,8
2025-08-06,Flannel Shirt,Shirts,20,44,120,880,0,2,8
2025-08-07,Flannel Shirt,Shirts,16,44,104,704,0,3,8
2025-08-08,Flannel Shirt,Shirts,24,44,80,1056,0,4,8
2025-08-09,Flannel Shirt,Shirts,27,44,304,1188,0,5,8
2025-08-10,Flannel Shirt,Shirts,24,44,280,1056,0,6,8
2025-08-11,Flannel Shirt,Shirts,18,44,262,792,0,0,8
2025-08-12,Flannel Shirt,Shirts,16,44,246,704,0,1,8
2025-08-13,Flannel Shirt,Shirts,20,44,226,880,1,2,8
2025-08-14,Flannel Shirt,Shirts,17,44,209,748,0,3,8
2025-08-15,Flannel Shirt,Shirts,15,44,194,660,0,4,8
2025-08-16,Flannel Shirt,Shirts,29,44,165,1276,1,5,8
2025-08-17,Flannel Shirt,Shirts,23,44,142,1012,1,6,8
2025-08-18,Flannel Shirt,Shirts,20,44,122,880,0,0,8
2025-08-19,Flannel Shirt,Shirts,6,44,116,264,0,1,8
2025-08-20,Flannel Shirt,Shirts,17,44,99,748,0,2,8
2025-08-21,Flannel Shirt,Shirts,19,44,80,836,0,3,8
2025-08-22,Flannel Shirt,Shirts,21,44,287,924,0,4,8
2025-08-23,Flannel Shirt,Shirts,21,44,266,924,0,5,8
2025-08-24,Flannel Shirt,Shirts,33,44,233,1452,1,6,8
2025-08-25,Flannel Shirt,Shirts,19,44,214,836,0,0,8
2025-08-26,Flannel Shirt,Shirts,23,44,191,1012,0,1,8
2025-08-27,Flannel Shirt,Shirts,25,44,166,1100,1,2,8
2025-08-28,Flannel Shirt,Shirts,21,44,145,924,0,3,8
2025-08-29,Flannel Shirt,Shirts,22,44,123,968,1,4,8
2025-08-30,Flannel Shirt,Shirts,27,44,96,1188,0,5,8
2025-08-31,Flannel Shirt,Shirts,24,44,307,1056,0,6,8
2025-09-01,Flannel Shirt,Shirts,14,44,293,616,0,0,9
2025-09-02,Flannel Shirt,Shirts,12,44,281,528,0,1,9
2025-09-03,Flannel Shirt,Shirts,15,44,266,660,0,2,9
2025-09-04,Flannel Shirt,Shirts,18,44,248,792,0,3,9
2025-09-05,Flannel Shirt,Shirts,19,44,229,836,0,4,9
2025-09-06,Flannel Shirt,Shirts,18,44,211,792,0,5,9
2025-09-07,Flannel Shirt,Shirts,18,44,193,792,0,6,9
2025-09-08,Flannel Shirt,Shirts,8,44,185,352,0,0,9
2025-09-09,Flannel Shirt,Shirts,12,44,173,528,0,1,9
2025-09-10,Flannel Shirt,Shirts,13,44,160,572,0,2,9
2025-09-11,Flannel Shirt,Shirts,14,44,146,616,0,3,9
2025-09-12,Flannel Shirt,Shirts,12,44,134,528,0,4,9
2025-09-13,Flannel Shirt,Shirts,19,44,115,836,0,5,9
2025-09-14,Flannel Shirt,Shirts,19,44,96,836,0,6,9
2025-09-15,Flannel Shirt,Shirts,13,44,83,572,0,0,9
2025-09-16,Flannel Shirt,Shirts,19,44,448,836,1,1,9
2025-09-17,Flannel Shirt,Shirts,14,44,434,616,1,2,9
2025-09-18,Flannel Shirt,Shirts,16,44,418,704,0,3,9
2025-09-19,Flannel Shirt,Shirts,14,44,404,616,0,4,9
2025-09-20,Flannel Shirt,Shirts,18,44,386,792,0,5,9
2025-09-21,Flannel Shirt,Shirts,16,44,370,704,0,6,9
2025-09-22,Flannel Shirt,Shirts,15,44,355,660,1,0,9
2025-09-23,Flannel Shirt,Shirts,16,44,339,704,0,1,9
2025-09-24,Flannel Shirt,Shirts,15,44,324,660,0,2,9
2025-09-25,Flannel Shirt,Shirts,16,44,308,704,0,3,9
2025-09-26,Flannel Shirt,Shirts,17,44,291,748,0,4,9
2025-09-27,Flannel Shirt,Shirts,15,44,276,660,0,5,9
2025-09-28,Flannel Shirt,Shirts,26,44,250,1144,1,6,9
2025-09-29,Flannel Shirt,Shirts,13,44,237,572,0,0,9
2025-09-30,Flannel Shirt,Shirts,14,44,223,616,0,1,9
2025-10-01,Flannel Shirt,Shirts,21,44,202,924,1,2,10
2025-10-02,Flannel Shirt,Shirts,15,44,187,660,0,3,10
2025-10-03,Flannel Shirt,Shirts,15,44,172,660,0,4,10
2025-10-04,Flannel Shirt,Shirts,19,44,153,836,0,5,10
2025-10-05,Flannel Shirt,Shirts,15,44,138,660,0,6,10
2025-10-06,Flannel Shirt,Shirts,17,44,121,748,1,0,10
2025-10-07,Flannel Shirt,Shirts,19,44,102,836,0,1,10
2025-10-08,Flannel Shirt,Shirts,12,44,90,528,0,2,10
2025-10-09,Flannel Shirt,Shirts,19,44,408,836,0,3,10
2025-10-10,Flannel Shirt,Shirts,20,44,388,880,0,4,10
2025-10-11,Flannel Shirt,Shirts,15,44,373,660,0,5,10
2025-10-12,Flannel Shirt,Shirts,18,44,355,792,1,6,10
2025-10-13,Flannel Shirt,Shirts,21,44,334,924,1,0,10
2025-10-14,Flannel Shirt,Shirts,16,44,318,704,0,1,10
2025-10-15,Flannel Shirt,Shirts,19,44,299,836,0,2,10
2025-10-16,Flannel Shirt,Shirts,19,44,280,836,0,3,10
2025-10-17,Flannel Shirt,Shirts,19,44,261,836,0,4,10
2025-10-18,Flannel Shirt,Shirts,17,44,244,748,0,5,10
2025-10-19,Flannel Shirt,Shirts,15,44,229,660,0,6,10
2025-10-20,Flannel Shirt,Shirts,9,44,220,396,0,0,10
2025-10-21,Flannel Shirt,Shirts,18,44,202,792,0,1,10
2025-10-22,Flannel Shirt,Shirts,9,44,193,396,0,2,10
2025-10-23,Flannel Shirt,Shirts,15,44,178,660,0,3,10
2025-10-24,Flannel Shirt,Shirts,22,44,156,968,1,4,10
2025-10-25,Flannel Shirt,Shirts,20,44,136,880,1,5,10
2025-10-26,Flannel Shirt,Shirts,21,44,115,924,1,6,10
2025-10-27,Flannel Shirt,Shirts,23,44,92,1012,1,0,10
2025-10-28,Flannel Shirt,Shirts,16,44,301,704,0,1,10
2025-10-29,Flannel Shirt,Shirts,15,44,286,660,0,2,10
2025-10-30,Flannel Shirt,Shirts,15,44,271,660,0,3,10
2025-10-31,Flannel Shirt,Shirts,15,44,256,660,0,4,10
2025-11-01,Flannel Shirt,Shirts,35,44,221,1540,1,5,11
2025-11-02,Flannel Shirt,Shirts,22,44,199,968,0,6,11
2025-11-03,Flannel Shirt,Shirts,20,44,179,880,0,0,11
2025-11-04,Flannel Shirt,Shirts,18,44,161,792,0,1,11
2025-11-05,Flannel Shirt,Shirts,26,44,135,1144,1,2,11
2025-11-06,Flannel Shirt,Shirts,18,44,117,792,0,3,11
2025-11-07,Flannel Shirt,Shirts,23,44,94,1012,0,4,11
2025-11-08,Flannel Shirt,Shirts,25,44,458,1100,0,5,11
2025-11-09,Flannel Shirt,Shirts,26,44,432,1144,0,6,11
2025-11-10,Flannel Shirt,Shirts,25,44,407,1100,0,0,11
2025-11-11,Flannel Shirt,Shirts,28,44,379,1232,1,1,11
2025-11-12,Flannel Shirt,Shirts,19,44,360,836,0,2,11
2025-11-13,Flannel Shirt,Shirts,21,44,339,924,1,3,11
2025-11-14,Flannel Shirt,Shirts,24,44,315,1056,1,4,11
2025-11-15,Flannel Shirt,Shirts,26,44,289,1144,0,5,11
2025-11-16,Flannel Shirt,Shirts,27,44,262,1188,0,6,11
2025-11-17,Flannel Shirt,Shirts,27,44,235,1188,1,0,11
2025-11-18,Flannel Shirt,Shirts,24,44,211,1056,0,1,11
2025-11-19,Flannel Shirt,Shirts,21,44,190,924,0,2,11
2025-11-20,Flannel Shirt,Shirts,17,44,173,748,0,3,11
2025-11-21,Flannel Shirt,Shirts,19,44,154,836,0,4,11
2025-11-22,Flannel Shirt,Shirts,23,44,131,1012,0,5,11
2025-11-23,Flannel Shirt,Shirts,28,44,103,1232,0,6,11
2025-11-24,Flannel Shirt,Shirts,20,44,83,880,0,0,11
2025-11-25,Flannel Shirt,Shirts,24,44,276,1056,0,1,11
2025-11-26,Flannel Shirt,Shirts,28,44,248,1232,1,2,11
2025-11-27,Flannel Shirt,Shirts,19,44,229,836,0,3,11
2025-11-28,Flannel Shirt,Shirts,20,44,209,880,0,4,11
2025-11-29,Flannel Shirt,Shirts,22,44,187,968,0,5,11
2025-11-30,Flannel Shirt,Shirts,28,44,159,1232,0,6,11
2025-12-01,Flannel Shirt,Shirts,19,44,140,836,0,0,12
2025-12-02,Flannel Shirt,Shirts,31,44,109,1364,1,1,12
2025-12-03,Flannel Shirt,Shirts,20,44,89,880,0,2,12
2025-12-04,Flannel Shirt,Shirts,25,44,360,1100,0,3,12
2025-12-05,Flannel Shirt,Shirts,19,44,341,836,0,4,12
2025-12-06,Flannel Shirt,Shirts,27,44,314,1188,0,5,12
2025-12-07,Flannel Shirt,Shirts,35,44,279,1540,1,6,12
2025-12-08,Flannel Shirt,Shirts,18,44,261,792,0,0,12
2025-12-09,Flannel Shirt,Shirts,22,44,239,968,0,1,12
2025-12-10,Flannel Shirt,Shirts,26,44,213,1144,0,2,12
2025-12-11,Flannel Shirt,Shirts,18,44,195,792,0,3,12
2025-12-12,Flannel Shirt,Shirts,18,44,177,792,0,4,12
2025-12-13,Flannel Shirt,Shirts,31,44,146,1364,1,5,12
2025-12-14,Flannel Shirt,Shirts,26,44,120,1144,0,6,12
2025-12-15,Flannel Shirt,Shirts,24,44,96,1056,1,0,12
2025-12-16,Flannel Shirt,Shirts,22,44,293,968,0,1,12
2025-12-17,Flannel Shirt,Shirts,15,44,278,660,0,2,12
2025-12-18,Flannel Shirt,Shirts,21,44,257,924,0,3,12
2025-12-19,Flannel Shirt,Shirts,19,44,238,836,0,4,12
2025-12-20,Flannel Shirt,Shirts,25,44,213,1100,0,5,12
2025-12-21,Flannel Shirt,Shirts,21,44,192,924,0,6,12
2025-12-22,Flannel Shirt,Shirts,22,44,170,968,0,0,12
2025-12-23,Flannel Shirt,Shirts,25,44,145,1100,0,1,12
2025-12-24,Flannel Shirt,Shirts,21,44,124,924,0,2,12
2025-12-25,Flannel Shirt,Shirts,25,44,99,1100,1,3,12
2025-12-26,Flannel Shirt,Shirts,17,44,82,748,0,4,12
2025-12-27,Flannel Shirt,Shirts,23,44,351,1012,0,5,12
2025-12-28,Flannel Shirt,Shirts,35,44,316,1540,1,6,12
2025-12-29,Flannel Shirt,Shirts,19,44,297,836,0,0,12
2025-12-30,Flannel Shirt,Shirts,19,44,278,836,0,1,12
2025-12-31,Flannel Shirt,Shirts,19,44,259,836,0,2,12
2025-01-01,Formal Shirt,Shirts,23,60,394,1380,0,2,1
2025-01-02,Formal Shirt,Shirts,24,60,370,1440,0,3,1
2025-01-03,Formal Shirt,Shirts,21,60,349,1260,0,4,1
2025-01-04,Formal Shirt,Shirts,31,60,318,1860,0,5,1
2025-01-05,Formal Shirt,Shirts,41,60,277,2460,1,6,1
2025-01-06,Formal Shirt,Shirts,22,60,255,1320,0,0,1
2025-01-07,Formal Shirt,Shirts,27,60,228,1620,1,1,1
2025-01-08,Formal Shirt,Shirts,23,60,205,1380,0,2,1
2025-01-09,Formal Shirt,Shirts,23,60,182,1380,0,3,1
2025-01-10,Formal Shirt,Shirts,29,60,153,1740,1,4,1
2025-01-11,Formal Shirt,Shirts,30,60,123,1800,0,5,1
2025-01-12,Formal Shirt,Shirts,36,60,87,2160,1,6,1
2025-01-13,Formal Shirt,Shirts,19,60,435,1140,0,0,1
2025-01-14,Formal Shirt,Shirts,23,60,412,1380,0,1,1
2025-01-15,Formal Shirt,Shirts,25,60,387,1500,0,2,1
2025-01-16,Formal Shirt,Shirts,18,60,369,1080,0,3,1
2025-01-17,Formal Shirt,Shirts,30,60,339,1800,0,4,1
2025-01-18,Formal Shirt,Shirts,35,60,304,2100,1,5,1
2025-01-19,Formal Shirt,Shirts,30,60,274,1800,0,6,1
2025-01-20,Formal Shirt,Shirts,25,60,249,1500,0,0,1
2025-01-21,Formal Shirt,Shirts,18,60,231,1080,0,1,1
2025-01-22,Formal Shirt,Shirts,15,60,216,900,0,2,1
2025-01-23,Formal Shirt,Shirts,21,60,195,1260,0,3,1
2025-01-24,Formal Shirt,Shirts,28,60,167,1680,1,4,1
2025-01-25,Formal Shirt,Shirts,25,60,142,1500,0,5,1
2025-01-26,Formal Shirt,Shirts,28,60,114,1680,0,6,1
2025-01-27,Formal Shirt,Shirts,29,60,85,1740,1,0,1
2025-01-28,Formal Shirt,Shirts,24,60,345,1440,0,1,1
2025-01-29,Formal Shirt,Shirts,20,60,325,1200,0,2,1
2025-01-30,Formal Shirt,Shirts,22,60,303,1320,0,3,1
2025-01-31,Formal Shirt,Shirts,18,60,285,1080,0,4,1
2025-02-01,Formal Shirt,Shirts,20,60,265,1200,0,5,2
2025-02-02,Formal Shirt,Shirts,31,60,234,1860,0,6,2
2025-02-03,Formal Shirt,Shirts,26,60,208,1560,0,0,2
2025-02-04,Formal Shirt,Shirts,24,60,184,1440,0,1,2
2025-02-05,Formal Shirt,Shirts,29,60,155,1740,1,2,2
2025-02-06,Formal Shirt,Shirts,22,60,133,1320,0,3,2
2025-02-07,Formal Shirt,Shirts,22,60,111,1320,0,4,2
2025-02-08,Formal Shirt,Shirts,39,60,333,2340,1,5,2
2025-02-09,Formal Shirt,Shirts,38,60,295,2280,1,6,2
2025-02-10,Formal Shirt,Shirts,31,60,264,1860,1,0,2
2025-02-11,Formal Shirt,Shirts,21,60,243,1260,0,1,2
2025-02-12,Formal Shirt,Shirts,25,60,218,1500,0,2,2
2025-02-13,Formal Shirt,Shirts,21,60,197,1260,0,3,2
2025-02-14,Formal Shirt,Shirts,18,60,179,1080,0,4,2
2025-02-15,Formal Shirt,Shirts,28,60,151,1680,0,5,2
2025-02-16,Formal Shirt,Shirts,25,60,126,1500,0,6,2
2025-02-17,Formal Shirt,Shirts,21,60,105,1260,0,0,2
2025-02-18,Formal Shirt,Shirts,22,60,83,1320,0,1,2
2025-02-19,Formal Shirt,Shirts,20,60,294,1200,0,2,2
2025-02-20,Formal Shirt,Shirts,25,60,269,1500,0,3,2
2025-02-21,Formal Shirt,Shirts,20,60,249,1200,0,4,2
2025-02-22,Formal Shirt,Shirts,27,60,222,1620,0,5,2
2025-02-23,Formal Shirt,Shirts,26,60,196,1560,0,6,2
2025-02-24,Formal Shirt,Shirts,21,60,175,1260,0,0,2
2025-02-25,Formal Shirt,Shirts,25,60,150,1500,0,1,2
2025-02-26,Formal Shirt,Shirts,21,60,129,1260,0,2,2
2025-02-27,Formal Shirt,Shirts,22,60,107,1320,0,3,2
2025-02-28,Formal Shirt,Shirts,25,60,82,1500,0,4,2
2025-03-01,Formal Shirt,Shirts,29,60,424,1740,0,5,3
2025-03-02,Formal Shirt,Shirts,36,60,388,2160,1,6,3
2025-03-03,Formal Shirt,Shirts,21,60,367,1260,0,0,3
2025-03-04,Formal Shirt,Shirts,20,60,347,1200,0,1,3
2025-03-05,Formal Shirt,Shirts,18,60,329,1080,0,2,3
2025-03-06,Formal Shirt,Shirts,22,60,307,1320,0,3,3
2025-03-07,Formal Shirt,Shirts,33,60,274,1980,1,4,3
2025-03-08,Formal Shirt,Shirts,26,60,248,1560,0,5,3
2025-03-09,Formal Shirt,Shirts,27,60,221,1620,0,6,3
2025-03-10,Formal Shirt,Shirts,22,60,199,1320,0,0,3
2025-03-11,Formal Shirt,Shirts,20,60,179,1200,0,1,3
2025-03-12,Formal Shirt,Shirts,24,60,155,1440,0,2,3
2025-03-13,Formal Shirt,Shirts,28,60,127,1680,1,3,3
2025-03-14,Formal Shirt,Shirts,24,60,103,1440,0,4,3
2025-03-15,Formal Shirt,Shirts,28,60,392,1680,0,5,3
2025-03-16,Formal Shirt,Shirts,40,60,352,2400,1,6,3
2025-03-17,Formal Shirt,Shirts,25,60,327,1500,0,0,3
2025-03-18,Formal Shirt,Shirts,27,60,300,1620,0,1,3
2025-03-19,Formal Shirt,Shirts,23,60,277,1380,0,2,3
2025-03-20,Formal Shirt,Shirts,28,60,249,1680,1,3,3
2025-03-21,Formal Shirt,Shirts,31,60,218,1860,1,4,3
2025-03-22,Formal Shirt,Shirts,26,60,192,1560,0,5,3
2025-03-23,Formal Shirt,Shirts,34,60,158,2040,1,6,3
2025-03-24,Formal Shirt,Shirts,33,60,125,1980,1,0,3
2025-03-25,Formal Shirt,Shirts,19,60,106,1140,0,1,3
2025-03-26,Formal Shirt,Shirts,23,60,83,1380,0,2,3
2025-03-27,Formal Shirt,Shirts,17,60,331,1020,0,3,3
2025-03-28,Formal Shirt,Shirts,17,60,314,1020,0,4,3
2025-03-29,Formal Shirt,Shirts,27,60,287,1620,0,5,3
2025-03-30,Formal Shirt,Shirts,29,60,258,1740,0,6,3
2025-03-31,Formal Shirt,Shirts,34,60,224,2040,1,0,3
2025-04-01,Formal Shirt,Shirts,24,60,200,1440,0,1,4
2025-04-02,Formal Shirt,Shirts,21,60,179,1260,0,2,4
2025-04-03,Formal Shirt,Shirts,18,60,161,1080,0,3,4
2025-04-04,Formal Shirt,Shirts,26,60,135,1560,0,4,4
2025-04-05,Formal Shirt,Shirts,27,60,108,1620,0,5,4
2025-04-06,Formal Shirt,Shirts,29,60,281,1740,0,6,4
2025-04-07,Formal Shirt,Shirts,21,60,260,1260,0,0,4
2025-04-08,Formal Shirt,Shirts,20,60,240,1200,0,1,4
2025-04-09,Formal Shirt,Shirts,25,60,215,1500,0,2,4
2025-04-10,Formal Shirt,Shirts,25,60,190,1500,0,3,4
2025-04-11,Formal Shirt,Shirts,19,60,171,1140,0,4,4
2025-04-12,Formal Shirt,Shirts,28,60,143,1680,0,5,4
2025-04-13,Formal Shirt,Shirts,38,60,105,2280,1,6,4
2025-04-14,Formal Shirt,Shirts,27,60,328,1620,0,0,4
2025-04-15,Formal Shirt,Shirts,20,60,308,1200,0,1,4
2025-04-16,Formal Shirt,Shirts,27,60,281,1620,0,2,4
2025-04-17,Formal Shirt,Shirts,18,60,263,1080,0,3,4
2025-04-18,Formal Shirt,Shirts,21,60,242,1260,0,4,4
2025-04-19,Formal Shirt,Shirts,40,60,202,2400,1,5,4
2025-04-20,Formal Shirt,Shirts,32,60,170,1920,0,6,4
2025-04-21,Formal Shirt,Shirts,23,60,147,1380,0,0,4
2025-04-22,Formal Shirt,Shirts,21,60,126,1260,0,1,4
2025-04-23,Formal Shirt,Shirts,24,60,102,1440,0,2,4
2025-04-24,Formal Shirt,Shirts,21,60,81,1260,0,3,4
2025-04-25,Formal Shirt,Shirts,18,60,307,1080,0,4,4
2025-04-26,Formal Shirt,Shirts,27,60,280,1620,0,5,4
2025-04-27,Formal Shirt,Shirts,25,60,255,1500,0,6,4
2025-04-28,Formal Shirt,Shirts,24,60,231,1440,0,0,4
2025-04-29,Formal Shirt,Shirts,32,60,199,1920,1,1,4
2025-04-30,Formal Shirt,Shirts,26,60,173,1560,0,2,4
2025-05-01,Formal Shirt,Shirts,25,60,148,1500,0,3,5
2025-05-02,Formal Shirt,Shirts,21,60,127,1260,0,4,5
2025-05-03,Formal Shirt,Shirts,24,60,103,1440,0,5,5
2025-05-04,Formal Shirt,Shirts,27,60,450,1620,0,6,5
2025-05-05,Formal Shirt,Shirts,31,60,419,1860,1,0,5
2025-05-06,Formal Shirt,Shirts,23,60,396,1380,0,1,5
2025-05-07,Formal Shirt,Shirts,21,60,375,1260,0,2,5
2025-05-08,Formal Shirt,Shirts,27,60,348,1620,0,3,5
2025-05-09,Formal Shirt,Shirts,32,60,316,1920,1,4,5
2025-05-10,Formal Shirt,Shirts,27,60,289,1620,0,5,5
2025-05-11,Formal Shirt,Shirts,24,60,265,1440,0,6,5
2025-05-12,Formal Shirt,Shirts,23,60,242,1380,0,0,5
2025-05-13,Formal Shirt,Shirts,24,60,218,1440,0,1,5
2025-05-14,Formal Shirt,Shirts,21,60,197,1260,0,2,5
2025-05-15,Formal Shirt,Shirts,24,60,173,1440,0,3,5
2025-05-16,Formal Shirt,Shirts,22,60,151,1320,0,4,5
2025-05-17,Formal Shirt,Shirts,26,60,125,1560,0,5,5
2025-05-18,Formal Shirt,Shirts,29,60,96,1740,0,6,5
2025-05-19,Formal Shirt,Shirts,20,60,406,1200,0,0,5
2025-05-20,Formal Shirt,Shirts,24,60,382,1440,0,1,5
2025-05-21,Formal Shirt,Shirts,21,60,361,1260,0,2,5
2025-05-22,Formal Shirt,Shirts,18,60,343,1080,0,3,5
2025-05-23,Formal Shirt,Shirts,25,60,318,1500,0,4,5
2025-05-24,Formal Shirt,Shirts,33,60,285,1980,0,5,5
2025-05-25,Formal Shirt,Shirts,28,60,257,1680,0,6,5
2025-05-26,Formal Shirt,Shirts,20,60,237,1200,0,0,5
2025-05-27,Formal Shirt,Shirts,25,60,212,1500,0,1,5
2025-05-28,Formal Shirt,Shirts,29,60,183,1740,0,2,5
2025-05-29,Formal Shirt,Shirts,26,60,157,1560,0,3,5
2025-05-30,Formal Shirt,Shirts,23,60,134,1380,0,4,5
2025-05-31,Formal Shirt,Shirts,24,60,110,1440,0,5,5
2025-06-01,Formal Shirt,Shirts,40,60,389,2400,1,6,6
2025-06-02,Formal Shirt,Shirts,39,60,350,2340,1,0,6
2025-06-03,Formal Shirt,Shirts,31,60,319,1860,0,1,6
2025-06-04,Formal Shirt,Shirts,24,60,295,1440,0,2,6
2025-06-05,Formal Shirt,Shirts,27,60,268,1620,0,3,6
2025-06-06,Formal Shirt,Shirts,29,60,239,1740,1,4,6
2025-06-07,Formal Shirt,Shirts,38,60,201,2280,0,5,6
2025-06-08,Formal Shirt,Shirts,37,60,164,2220,0,6,6
2025-06-09,Formal Shirt,Shirts,32,60,132,1920,0,0,6
2025-06-10,Formal Shirt,Shirts,23,60,109,1380,0,1,6
2025-06-11,Formal Shirt,Shirts,37,60,348,2220,1,2,6
2025-06-12,Formal Shirt,Shirts,31,60,317,1860,0,3,6
2025-06-13,Formal Shirt,Shirts,26,60,291,1560,0,4,6
2025-06-14,Formal Shirt,Shirts,30,60,261,1800,0,5,6
2025-06-15,Formal Shirt,Shirts,37,60,224,2220,0,6,6
2025-06-16,Formal Shirt,Shirts,22,60,202,1320,0,0,6
2025-06-17,Formal Shirt,Shirts,30,60,172,1800,0,1,6
2025-06-18,Formal Shirt,Shirts,28,60,144,1680,0,2,6
2025-06-19,Formal Shirt,Shirts,35,60,109,2100,1,3,6
2025-06-20,Formal Shirt,Shirts,26,60,83,1560,0,4,6
2025-06-21,Formal Shirt,Shirts,25,60,258,1500,0,5,6
2025-06-22,Formal Shirt,Shirts,31,60,227,1860,0,6,6
2025-06-23,Formal Shirt,Shirts,26,60,201,1560,0,0,6
2025-06-24,Formal Shirt,Shirts,24,60,177,1440,0,1,6
2025-06-25,Formal Shirt,Shirts,23,60,154,1380,0,2,6
2025-06-26,Formal Shirt,Shirts,29,60,125,1740,0,3,6
2025-06-27,Formal Shirt,Shirts,26,60,99,1560,0,4,6
2025-06-28,Formal Shirt,Shirts,32,60,355,1920,0,5,6
2025-06-29,Formal Shirt,Shirts,31,60,324,1860,0,6,6
2025-06-30,Formal Shirt,Shirts,36,60,288,2160,1,0,6
2025-07-01,Formal Shirt,Shirts,28,60,260,1680,0,1,7
2025-07-02,Formal Shirt,Shirts,39,60,221,2340,1,2,7
2025-07-03,Formal Shirt,Shirts,29,60,192,1740,0,3,7
2025-07-04,Formal Shirt,Shirts,28,60,164,1680,0,4,7
2025-07-05,Formal Shirt,Shirts,38,60,126,2280,0,5,7
2025-07-06,Formal Shirt,Shirts,38,60,88,2280,0,6,7
2025-07-07,Formal Shirt,Shirts,36,60,325,2160,1,0,7
2025-07-08,Formal Shirt,Shirts,26,60,299,1560,0,1,7
2025-07-09,Formal Shirt,Shirts,32,60,267,1920,0,2,7
2025-07-10,Formal Shirt,Shirts,29,60,238,1740,0,3,7
2025-07-11,Formal Shirt,Shirts,31,60,207,1860,0,4,7
2025-07-12,Formal Shirt,Shirts,34,60,173,2040,0,5,7
2025-07-13,Formal Shirt,Shirts,34,60,139,2040,0,6,7
2025-07-14,Formal Shirt,Shirts,32,60,107,1920,1,0,7
2025-07-15,Formal Shirt,Shirts,29,60,395,1740,0,1,7
2025-07-16,Formal Shirt,Shirts,37,60,358,2220,1,2,7
2025-07-17,Formal Shirt,Shirts,23,60,335,1380,0,3,7
2025-07-18,Formal Shirt,Shirts,30,60,305,1800,0,4,7
2025-07-19,Formal Shirt,Shirts,33,60,272,1980,0,5,7
2025-07-20,Formal Shirt,Shirts,33,60,239,1980,0,6,7
2025-07-21,Formal Shirt,Shirts,36,60,203,2160,1,0,7
2025-07-22,Formal Shirt,Shirts,19,60,184,1140,0,1,7
2025-07-23,Formal Shirt,Shirts,35,60,149,2100,1,2,7
2025-07-24,Formal Shirt,Shirts,24,60,125,1440,0,3,7
2025-07-25,Formal Shirt,Shirts,24,60,101,1440,0,4,7
2025-07-26,Formal Shirt,Shirts,32,60,273,1920,0,5,7
2025-07-27,Formal Shirt,Shirts,29,60,244,1740,0,6,7
2025-07-28,Formal Shirt,Shirts,24,60,220,1440,0,0,7
2025-07-29,Formal Shirt,Shirts,31,60,189,1860,0,1,7
2025-07-30,Formal Shirt,Shirts,26,60,163,1560,0,2,7
2025-07-31,Formal Shirt,Shirts,23,60,140,1380,0,3,7
2025-08-01,Formal Shirt,Shirts,27,60,113,1620,0,4,8
2025-08-02,Formal Shirt,Shirts,46,60,268,2760,1,5,8
2025-08-03,Formal Shirt,Shirts,32,60,236,1920,0,6,8
2025-08-04,Formal Shirt,Shirts,28,60,208,1680,0,0,8
2025-08-05,Formal Shirt,Shirts,30,60,178,1800,0,1,8
2025-08-06,Formal Shirt,Shirts,31,60,147,1860,0,2,8
2025-08-07,Formal Shirt,Shirts,29,60,118,1740,0,3,8
2025-08-08,Formal Shirt,Shirts,24,60,94,1440,0,4,8
2025-08-09,Formal Shirt,Shirts,31,60,339,1860,0,5,8
2025-08-10,Formal Shirt,Shirts,36,60,303,2160,0,6,8
2025-08-11,Formal Shirt,Shirts,31,60,272,1860,0,0,8
2025-08-12,Formal Shirt,Shirts,23,60,249,1380,0,1,8
2025-08-13,Formal Shirt,Shirts,28,60,221,1680,0,2,8
2025-08-14,Formal Shirt,Shirts,26,60,195,1560,0,3,8
2025-08-15,Formal Shirt,Shirts,30,60,165,1800,0,4,8
2025-08-16,Formal Shirt,Shirts,35,60,130,2100,0,5,8
2025-08-17,Formal Shirt,Shirts,30,60,100,1800,0,6,8
2025-08-18,Formal Shirt,Shirts,28,60,303,1680,0,0,8
2025-08-19,Formal Shirt,Shirts,32,60,271,1920,0,1,8
2025-08-20,Formal Shirt,Shirts,27,60,244,1620,0,2,8
2025-08-21,Formal Shirt,Shirts,25,60,219,1500,0,3,8
2025-08-22,Formal Shirt,Shirts,26,60,193,1560,0,4,8
2025-08-23,Formal Shirt,Shirts,33,60,160,1980,0,5,8
2025-08-24,Formal Shirt,Shirts,38,60,122,2280,0,6,8
2025-08-25,Formal Shirt,Shirts,32,60,90,1920,1,0,8
2025-08-26,Formal Shirt,Shirts,36,60,443,2160,1,1,8
2025-08-27,Formal Shirt,Shirts,38,60,405,2280,1,2,8
2025-08-28,Formal Shirt,Shirts,32,60,373,1920,0,3,8
2025-08-29,Formal Shirt,Shirts,26,60,347,1560,0,4,8
2025-08-30,Formal Shirt,Shirts,33,60,314,1980,0,5,8
2025-08-31,Formal Shirt,Shirts,35,60,279,2100,0,6,8
2025-09-01,Formal Shirt,Shirts,25,60,254,1500,0,0,9
2025-09-02,Formal Shirt,Shirts,30,60,224,1800,1,1,9
2025-09-03,Formal Shirt,Shirts,21,60,203,1260,0,2,9
2025-09-04,Formal Shirt,Shirts,27,60,176,1620,0,3,9
2025-09-05,Formal Shirt,Shirts,24,60,152,1440,0,4,9
2025-09-06,Formal Shirt,Shirts,34,60,118,2040,0,5,9
2025-09-07,Formal Shirt,Shirts,35,60,83,2100,0,6,9
2025-09-08,Formal Shirt,Shirts,18,60,411,1080,0,0,9
2025-09-09,Formal Shirt,Shirts,23,60,388,1380,0,1,9
2025-09-10,Formal Shirt,Shirts,25,60,363,1500,0,2,9
2025-09-11,Formal Shirt,Shirts,24,60,339,1440,0,3,9
2025-09-12,Formal Shirt,Shirts,30,60,309,1800,1,4,9
2025-09-13,Formal Shirt,Shirts,25,60,284,1500,0,5,9
2025-09-14,Formal Shirt,Shirts,28,60,256,1680,0,6,9
2025-09-15,Formal Shirt,Shirts,24,60,232,1440,0,0,9
2025-09-16,Formal Shirt,Shirts,25,60,207,1500,0,1,9
2025-09-17,Formal Shirt,Shirts,24,60,183,1440,0,2,9
2025-09-18,Formal Shirt,Shirts,25,60,158,1500,0,3,9
2025-09-19,Formal Shirt,Shirts,25,60,133,1500,1,4,9
2025-09-20,Formal Shirt,Shirts,29,60,104,1740,0,5,9
2025-09-21,Formal Shirt,Shirts,31,60,447,1860,0,6,9
2025-09-22,Formal Shirt,Shirts,19,60,428,1140,0,0,9
2025-09-23,Formal Shirt,Shirts,21,60,407,1260,0,1,9
2025-09-24,Formal Shirt,Shirts,25,60,382,1500,0,2,9
2025-09-25,Formal Shirt,Shirts,23,60,359,1380,0,3,9
2025-09-26,Formal Shirt,Shirts,23,60,336,1380,0,4,9
2025-09-27,Formal Shirt,Shirts,36,60,300,2160,1,5,9
2025-09-28,Formal Shirt,Shirts,30,60,270,1800,0,6,9
2025-09-29,Formal Shirt,Shirts,21,60,249,1260,0,0,9
2025-09-30,Formal Shirt,Shirts,21,60,228,1260,0,1,9
2025-10-01,Formal Shirt,Shirts,25,60,203,1500,0,2,10
2025-10-02,Formal Shirt,Shirts,15,60,188,900,0,3,10
2025-10-03,Formal Shirt,Shirts,19,60,169,1140,0,4,10
2025-10-04,Formal Shirt,Shirts,26,60,143,1560,0,5,10
2025-10-05,Formal Shirt,Shirts,31,60,112,1860,0,6,10
2025-10-06,Formal Shirt,Shirts,23,60,89,1380,0,0,10
2025-10-07,Formal Shirt,Shirts,19,60,422,1140,0,1,10
2025-10-08,Formal Shirt,Shirts,24,60,398,1440,0,2,10
2025-10-09,Formal Shirt,Shirts,21,60,377,1260,0,3,10
2025-10-10,Formal Shirt,Shirts,18,60,359,1080,0,4,10
2025-10-11,Formal Shirt,Shirts,22,60,337,1320,0,5,10
2025-10-12,Formal Shirt,Shirts,27,60,310,1620,0,6,10
2025-10-13,Formal Shirt,Shirts,26,60,284,1560,0,0,10
2025-10-14,Formal Shirt,Shirts,21,60,263,1260,0,1,10
2025-10-15,Formal Shirt,Shirts,22,60,241,1320,0,2,10
2025-10-16,Formal Shirt,Shirts,23,60,218,1380,0,3,10
2025-10-17,Formal Shirt,Shirts,26,60,192,1560,0,4,10
2025-10-18,Formal Shirt,Shirts,27,60,165,1620,0,5,10
2025-10-19,Formal Shirt,Shirts,29,60,136,1740,0,6,10
2025-10-20,Formal Shirt,Shirts,32,60,104,1920,1,0,10
2025-10-21,Formal Shirt,Shirts,18,60,86,1080,0,1,10
2025-10-22,Formal Shirt,Shirts,20,60,377,1200,0,2,10
2025-10-23,Formal Shirt,Shirts,26,60,351,1560,0,3,10
2025-10-24,Formal Shirt,Shirts,18,60,333,1080,0,4,10
2025-10-25,Formal Shirt,Shirts,28,60,305,1680,0,5,10
2025-10-26,Formal Shirt,Shirts,24,60,281,1440,0,6,10
2025-10-27,Formal Shirt,Shirts,20,60,261,1200,0,0,10
2025-10-28,Formal Shirt,Shirts,25,60,236,1500,0,1,10
2025-10-29,Formal Shirt,Shirts,23,60,213,1380,0,2,10
2025-10-30,Formal Shirt,Shirts,22,60,191,1320,0,3,10
2025-10-31,Formal Shirt,Shirts,31,60,160,1860,1,4,10
2025-11-01,Formal Shirt,Shirts,38,60,122,2280,0,5,11
2025-11-02,Formal Shirt,Shirts,48,60,446,2880,1,6,11
2025-11-03,Formal Shirt,Shirts,29,60,417,1740,0,0,11
2025-11-04,Formal Shirt,Shirts,30,60,387,1800,0,1,11
2025-11-05,Formal Shirt,Shirts,29,60,358,1740,0,2,11
2025-11-06,Formal Shirt,Shirts,34,60,324,2040,0,3,11
2025-11-07,Formal Shirt,Shirts,34,60,290,2040,0,4,11
2025-11-08,Formal Shirt,Shirts,39,60,251,2340,0,5,11
2025-11-09,Formal Shirt,Shirts,40,60,211,2400,0,6,11
2025-11-10,Formal Shirt,Shirts,29,60,182,1740,0,0,11
2025-11-11,Formal Shirt,Shirts,32,60,150,1920,0,1,11
2025-11-12,Formal Shirt,Shirts,35,60,115,2100,0,2,11
2025-11-13,Formal Shirt,Shirts,35,60,80,2100,0,3,11
2025-11-14,Formal Shirt,Shirts,36,60,382,2160,0,4,11
2025-11-15,Formal Shirt,Shirts,38,60,344,2280,0,5,11
2025-11-16,Formal Shirt,Shirts,43,60,301,2580,0,6,11
2025-11-17,Formal Shirt,Shirts,37,60,264,2220,0,0,11
2025-11-18,Formal Shirt,Shirts,29,60,235,1740,0,1,11
2025-11-19,Formal Shirt,Shirts,31,60,204,1860,0,2,11
2025-11-20,Formal Shirt,Shirts,43,60,161,2580,1,3,11
2025-11-21,Formal Shirt,Shirts,34,60,127,2040,0,4,11
2025-11-22,Formal Shirt,Shirts,46,60,81,2760,0,5,11
2025-11-23,Formal Shirt,Shirts,36,60,319,2160,0,6,11
2025-11-24,Formal Shirt,Shirts,32,60,287,1920,0,0,11
2025-11-25,Formal Shirt,Shirts,29,60,258,1740,0,1,11
2025-11-26,Formal Shirt,Shirts,31,60,227,1860,0,2,11
2025-11-27,Formal Shirt,Shirts,43,60,184,2580,1,3,11
2025-11-28,Formal Shirt,Shirts,33,60,151,1980,0,4,11
2025-11-29,Formal Shirt,Shirts,42,60,109,2520,0,5,11
2025-11-30,Formal Shirt,Shirts,50,60,429,3000,1,6,11
2025-12-01,Formal Shirt,Shirts,24,60,405,1440,0,0,12
2025-12-02,Formal Shirt,Shirts,31,60,374,1860,0,1,12
2025-12-03,Formal Shirt,Shirts,26,60,348,1560,0,2,12
2025-12-04,Formal Shirt,Shirts,32,60,316,1920,0,3,12
2025-12-05,Formal Shirt,Shirts,33,60,283,1980,0,4,12
2025-12-06,Formal Shirt,Shirts,43,60,240,2580,0,5,12
2025-12-07,Formal Shirt,Shirts,37,60,203,2220,0,6,12
2025-12-08,Formal Shirt,Shirts,31,60,172,1860,0,0,12
2025-12-09,Formal Shirt,Shirts,34,60,138,2040,0,1,12
2025-12-10,Formal Shirt,Shirts,32,60,106,1920,0,2,12
2025-12-11,Formal Shirt,Shirts,34,60,384,2040,0,3,12
2025-12-12,Formal Shirt,Shirts,35,60,349,2100,0,4,12
2025-12-13,Formal Shirt,Shirts,44,60,305,2640,0,5,12
2025-12-14,Formal Shirt,Shirts,54,60,251,3240,1,6,12
2025-12-15,Formal Shirt,Shirts,39,60,212,2340,1,0,12
2025-12-16,Formal Shirt,Shirts,29,60,183,1740,0,1,12
2025-12-17,Formal Shirt,Shirts,32,60,151,1920,0,2,12
2025-12-18,Formal Shirt,Shirts,34,60,117,2040,0,3,12
2025-12-19,Formal Shirt,Shirts,37,60,80,2220,0,4,12
2025-12-20,Formal Shirt,Shirts,41,60,263,2460,0,5,12
2025-12-21,Formal Shirt,Shirts,44,60,219,2640,0,6,12
2025-12-22,Formal Shirt,Shirts,30,60,189,1800,0,0,12
2025-12-23,Formal Shirt,Shirts,29,60,160,1740,0,1,12
2025-12-24,Formal Shirt,Shirts,26,60,134,1560,0,2,12
2025-12-25,Formal Shirt,Shirts,33,60,101,1980,0,3,12
2025-12-26,Formal Shirt,Shirts,32,60,325,1920,0,4,12
2025-12-27,Formal Shirt,Shirts,40,60,285,2400,0,5,12
2025-12-28,Formal Shirt,Shirts,52,60,233,3120,1,6,12
2025-12-29,Formal Shirt,Shirts,30,60,203,1800,0,0,12
2025-12-30,Formal Shirt,Shirts,27,60,176,1620,0,1,12
2025-12-31,Formal Shirt,Shirts,45,60,131,2700,1,2,12
